monthly_income,credit_score,rent_or_mortgage,essential_spending,discretionary_spending,risk_level,risk_band
3119.58,721.0,1501.65,1910.85,857.55,1,Medium Risk
3262.44,670.0,1603.17,3165.2,534.51,1,Medium Risk
2931.2,691.0,1097.82,1504.56,353.67,1,Medium Risk
3506.79,717.0,1155.64,1450.72,594.08,0,Low Risk
4606.87,795.0,1170.86,1000.0,556.86,0,Low Risk
4028.39,643.0,548.67,2330.01,431.04,0,Low Risk
4145.45,683.0,637.04,2860.3,443.5,1,Medium Risk
3202.37,655.0,1453.18,3526.55,602.88,2,High Risk
4765.11,715.0,1675.75,2503.65,733.67,0,Low Risk
3581.79,749.0,682.16,1691.26,464.34,0,Low Risk
3832.71,611.0,1254.48,3029.36,585.69,1,Medium Risk
2136.79,669.0,773.98,2492.21,283.44,1,Medium Risk
5462.92,670.0,1502.86,1483.81,582.65,0,Low Risk
2110.66,647.0,790.3,3236.23,309.46,2,High Risk
3507.29,739.0,1009.85,2825.21,248.39,1,Medium Risk
2098.58,620.0,868.9,1332.65,494.7,2,High Risk
3677.65,631.0,1284.68,2576.38,362.3,1,Medium Risk
1884.19,676.0,1187.56,2517.59,633.22,2,High Risk
3697.31,743.0,919.0,2177.0,516.89,1,Medium Risk
4726.33,691.0,929.73,1850.42,478.5,0,Low Risk
2911.22,631.0,1501.13,1737.44,755.99,1,Medium Risk
3972.53,759.0,1187.25,2305.04,563.8,1,Medium Risk
5136.85,694.0,943.32,2900.43,435.07,0,Low Risk
4124.22,706.0,839.09,1682.26,643.02,0,Low Risk
4622.48,661.0,903.63,1651.01,260.55,0,Low Risk
4859.63,609.0,1611.29,1921.24,186.89,0,Low Risk
5414.37,665.0,964.77,2460.65,468.01,0,Low Risk
6042.51,620.0,423.02,1975.73,383.93,0,Low Risk
4422.94,662.0,1618.9,1000.0,809.16,0,Low Risk
4012.76,617.0,489.72,1375.03,183.69,0,Low Risk
3163.61,619.0,1197.82,2389.84,220.76,1,Medium Risk
2980.36,690.0,1127.79,2709.84,96.31,1,Medium Risk
3515.99,633.0,1042.06,2536.01,482.87,1,Medium Risk
3855.03,736.0,994.3,2030.87,352.05,0,Low Risk
3725.58,771.0,834.94,1675.65,0.0,0,Low Risk
5423.61,718.0,1768.19,2287.09,546.81,0,Low Risk
5273.97,602.0,1370.0,2573.98,547.92,0,Low Risk
4276.99,731.0,866.95,2102.28,482.68,0,Low Risk
4781.39,691.0,1530.57,2368.1,119.8,0,Low Risk
4457.69,632.0,1607.09,2333.02,469.88,1,Medium Risk
3782.73,689.0,1181.67,2092.8,260.49,1,Medium Risk
3933.49,635.0,1213.39,3256.12,598.5,1,Medium Risk
4047.29,599.0,969.63,1979.19,662.09,0,Low Risk
4076.19,728.0,519.17,2970.22,482.28,0,Low Risk
4155.26,720.0,1396.85,2778.93,697.79,1,Medium Risk
1900.97,744.0,1418.73,2969.82,719.91,2,High Risk
2402.19,705.0,1762.45,2610.4,702.66,2,High Risk
3764.31,662.0,1127.83,2275.19,619.13,1,Medium Risk
3549.62,690.0,906.81,2522.92,722.47,1,Medium Risk
4722.51,655.0,936.35,1951.17,738.87,0,Low Risk
3393.56,614.0,920.01,3048.68,626.21,1,Medium Risk
4264.95,561.0,1485.3,3184.95,466.6,1,Medium Risk
3170.26,661.0,1027.2,2129.03,925.74,1,Medium Risk
4573.38,749.0,686.66,1930.96,293.81,0,Low Risk
2800.92,657.0,1787.83,2253.56,487.92,1,Medium Risk
5578.55,700.0,1051.48,2580.57,473.79,0,Low Risk
4078.42,630.0,1571.24,1158.34,784.24,0,Low Risk
4116.03,688.0,916.7,2745.38,228.4,0,Low Risk
4268.09,750.0,1076.83,2556.3,430.83,0,Low Risk
5466.77,675.0,1257.5,2010.92,555.2,0,Low Risk
3593.89,619.0,862.47,3220.52,348.61,1,Medium Risk
5216.32,695.0,1084.08,1446.48,152.69,0,Low Risk
3997.43,683.0,2614.62,2170.57,776.76,1,Medium Risk
4838.69,645.0,936.57,1931.79,470.58,0,Low Risk
3613.29,649.0,485.97,3212.17,226.87,1,Medium Risk
4055.69,764.0,860.13,1307.91,342.8,0,Low Risk
4533.65,658.0,2114.22,3362.31,870.45,1,Medium Risk
5532.8,691.0,1562.54,2136.32,545.09,0,Low Risk
5295.24,726.0,1000.74,1293.6,811.35,0,Low Risk
3705.56,692.0,1347.05,1052.47,47.46,0,Low Risk
4521.79,645.0,368.58,1731.05,187.14,0,Low Risk
3629.51,727.0,1465.63,2227.09,532.19,1,Medium Risk
2586.17,613.0,1681.8,2078.09,679.0,2,High Risk
3677.05,753.0,1441.28,2715.84,146.24,1,Medium Risk
3285.42,714.0,1121.37,1361.88,586.33,1,Medium Risk
3814.84,670.0,465.23,2462.69,537.93,0,Low Risk
2282.15,612.0,928.5,2490.75,438.09,2,High Risk
4003.62,628.0,1609.61,1000.0,525.02,0,Low Risk
4169.75,658.0,1556.05,3045.44,384.05,1,Medium Risk
4154.59,682.0,2222.8,2297.94,563.52,1,Medium Risk
5530.99,668.0,1249.45,1887.29,437.43,0,Low Risk
2249.0,681.0,1380.6,1547.2,226.64,2,High Risk
4108.07,668.0,1484.8,2157.76,400.19,0,Low Risk
3281.77,621.0,1094.01,2982.26,579.78,1,Medium Risk
3642.2,721.0,1540.2,2303.32,408.48,1,Medium Risk
3463.41,604.0,1585.15,1895.09,221.86,1,Medium Risk
4599.21,657.0,1451.61,2307.27,606.22,0,Low Risk
3375.82,661.0,1306.39,2665.28,459.21,1,Medium Risk
4023.87,740.0,851.6,2651.21,830.19,1,Medium Risk
4976.02,535.0,815.3,2214.83,346.96,0,Low Risk
3874.19,709.0,1239.34,2111.3,826.7,1,Medium Risk
3539.63,731.0,1269.19,1446.19,641.53,1,Medium Risk
2832.28,648.0,1179.15,2336.89,390.53,1,Medium Risk
3456.66,611.0,670.0,2045.01,429.48,0,Low Risk
2954.93,696.0,1902.67,2701.17,516.68,1,Medium Risk
4374.48,666.0,1375.16,2079.27,163.42,0,Low Risk
3185.98,613.0,812.36,1440.94,453.23,0,Low Risk
3150.47,753.0,1101.52,1384.25,748.25,1,Medium Risk
3797.06,690.0,1380.33,2452.58,920.17,1,Medium Risk
3152.89,754.0,642.61,1350.44,329.4,0,Low Risk
4953.73,651.0,557.02,1553.91,517.53,0,Low Risk
5299.48,636.0,1281.91,2556.54,508.35,0,Low Risk
3266.25,708.0,720.27,2656.32,407.98,1,Medium Risk
3805.09,741.0,818.8,2657.53,505.06,1,Medium Risk
4695.21,746.0,1277.59,1585.08,721.25,0,Low Risk
3062.59,691.0,1034.37,2231.37,799.8,1,Medium Risk
2567.88,663.0,1856.11,1913.29,399.37,2,High Risk
3564.15,711.0,930.95,2412.89,285.79,1,Medium Risk
3018.3,635.0,1535.2,2514.67,687.59,2,High Risk
4385.93,718.0,1307.07,2473.45,389.61,1,Medium Risk
3365.37,683.0,1455.59,2725.96,315.23,1,Medium Risk
4797.98,685.0,1231.69,2484.2,783.88,0,Low Risk
3940.12,665.0,2043.99,2089.57,347.27,1,Medium Risk
4576.18,751.0,418.92,1719.7,526.62,0,Low Risk
5111.08,698.0,660.59,2091.46,848.56,0,Low Risk
5514.81,703.0,1385.43,2559.54,450.6,0,Low Risk
3737.87,647.0,1378.12,2706.64,611.22,1,Medium Risk
2788.49,671.0,856.72,1893.97,487.03,2,High Risk
3145.16,608.0,1445.45,2165.56,778.07,1,Medium Risk
3360.3,693.0,1119.7,2093.06,887.86,1,Medium Risk
2578.18,771.0,1062.6,1991.85,449.34,1,Medium Risk
4532.96,664.0,1465.27,2385.74,366.62,0,Low Risk
6148.1,660.0,1199.77,2209.22,530.47,0,Low Risk
1947.27,669.0,1060.91,2171.38,162.89,2,High Risk
2918.58,657.0,1094.19,2141.52,342.52,1,Medium Risk
4743.64,759.0,1055.09,2888.98,338.95,0,Low Risk
2598.15,666.0,1321.52,2740.24,679.7,2,High Risk
3482.5,630.0,1423.22,2021.61,116.82,1,Medium Risk
4313.75,616.0,1846.99,2905.84,1007.33,1,Medium Risk
2413.74,728.0,1710.16,2016.58,309.67,2,High Risk
3351.95,731.0,916.09,1842.64,795.63,1,Medium Risk
4724.31,622.0,1127.59,2159.52,457.14,0,Low Risk
4744.74,734.0,1535.78,1374.36,490.81,0,Low Risk
4019.61,662.0,591.0,2248.86,373.47,0,Low Risk
3366.47,738.0,2133.36,2563.36,720.15,2,High Risk
4236.25,661.0,1059.87,2759.05,388.07,1,Medium Risk
3391.04,726.0,1914.63,1430.28,879.56,1,Medium Risk
2598.82,671.0,1055.44,1636.85,866.5,2,High Risk
3511.52,665.0,658.9,2461.02,752.48,1,Medium Risk
3735.72,674.0,1430.52,1917.47,310.85,1,Medium Risk
2829.98,695.0,1527.49,1254.88,534.4,1,Medium Risk
2249.7,644.0,1587.66,2155.4,740.21,2,High Risk
5275.13,661.0,1290.68,1907.7,284.43,0,Low Risk
5822.68,628.0,970.58,1000.0,339.71,0,Low Risk
2841.36,786.0,1259.7,1766.43,839.27,1,Medium Risk
5173.36,720.0,958.44,1000.0,799.8,0,Low Risk
3916.1,598.0,911.81,3000.99,657.48,1,Medium Risk
4870.59,643.0,1256.79,1622.42,254.78,0,Low Risk
3192.65,629.0,1639.1,2430.85,397.23,1,Medium Risk
4364.93,630.0,1535.82,2679.95,773.77,1,Medium Risk
4424.01,734.0,1040.46,1000.0,688.96,0,Low Risk
3950.61,717.0,1722.81,1725.78,348.13,1,Medium Risk
3552.09,674.0,547.59,3491.05,536.73,1,Medium Risk
3780.84,639.0,1811.64,2171.6,474.94,1,Medium Risk
4348.0,714.0,1248.21,2833.09,818.7,1,Medium Risk
4451.58,826.0,1268.71,2881.27,456.41,1,Medium Risk
4514.39,589.0,1666.56,2321.88,669.9,1,Medium Risk
4224.96,590.0,647.79,1618.49,748.45,0,Low Risk
3522.96,682.0,1237.43,1994.3,302.61,1,Medium Risk
5599.7,523.0,999.3,1000.0,547.21,0,Low Risk
4148.47,720.0,1480.44,2672.96,814.04,1,Medium Risk
5173.72,650.0,1071.56,2388.88,604.38,0,Low Risk
878.47,694.0,1729.85,1678.89,585.98,2,High Risk
5784.09,721.0,1291.04,2013.63,609.4,0,Low Risk
3598.39,652.0,1770.26,1625.5,397.14,1,Medium Risk
3751.22,672.0,583.68,1613.11,357.57,0,Low Risk
4018.19,723.0,300.0,2164.37,792.24,0,Low Risk
4405.6,667.0,1402.39,1317.03,604.26,0,Low Risk
3988.46,726.0,962.58,2494.41,98.36,0,Low Risk
2349.1,741.0,1041.19,2166.48,797.64,2,High Risk
3384.49,611.0,1226.57,1865.02,525.95,1,Medium Risk
2772.8,640.0,1254.4,1419.48,423.83,1,Medium Risk
3791.64,665.0,1586.13,2540.57,492.46,1,Medium Risk
5591.87,653.0,1334.98,3084.99,403.2,0,Low Risk
5463.62,739.0,1018.91,2560.7,842.28,0,Low Risk
5500.56,678.0,739.18,1793.33,416.96,0,Low Risk
4786.28,689.0,1074.03,3247.95,786.79,1,Medium Risk
3035.68,631.0,1335.64,1452.31,897.23,1,Medium Risk
2216.99,718.0,785.53,3829.47,498.4,2,High Risk
4581.92,680.0,1371.69,2129.07,300.61,0,Low Risk
2335.32,659.0,1172.8,2607.93,624.75,2,High Risk
4529.28,674.0,1605.25,2072.06,623.43,0,Low Risk
3107.16,675.0,300.0,1992.41,632.18,0,Low Risk
4721.11,688.0,1487.11,1726.92,632.74,0,Low Risk
3908.56,807.0,1746.55,2458.84,689.1,1,Medium Risk
4813.79,645.0,1025.64,3700.98,493.48,1,Medium Risk
3797.07,736.0,1728.14,2155.69,643.59,1,Medium Risk
4018.31,765.0,1304.51,1612.76,238.58,0,Low Risk
6187.45,676.0,612.75,2462.77,457.05,0,Low Risk
2602.7,654.0,1418.38,1778.1,236.9,1,Medium Risk
3970.71,676.0,1355.55,2311.11,852.02,1,Medium Risk
4896.1,757.0,851.91,1928.02,687.49,0,Low Risk
2149.49,662.0,904.08,1883.77,337.93,2,High Risk
4425.12,656.0,798.01,2568.6,861.52,0,Low Risk
4516.16,685.0,1362.81,1503.34,440.47,0,Low Risk
4960.36,654.0,947.18,3135.85,289.44,0,Low Risk
3579.28,578.0,982.64,2004.93,461.58,1,Medium Risk
4195.32,722.0,770.82,2207.11,504.13,0,Low Risk
3861.33,677.0,803.2,1453.05,846.35,0,Low Risk
4628.51,661.0,818.51,2398.46,910.56,0,Low Risk
4985.68,779.0,872.95,2524.21,550.23,0,Low Risk
4960.6,702.0,1697.35,2203.43,629.38,0,Low Risk
3400.45,767.0,1239.84,2362.15,798.83,1,Medium Risk
4381.57,628.0,1779.79,1807.13,953.03,1,Medium Risk
3925.11,612.0,1266.81,1566.64,529.17,0,Low Risk
2046.45,663.0,1651.71,2178.34,452.14,2,High Risk
4301.87,715.0,1060.97,1884.19,476.81,0,Low Risk
4030.27,682.0,1138.58,1579.39,647.95,0,Low Risk
4628.88,684.0,1376.24,2352.05,731.04,1,Medium Risk
4199.72,637.0,977.54,1683.32,586.17,0,Low Risk
3727.2,756.0,819.47,2389.16,233.62,1,Medium Risk
4566.2,718.0,1011.88,3050.94,298.67,1,Medium Risk
3905.58,742.0,1025.89,1854.28,775.94,0,Low Risk
4625.76,727.0,1224.58,1946.77,639.96,0,Low Risk
4153.75,680.0,1156.4,2952.92,686.32,1,Medium Risk
2929.28,769.0,1149.32,1122.05,629.97,1,Medium Risk
2378.14,609.0,1372.98,1822.37,446.63,1,Medium Risk
2932.61,714.0,955.07,2403.36,261.2,1,Medium Risk
4008.54,629.0,1646.5,2945.52,730.14,1,Medium Risk
4018.94,652.0,1007.75,2600.49,238.98,1,Medium Risk
4729.29,636.0,570.3,2161.93,286.52,0,Low Risk
4371.96,760.0,958.13,1875.97,391.69,0,Low Risk
4552.98,657.0,1729.39,2484.22,964.29,1,Medium Risk
4745.46,682.0,1237.81,1263.81,152.45,0,Low Risk
4820.37,724.0,1695.02,1714.96,211.92,0,Low Risk
5907.23,688.0,1208.49,2295.59,658.11,0,Low Risk
5196.78,704.0,361.49,2485.54,799.53,0,Low Risk
3008.33,662.0,1616.83,2332.52,528.58,1,Medium Risk
4589.2,682.0,1411.3,2528.63,666.19,0,Low Risk
4151.52,623.0,529.5,1781.24,124.82,0,Low Risk
4517.63,648.0,540.69,1599.26,680.79,0,Low Risk
3282.64,737.0,1614.83,2411.47,523.37,1,Medium Risk
5793.84,634.0,300.0,1000.0,516.09,0,Low Risk
916.04,680.0,857.33,1000.0,543.92,2,High Risk
3196.81,576.0,1166.25,1608.31,828.51,1,Medium Risk
3884.77,640.0,1713.33,2567.83,494.58,1,Medium Risk
6303.25,690.0,1114.01,1725.06,462.13,0,Low Risk
6580.84,657.0,981.29,1752.62,473.14,0,Low Risk
2303.02,663.0,1711.78,2370.78,708.84,2,High Risk
3441.61,720.0,1816.79,2155.96,538.13,1,Medium Risk
2739.6,699.0,1093.59,1717.87,187.94,1,Medium Risk
3548.86,641.0,1814.45,1818.82,538.73,1,Medium Risk
4373.16,652.0,865.02,2246.69,722.9,0,Low Risk
2884.4,707.0,924.24,2324.03,544.29,1,Medium Risk
4925.07,684.0,1082.22,1730.6,0.0,0,Low Risk
3555.98,716.0,1347.04,2967.72,717.65,1,Medium Risk
2902.45,651.0,1312.54,1964.1,637.51,1,Medium Risk
4524.43,714.0,1577.19,1860.51,506.18,0,Low Risk
3624.63,712.0,1298.37,1551.12,695.06,1,Medium Risk
4636.99,691.0,1368.84,3159.83,843.52,1,Medium Risk
3828.64,690.0,337.61,1024.55,385.35,0,Low Risk
4317.9,608.0,1808.17,1678.86,638.48,0,Low Risk
3518.17,697.0,711.26,2684.17,587.21,1,Medium Risk
4083.62,636.0,1039.35,2072.72,413.06,0,Low Risk
4455.53,720.0,1117.59,2461.61,674.34,0,Low Risk
3787.96,627.0,622.68,1233.79,443.07,0,Low Risk
3379.5,616.0,1095.54,2799.78,552.46,1,Medium Risk
4088.09,710.0,1461.19,2624.18,551.29,1,Medium Risk
6821.53,653.0,1031.42,2322.59,470.28,0,Low Risk
5869.52,763.0,865.11,2560.03,435.45,0,Low Risk
2646.33,757.0,1364.64,2621.33,624.87,2,High Risk
2979.88,700.0,1132.24,1723.53,509.17,1,Medium Risk
3914.16,648.0,1344.01,2272.18,486.96,1,Medium Risk
2476.92,598.0,1338.36,1593.15,158.12,1,Medium Risk
4036.28,781.0,1048.71,1301.27,636.08,0,Low Risk
4712.15,679.0,1193.97,2817.97,665.8,0,Low Risk
3789.06,661.0,1880.98,2842.82,577.05,1,Medium Risk
3647.49,660.0,1431.22,1165.72,648.47,0,Low Risk
5012.67,626.0,785.35,1511.97,605.61,0,Low Risk
2824.81,636.0,1712.07,2567.74,758.35,2,High Risk
3652.62,637.0,441.35,2069.21,343.91,0,Low Risk
2831.05,734.0,1196.39,2196.12,71.27,1,Medium Risk
3913.95,691.0,1460.22,1838.49,498.77,1,Medium Risk
5046.77,664.0,1391.38,2968.49,253.73,0,Low Risk
3273.03,752.0,1014.43,2604.53,465.91,1,Medium Risk
3322.09,700.0,802.1,2094.45,996.56,1,Medium Risk
3873.44,719.0,1039.99,3566.47,476.19,1,Medium Risk
4283.67,575.0,749.15,2718.95,782.71,1,Medium Risk
4741.24,769.0,1696.36,2450.71,690.65,1,Medium Risk
3561.44,765.0,872.25,2901.39,731.04,1,Medium Risk
3093.65,684.0,1750.89,1599.92,426.02,1,Medium Risk
1681.0,674.0,1570.24,1246.95,517.04,2,High Risk
4274.61,757.0,1481.57,2570.49,304.68,1,Medium Risk
3443.99,704.0,786.4,2248.27,205.16,1,Medium Risk
2990.7,651.0,420.06,1965.37,673.85,1,Medium Risk
3688.35,643.0,993.77,2005.82,612.91,1,Medium Risk
4431.8,607.0,1433.18,2509.19,774.05,1,Medium Risk
2482.74,656.0,908.01,3925.17,472.08,2,High Risk
3893.7,720.0,709.16,1463.57,666.82,0,Low Risk
4633.53,609.0,1071.79,1365.3,477.22,0,Low Risk
4343.46,699.0,1627.27,2624.58,749.1,1,Medium Risk
3214.42,748.0,873.93,2113.39,525.25,1,Medium Risk
2872.44,680.0,2165.26,2539.84,515.89,2,High Risk
2989.19,711.0,800.33,1990.34,329.38,1,Medium Risk
2402.24,639.0,1671.95,3007.72,321.86,2,High Risk
3919.48,636.0,844.06,1844.03,569.05,0,Low Risk
4850.12,703.0,889.28,2357.52,368.38,0,Low Risk
3969.26,734.0,907.71,1636.05,906.02,0,Low Risk
3390.22,717.0,765.13,2756.08,781.08,1,Medium Risk
4140.54,695.0,1370.45,2611.32,302.81,1,Medium Risk
4134.92,647.0,944.59,1858.83,194.65,0,Low Risk
3991.48,705.0,988.51,2284.59,452.17,1,Medium Risk
4700.05,671.0,1011.46,2637.38,426.9,0,Low Risk
4370.54,736.0,2088.46,1210.14,245.49,0,Low Risk
3195.59,621.0,1236.68,2209.88,666.17,1,Medium Risk
3193.45,725.0,1304.24,2727.35,126.32,1,Medium Risk
4276.42,706.0,1223.98,1798.22,584.31,0,Low Risk
3261.08,727.0,1193.31,2158.86,301.42,1,Medium Risk
4344.02,710.0,1443.29,1734.17,0.0,0,Low Risk
2981.02,722.0,1491.65,2625.12,267.46,2,High Risk
6056.93,705.0,1386.32,1000.0,569.5,0,Low Risk
2565.16,700.0,577.5,1432.31,480.12,1,Medium Risk
4371.67,682.0,1261.64,1718.06,748.92,0,Low Risk
5040.93,708.0,802.08,2329.35,516.09,0,Low Risk
2498.07,681.0,1822.25,1671.09,481.99,1,Medium Risk
3314.49,668.0,664.43,2802.85,578.38,1,Medium Risk
3804.27,638.0,1250.39,2253.05,241.23,1,Medium Risk
3942.37,718.0,1326.91,2412.97,562.32,1,Medium Risk
3509.23,674.0,1676.3,2232.27,456.32,1,Medium Risk
5186.4,633.0,1655.58,2515.57,793.91,1,Medium Risk
2162.05,626.0,1345.29,2861.31,700.72,2,High Risk
3451.67,681.0,1715.0,2657.69,128.07,1,Medium Risk
3212.02,663.0,1396.57,2301.04,748.54,1,Medium Risk
4015.48,580.0,1761.48,3905.56,0.0,1,Medium Risk
3666.66,669.0,1513.23,1910.88,874.35,1,Medium Risk
3989.76,698.0,1198.94,2510.82,525.44,1,Medium Risk
1533.84,667.0,1810.69,2636.74,763.53,2,High Risk
5395.68,673.0,300.0,1835.08,519.8,0,Low Risk
5064.66,666.0,786.12,2533.74,681.37,0,Low Risk
2556.47,636.0,878.22,1948.5,821.83,2,High Risk
1949.72,571.0,1390.28,1474.79,627.5,2,High Risk
3633.4,668.0,881.9,2490.03,379.58,1,Medium Risk
5471.78,696.0,2423.01,1802.09,542.82,0,Low Risk
4551.86,711.0,903.03,1874.79,319.13,0,Low Risk
3550.85,716.0,1311.01,2166.84,669.37,1,Medium Risk
3406.61,722.0,1505.23,2218.15,630.54,1,Medium Risk
3462.58,699.0,1040.43,2748.45,609.52,1,Medium Risk
3659.97,630.0,355.49,1755.42,347.53,0,Low Risk
3842.98,665.0,858.11,2758.48,696.81,1,Medium Risk
3223.75,655.0,1201.15,1554.8,187.17,0,Low Risk
4300.2,664.0,1226.11,2154.8,626.16,0,Low Risk
4366.82,676.0,1519.98,1740.07,281.61,0,Low Risk
3735.8,690.0,1074.66,2274.34,157.04,1,Medium Risk
3072.24,640.0,884.05,2535.46,624.75,1,Medium Risk
3742.93,643.0,761.16,1517.47,893.09,0,Low Risk
2418.64,614.0,781.41,3255.69,432.82,2,High Risk
3989.81,741.0,1401.76,2072.3,271.4,1,Medium Risk
4196.79,729.0,1820.12,1398.86,490.08,0,Low Risk
4290.13,663.0,822.24,1666.23,793.93,0,Low Risk
4150.27,681.0,955.2,2497.52,388.36,0,Low Risk
3501.21,724.0,1431.49,2467.31,645.79,1,Medium Risk
4145.43,635.0,300.0,1709.29,190.05,0,Low Risk
3421.48,715.0,1055.84,3204.29,713.98,1,Medium Risk
2695.8,646.0,1244.96,2251.77,705.95,2,High Risk
5407.44,663.0,564.47,2394.04,483.69,0,Low Risk
3799.96,680.0,1541.04,2869.47,388.87,1,Medium Risk
4895.09,599.0,1203.17,1998.58,444.77,0,Low Risk
4766.88,586.0,1658.96,2139.99,629.11,0,Low Risk
4598.12,634.0,1014.14,2447.52,349.98,0,Low Risk
4760.77,663.0,1330.08,2426.13,528.26,0,Low Risk
3635.83,626.0,978.42,1494.98,551.08,0,Low Risk
2733.02,669.0,723.41,1831.01,392.16,1,Medium Risk
3658.36,676.0,1662.03,2051.75,672.32,1,Medium Risk
4002.16,661.0,1050.45,2977.8,425.66,1,Medium Risk
3977.34,716.0,1406.41,1372.83,597.85,0,Low Risk
4254.4,680.0,1678.6,3255.65,569.76,1,Medium Risk
3361.32,772.0,1928.34,1688.85,734.27,2,High Risk
3330.45,813.0,992.91,2426.98,528.41,1,Medium Risk
2905.47,616.0,1994.25,2262.98,485.41,1,Medium Risk
3247.54,726.0,1370.43,2216.73,447.47,1,Medium Risk
5270.31,699.0,583.66,1846.67,213.12,0,Low Risk
5156.83,665.0,1375.73,3339.38,0.0,0,Low Risk
4533.02,687.0,1591.84,1914.6,617.45,0,Low Risk
3704.46,681.0,924.55,2115.76,487.78,1,Medium Risk
2461.89,672.0,775.16,1829.64,427.03,2,High Risk
3193.44,773.0,1278.43,3173.48,570.92,2,High Risk
4493.74,632.0,692.79,2016.61,310.54,0,Low Risk
5753.34,682.0,1359.53,2517.02,804.12,0,Low Risk
1118.44,578.0,1244.01,2066.33,722.05,2,High Risk
5855.6,656.0,1580.39,2031.58,475.13,0,Low Risk
4132.73,727.0,1303.56,1960.84,651.81,1,Medium Risk
4312.17,702.0,1466.19,2388.46,297.28,1,Medium Risk
4083.51,674.0,1685.53,2266.31,690.09,1,Medium Risk
3301.09,676.0,1337.76,1710.12,794.03,1,Medium Risk
3416.59,742.0,1674.74,2728.07,902.32,1,Medium Risk
3732.11,667.0,622.55,2176.01,656.08,1,Medium Risk
3787.19,687.0,1516.92,3815.58,675.69,1,Medium Risk
826.36,610.0,976.62,2937.06,681.99,2,High Risk
4037.48,607.0,787.68,2766.76,256.04,0,Low Risk
4352.97,752.0,2067.82,2622.08,755.9,1,Medium Risk
3857.32,673.0,1688.72,1551.91,540.7,1,Medium Risk
3976.54,638.0,821.07,3548.11,269.42,1,Medium Risk
2716.43,699.0,1055.94,2416.56,486.89,1,Medium Risk
4971.84,710.0,1239.05,1589.32,486.28,0,Low Risk
2598.41,636.0,1208.39,1488.14,281.92,2,High Risk
3737.62,606.0,1416.02,2560.27,0.0,1,Medium Risk
2791.22,616.0,1014.47,3095.28,337.83,1,Medium Risk
3525.79,750.0,1158.34,2490.48,653.28,1,Medium Risk
3538.65,667.0,1519.53,2739.96,396.44,1,Medium Risk
5984.12,676.0,1165.33,3573.37,16.62,0,Low Risk
4143.98,626.0,1143.66,2984.14,451.75,1,Medium Risk
3996.81,644.0,1066.21,2312.53,450.36,0,Low Risk
3925.45,700.0,886.93,3386.47,370.47,1,Medium Risk
2415.69,738.0,1355.4,1710.66,562.3,1,Medium Risk
4345.86,666.0,657.1,1893.08,438.31,0,Low Risk
3167.23,705.0,792.28,2712.07,280.84,1,Medium Risk
3667.84,636.0,1625.68,2914.63,276.96,2,High Risk
4691.35,718.0,726.94,1311.71,702.55,0,Low Risk
3408.84,676.0,1537.6,2387.99,532.18,1,Medium Risk
2382.08,679.0,1192.18,1968.53,183.1,1,Medium Risk
2672.05,623.0,1399.77,2467.85,408.37,1,Medium Risk
2968.03,653.0,1464.48,2341.66,549.79,1,Medium Risk
3190.22,639.0,1380.57,2677.86,287.75,1,Medium Risk
3764.6,653.0,930.68,2513.74,775.1,1,Medium Risk
2661.13,712.0,361.44,2987.12,556.46,1,Medium Risk
3355.81,693.0,1382.81,1112.07,704.16,1,Medium Risk
3757.85,682.0,1140.47,1996.91,604.83,1,Medium Risk
3305.48,688.0,1161.89,2408.33,294.62,1,Medium Risk
5433.69,681.0,978.44,2187.27,144.97,0,Low Risk
3993.72,660.0,1241.88,2721.92,727.98,1,Medium Risk
4456.07,781.0,756.83,2619.34,462.19,0,Low Risk
4598.81,722.0,962.91,2177.76,361.57,0,Low Risk
3967.48,650.0,1482.44,2166.14,362.88,1,Medium Risk
3710.06,756.0,928.37,1894.23,424.2,0,Low Risk
3468.29,643.0,968.91,3132.23,755.39,1,Medium Risk
1596.51,742.0,1633.35,1179.06,381.53,2,High Risk
4085.94,698.0,916.16,2321.52,700.37,1,Medium Risk
3880.74,698.0,2252.27,1554.28,705.38,1,Medium Risk
5089.88,745.0,622.6,3162.15,482.65,0,Low Risk
3669.75,643.0,1291.86,2439.15,544.49,1,Medium Risk
4190.52,695.0,1136.34,1186.27,154.0,0,Low Risk
4160.5,621.0,1219.7,2535.19,887.98,1,Medium Risk
6406.73,705.0,529.35,2451.91,750.01,0,Low Risk
3907.04,691.0,1685.33,3042.43,222.83,1,Medium Risk
3868.2,661.0,1327.69,1027.61,604.92,0,Low Risk
5263.09,684.0,1181.61,2330.05,569.14,0,Low Risk
1830.45,708.0,1143.57,2218.76,740.71,2,High Risk
4708.46,697.0,1152.65,2430.74,690.13,0,Low Risk
3568.59,675.0,922.94,3431.47,479.39,1,Medium Risk
4151.57,603.0,1871.18,3379.82,77.3,1,Medium Risk
3221.83,709.0,1416.99,2157.51,505.17,1,Medium Risk
4161.1,712.0,1146.6,2541.1,604.8,1,Medium Risk
4504.36,643.0,1066.57,1580.99,458.21,0,Low Risk
3308.17,641.0,640.55,1607.32,324.9,0,Low Risk
4172.19,725.0,849.97,2978.74,570.84,1,Medium Risk
4007.61,674.0,1014.97,1807.47,372.65,0,Low Risk
4140.4,687.0,1574.03,3507.24,769.98,1,Medium Risk
3388.47,598.0,1914.44,2185.74,856.96,1,Medium Risk
4168.96,697.0,1684.58,2063.83,435.08,1,Medium Risk
3307.47,767.0,731.88,1617.28,0.0,0,Low Risk
3968.25,747.0,1096.12,2564.27,534.71,1,Medium Risk
3333.33,580.0,1353.84,2799.71,535.82,1,Medium Risk
4174.09,754.0,959.98,1977.55,580.16,0,Low Risk
2388.2,702.0,968.27,1877.92,549.72,1,Medium Risk
4672.84,675.0,1345.52,1814.17,319.77,0,Low Risk
3565.41,666.0,964.59,2588.87,501.54,1,Medium Risk
1812.45,671.0,1314.9,2149.77,419.75,2,High Risk
3646.42,677.0,1442.03,2637.07,445.45,1,Medium Risk
6760.38,672.0,1790.89,2098.87,419.73,0,Low Risk
4919.85,668.0,1366.15,2270.6,643.24,0,Low Risk
3631.22,656.0,427.86,2057.52,305.72,0,Low Risk
3557.06,716.0,1598.93,3143.11,671.6,1,Medium Risk
5208.51,681.0,1162.37,2743.49,553.85,0,Low Risk
2562.91,718.0,1311.67,2898.74,213.1,2,High Risk
3658.63,756.0,1312.88,2973.46,637.3,1,Medium Risk
5198.04,708.0,1346.04,1966.94,428.78,0,Low Risk
4764.91,671.0,300.0,2737.54,361.91,0,Low Risk
4903.91,658.0,1067.29,1816.74,619.22,0,Low Risk
4813.44,656.0,698.64,2363.81,593.19,0,Low Risk
2402.06,635.0,964.5,2339.13,440.69,1,Medium Risk
2543.0,655.0,1461.54,1955.68,601.16,1,Medium Risk
4780.41,651.0,886.67,2805.74,149.29,0,Low Risk
4315.96,649.0,919.48,2941.26,471.14,1,Medium Risk
4288.78,662.0,561.02,3586.17,809.18,1,Medium Risk
4009.44,670.0,1660.83,3033.34,646.82,1,Medium Risk
4446.02,686.0,901.47,1584.9,414.36,0,Low Risk
1117.36,758.0,863.92,2484.06,668.95,2,High Risk
3982.86,670.0,750.68,2875.94,845.02,1,Medium Risk
3798.38,707.0,1199.55,2561.88,565.45,1,Medium Risk
3540.81,591.0,865.64,2341.85,512.78,1,Medium Risk
4559.39,724.0,1157.39,1151.96,66.84,0,Low Risk
3630.76,689.0,1142.66,1930.39,723.39,1,Medium Risk
3752.85,721.0,1675.06,2221.6,286.03,1,Medium Risk
5225.13,683.0,1671.6,2643.3,283.04,0,Low Risk
3758.86,683.0,858.29,3319.95,987.69,1,Medium Risk
1906.42,744.0,1056.33,2029.84,0.0,2,High Risk
2959.28,572.0,688.08,1668.53,450.41,0,Low Risk
2620.71,603.0,1434.93,1991.89,870.07,1,Medium Risk
2823.98,683.0,1154.06,1943.07,836.38,2,High Risk
3700.95,636.0,1756.04,2535.45,359.12,1,Medium Risk
3545.88,628.0,1864.38,2632.91,577.41,1,Medium Risk
5416.9,549.0,770.52,1868.54,308.85,0,Low Risk
4089.24,654.0,1258.71,1486.8,569.65,0,Low Risk
4492.59,624.0,1266.22,3125.72,511.39,1,Medium Risk
7283.39,755.0,1073.45,1889.32,384.64,0,Low Risk
2721.22,653.0,920.79,1587.65,153.44,1,Medium Risk
4081.92,601.0,770.57,3098.26,411.45,1,Medium Risk
3353.89,678.0,1414.77,1301.67,513.63,1,Medium Risk
5203.61,718.0,1368.46,1721.27,157.75,0,Low Risk
3120.01,743.0,532.0,3084.23,248.08,1,Medium Risk
4785.53,734.0,933.53,2306.07,647.05,0,Low Risk
4330.46,711.0,1622.41,1981.49,240.21,1,Medium Risk
3222.12,637.0,933.53,1913.58,451.63,1,Medium Risk
4223.73,679.0,593.7,2872.9,514.56,1,Medium Risk
4648.68,684.0,444.59,2343.6,417.72,0,Low Risk
4455.45,699.0,808.18,2698.94,813.31,0,Low Risk
2948.52,775.0,1034.32,3114.94,482.72,2,High Risk
4157.15,762.0,2094.96,2280.87,490.03,1,Medium Risk
5185.59,643.0,1160.43,1348.42,431.81,0,Low Risk
3612.44,665.0,828.3,1459.98,488.22,0,Low Risk
4419.39,614.0,1687.28,2300.21,363.8,0,Low Risk
3427.54,779.0,1652.2,3182.34,457.9,1,Medium Risk
4652.2,733.0,1420.29,2328.47,431.44,0,Low Risk
2568.63,698.0,1577.08,2345.79,353.64,1,Medium Risk
3851.08,684.0,719.04,2273.99,680.06,0,Low Risk
3929.27,597.0,909.16,2977.02,705.68,1,Medium Risk
4401.09,671.0,334.47,1872.22,324.2,0,Low Risk
4361.62,673.0,1097.94,2050.61,476.95,0,Low Risk
4718.26,672.0,1328.22,2435.91,808.39,1,Medium Risk
3873.5,630.0,725.83,2364.3,828.26,1,Medium Risk
5168.96,696.0,1201.44,1700.91,344.39,0,Low Risk
4470.05,701.0,867.58,1808.45,477.87,0,Low Risk
4324.87,647.0,1494.96,1426.28,870.44,0,Low Risk
5713.69,669.0,1193.12,1674.28,667.07,0,Low Risk
3271.42,687.0,1060.46,1374.72,448.33,0,Low Risk
6285.31,671.0,1805.69,3114.21,468.34,0,Low Risk
3278.96,679.0,300.0,2166.17,856.29,1,Medium Risk
3633.85,678.0,1455.86,3402.98,293.17,1,Medium Risk
4308.44,696.0,1609.43,1453.02,274.68,0,Low Risk
2766.09,708.0,1770.95,1904.82,653.56,1,Medium Risk
4031.86,724.0,1670.69,2539.89,452.69,1,Medium Risk
4800.99,724.0,1435.2,2434.47,727.52,0,Low Risk
2948.42,660.0,913.2,2711.33,561.97,1,Medium Risk
3870.98,651.0,1387.16,2711.39,893.66,1,Medium Risk
4200.26,736.0,1464.87,1871.07,311.95,0,Low Risk
1173.61,624.0,1398.66,2337.45,330.0,2,High Risk
2935.68,634.0,1230.62,3231.55,473.1,2,High Risk
3354.92,738.0,1179.35,2296.69,656.16,1,Medium Risk
4682.23,568.0,1483.89,1693.14,474.09,0,Low Risk
5169.39,653.0,1697.81,2456.74,304.84,0,Low Risk
5574.38,710.0,1335.17,2027.66,193.39,0,Low Risk
3425.75,703.0,397.19,1791.74,568.41,0,Low Risk
4331.77,733.0,785.27,2774.35,481.45,0,Low Risk
5301.95,667.0,1885.42,2359.83,663.53,0,Low Risk
6001.48,638.0,1790.7,1293.85,765.11,0,Low Risk
4360.78,742.0,300.0,2540.16,303.34,0,Low Risk
3688.43,722.0,1170.29,3187.41,147.54,1,Medium Risk
5095.78,765.0,1152.3,1812.74,223.28,0,Low Risk
3737.22,711.0,1111.01,1930.57,491.84,1,Medium Risk
5145.97,693.0,1600.01,1282.63,571.86,0,Low Risk
4401.6,657.0,1740.01,1979.82,518.78,1,Medium Risk
4336.52,673.0,738.74,2352.14,478.39,0,Low Risk
4495.95,684.0,1152.04,2441.85,450.4,0,Low Risk
6342.61,627.0,1500.98,1446.41,555.62,0,Low Risk
4476.58,719.0,1810.68,1174.88,477.34,0,Low Risk
3580.69,671.0,831.02,2080.16,249.33,1,Medium Risk
2914.83,604.0,1381.48,3093.26,248.6,1,Medium Risk
4448.12,797.0,1324.87,2917.2,877.83,1,Medium Risk
5453.26,659.0,1417.92,1760.94,575.29,0,Low Risk
4887.93,731.0,1052.61,2100.87,794.47,0,Low Risk
5058.33,614.0,1203.52,2632.08,501.6,0,Low Risk
4711.43,685.0,965.42,3129.02,416.58,0,Low Risk
3150.61,740.0,343.21,1891.48,620.8,1,Medium Risk
4902.58,632.0,1540.44,2229.85,419.11,0,Low Risk
2969.58,693.0,1844.39,2739.24,420.25,2,High Risk
2742.74,656.0,1398.78,1848.95,631.79,1,Medium Risk
3575.04,687.0,998.74,2896.27,464.22,1,Medium Risk
4774.81,663.0,1193.2,1026.24,690.97,0,Low Risk
2028.96,760.0,1498.03,1363.82,284.66,1,Medium Risk
4676.61,748.0,768.47,1000.0,473.87,0,Low Risk
3641.92,677.0,1414.52,2058.0,777.72,1,Medium Risk
3587.67,685.0,1664.67,2469.77,540.23,1,Medium Risk
2812.24,730.0,1239.89,2861.97,516.66,1,Medium Risk
4316.84,681.0,737.09,2496.76,518.73,0,Low Risk
3457.99,626.0,1874.98,1392.57,596.38,1,Medium Risk
3699.45,673.0,1371.17,2272.98,474.01,1,Medium Risk
4908.88,751.0,643.97,1608.67,480.76,0,Low Risk
4738.69,640.0,1049.49,3008.38,813.58,1,Medium Risk
4117.59,690.0,2127.93,2153.52,117.44,1,Medium Risk
4250.74,707.0,542.13,1000.0,289.02,0,Low Risk
1239.94,744.0,1534.8,2322.84,661.25,2,High Risk
4691.21,718.0,1334.23,2650.24,812.23,1,Medium Risk
2724.46,738.0,1136.53,1000.0,380.6,1,Medium Risk
3247.65,765.0,1698.37,2546.98,101.02,1,Medium Risk
3501.27,711.0,1676.58,3215.26,496.29,1,Medium Risk
5065.27,585.0,1661.15,1786.58,895.88,0,Low Risk
3830.87,649.0,1055.16,1890.72,985.9,1,Medium Risk
6575.88,712.0,1422.68,2563.99,639.52,0,Low Risk
4833.52,680.0,1301.49,3065.21,493.39,1,Medium Risk
3571.8,645.0,1101.31,2859.01,460.92,1,Medium Risk
4413.76,684.0,561.08,2332.14,182.29,0,Low Risk
3111.42,671.0,1154.63,2031.14,680.23,1,Medium Risk
2644.59,669.0,1918.38,1994.56,393.55,1,Medium Risk
3410.52,713.0,1648.22,2254.49,265.38,1,Medium Risk
4741.9,630.0,1114.07,2999.14,639.51,0,Low Risk
3854.53,677.0,1082.03,2299.9,656.06,1,Medium Risk
3766.71,700.0,642.87,2852.3,673.11,1,Medium Risk
5214.41,770.0,1219.21,2536.46,452.21,0,Low Risk
4072.72,694.0,1283.18,2802.07,181.12,1,Medium Risk
4019.7,689.0,1865.37,1068.64,593.34,0,Low Risk
3258.17,597.0,932.19,1857.09,662.83,1,Medium Risk
2768.86,702.0,300.0,2918.28,220.35,1,Medium Risk
3396.54,657.0,1302.25,2083.19,611.24,1,Medium Risk
4391.95,680.0,1179.31,3077.52,350.99,1,Medium Risk
3979.12,750.0,1308.97,2087.76,228.5,0,Low Risk
4802.64,695.0,1397.86,3001.88,460.5,1,Medium Risk
4277.12,648.0,1540.42,1572.15,378.13,0,Low Risk
4480.08,713.0,1334.49,2340.28,166.91,0,Low Risk
4504.05,654.0,713.6,2764.99,777.48,1,Medium Risk
2699.8,637.0,1698.5,2244.25,614.46,2,High Risk
3287.92,659.0,1237.32,1411.17,613.41,1,Medium Risk
2761.4,656.0,1184.58,1538.37,495.84,1,Medium Risk
5728.92,594.0,1048.07,1000.0,470.69,0,Low Risk
5818.42,597.0,1308.32,3460.6,311.56,0,Low Risk
3708.57,655.0,1151.34,1685.83,278.15,0,Low Risk
3430.78,695.0,891.75,2442.16,651.68,1,Medium Risk
3986.88,689.0,1228.4,2640.91,575.1,1,Medium Risk
4703.43,680.0,1673.28,2219.56,473.21,0,Low Risk
4109.68,597.0,1444.73,2373.5,681.89,1,Medium Risk
3713.28,760.0,1029.98,1814.41,922.4,1,Medium Risk
4367.91,700.0,1540.8,3310.91,260.15,1,Medium Risk
5846.22,704.0,785.27,2431.02,601.16,0,Low Risk
4616.13,679.0,1365.73,1866.65,468.56,0,Low Risk
3147.63,655.0,916.59,2541.13,727.47,1,Medium Risk
3925.14,807.0,1774.67,2335.37,315.38,1,Medium Risk
5516.76,730.0,1263.32,2339.71,509.61,0,Low Risk
4442.21,684.0,300.0,2285.56,539.98,0,Low Risk
3579.27,731.0,1278.99,3133.75,588.54,1,Medium Risk
2474.88,696.0,1247.33,3600.13,501.4,2,High Risk
2049.78,655.0,1697.84,3726.68,308.75,2,High Risk
3501.07,656.0,1541.38,2385.97,725.98,1,Medium Risk
4599.99,665.0,893.38,2357.19,453.34,0,Low Risk
2990.93,684.0,999.33,2627.69,684.88,1,Medium Risk
4600.92,654.0,1125.35,1536.2,527.33,0,Low Risk
4077.43,717.0,1192.83,2243.0,381.56,0,Low Risk
4482.92,720.0,1237.66,2649.77,436.62,0,Low Risk
3970.13,671.0,1398.31,2636.24,216.74,1,Medium Risk
3400.29,713.0,573.14,2655.42,476.33,1,Medium Risk
3019.64,701.0,1485.58,2303.98,630.0,1,Medium Risk
2511.69,689.0,300.0,1497.29,647.83,1,Medium Risk
2747.93,641.0,1021.34,1912.63,514.98,1,Medium Risk
3239.67,645.0,1057.01,2350.71,528.08,1,Medium Risk
4154.97,664.0,1524.79,3038.61,844.41,1,Medium Risk
3757.38,701.0,1057.37,1860.65,767.68,1,Medium Risk
5842.25,709.0,403.94,1348.8,363.81,0,Low Risk
4226.28,761.0,602.84,2348.36,705.69,0,Low Risk
4241.91,700.0,644.23,2871.61,823.05,1,Medium Risk
3360.59,678.0,1646.15,1833.94,883.94,1,Medium Risk
4397.2,649.0,1128.63,2494.39,648.2,0,Low Risk
4198.33,712.0,1293.3,1839.38,333.39,0,Low Risk
3932.59,768.0,1135.94,1811.79,311.75,0,Low Risk
2212.12,648.0,1145.58,2492.22,620.52,2,High Risk
2414.64,789.0,1459.79,2025.78,617.38,1,Medium Risk
4214.54,655.0,1293.01,2895.81,296.48,1,Medium Risk
3715.42,654.0,1254.66,2215.34,333.01,1,Medium Risk
5136.31,664.0,1501.18,3150.4,525.61,1,Medium Risk
3962.23,748.0,1290.04,1029.51,569.85,0,Low Risk
4400.31,674.0,1631.4,2141.02,455.39,1,Medium Risk
5580.52,680.0,783.34,1592.32,465.79,0,Low Risk
4917.63,596.0,1184.63,2684.61,134.81,0,Low Risk
1891.43,699.0,1393.5,2626.89,432.13,2,High Risk
5080.44,628.0,647.99,2351.38,684.2,0,Low Risk
3509.17,614.0,611.84,2625.9,934.37,1,Medium Risk
3011.78,727.0,815.69,2346.71,618.45,1,Medium Risk
3766.66,615.0,1206.94,2637.13,475.05,1,Medium Risk
3889.28,698.0,855.74,2463.0,597.04,0,Low Risk
3129.53,660.0,653.13,1099.9,457.83,0,Low Risk
3107.57,703.0,923.48,2259.41,422.45,1,Medium Risk
4763.39,743.0,532.82,2308.92,398.32,0,Low Risk
2648.79,744.0,1148.49,1935.56,287.86,1,Medium Risk
4220.47,657.0,1593.72,1395.3,719.01,0,Low Risk
3721.67,699.0,1339.14,2589.51,0.0,1,Medium Risk
3551.42,748.0,1676.37,1723.52,1155.77,1,Medium Risk
3432.58,700.0,880.24,2509.0,876.67,1,Medium Risk
3899.34,664.0,330.13,2541.93,598.49,1,Medium Risk
3808.43,629.0,762.66,2918.28,556.85,1,Medium Risk
2461.78,763.0,1558.73,2034.16,369.41,2,High Risk
4358.15,664.0,1520.21,2941.9,566.45,1,Medium Risk
2127.13,606.0,1334.1,1765.98,734.39,2,High Risk
4446.81,660.0,1608.21,2393.44,393.67,0,Low Risk
4999.71,735.0,1117.56,2016.75,346.9,0,Low Risk
2753.5,628.0,1151.16,2190.87,648.35,1,Medium Risk
3422.1,650.0,1327.58,2810.62,440.98,1,Medium Risk
3275.27,669.0,1008.79,1762.62,326.46,1,Medium Risk
4834.54,633.0,804.26,1440.51,446.5,0,Low Risk
1172.52,683.0,2262.64,1342.27,342.06,2,High Risk
4195.37,639.0,1704.67,1545.4,468.61,0,Low Risk
6429.44,743.0,811.36,1790.42,136.72,0,Low Risk
4433.49,717.0,1076.14,1757.93,956.16,0,Low Risk
4486.17,693.0,632.41,2084.99,494.15,0,Low Risk
3570.72,757.0,1185.05,2347.54,670.55,1,Medium Risk
3350.17,668.0,646.77,1749.04,694.9,0,Low Risk
3089.53,656.0,1562.75,2726.64,554.73,2,High Risk
4401.94,713.0,1234.42,2832.69,700.87,1,Medium Risk
4266.04,622.0,2251.2,2721.13,602.65,1,Medium Risk
5248.76,691.0,1252.64,1748.15,404.26,0,Low Risk
5221.41,649.0,803.89,2279.8,526.72,0,Low Risk
4048.72,603.0,1306.2,2067.6,270.61,0,Low Risk
4040.51,726.0,2360.49,1761.81,261.78,1,Medium Risk
3964.65,820.0,1707.71,1576.52,556.89,1,Medium Risk
5559.93,644.0,912.66,3885.25,875.29,1,Medium Risk
3394.48,661.0,755.62,2103.58,333.02,1,Medium Risk
2052.7,656.0,965.66,1908.68,519.04,1,Medium Risk
3812.68,708.0,1152.65,2347.32,711.01,1,Medium Risk
2949.03,664.0,1641.57,2801.16,628.23,2,High Risk
4814.9,554.0,359.29,2061.25,486.58,0,Low Risk
3291.11,674.0,1015.46,2909.5,442.54,1,Medium Risk
5261.41,571.0,1666.5,1672.65,509.47,0,Low Risk
4529.38,657.0,1070.32,1458.89,439.57,0,Low Risk
5606.25,666.0,690.7,1612.32,884.29,0,Low Risk
4274.42,545.0,645.61,2699.16,888.8,1,Medium Risk
2718.7,708.0,1578.59,3399.29,121.73,2,High Risk
3264.93,600.0,449.42,2895.48,217.68,1,Medium Risk
4257.1,781.0,1253.04,1663.98,341.25,0,Low Risk
3319.65,743.0,1414.09,1967.68,491.15,1,Medium Risk
4921.25,598.0,1462.89,2036.08,770.71,0,Low Risk
4446.87,786.0,1210.08,2935.56,435.65,1,Medium Risk
2833.25,690.0,1125.18,1815.19,395.02,1,Medium Risk
3620.95,667.0,1966.71,2528.4,587.22,1,Medium Risk
3535.77,692.0,1466.76,2538.45,223.32,1,Medium Risk
6160.82,654.0,1668.33,1888.79,522.14,0,Low Risk
4298.5,673.0,1846.04,2321.76,779.58,1,Medium Risk
3702.54,774.0,1775.24,3233.37,721.98,1,Medium Risk
3975.15,687.0,1403.79,1533.61,686.99,0,Low Risk
3529.85,660.0,1294.76,2979.87,583.51,1,Medium Risk
3641.88,688.0,701.31,1851.59,350.23,0,Low Risk
2544.3,744.0,1034.32,2600.53,416.13,2,High Risk
4907.74,601.0,937.35,3244.13,306.43,0,Low Risk
2405.42,770.0,1430.42,2002.05,339.88,1,Medium Risk
5234.17,665.0,817.47,1188.17,686.73,0,Low Risk
4775.91,601.0,1328.93,2814.52,120.68,0,Low Risk
3256.31,665.0,1251.95,2869.74,341.89,1,Medium Risk
3409.21,654.0,1166.45,1795.41,310.48,1,Medium Risk
3417.45,643.0,1811.29,1534.53,1073.03,1,Medium Risk
2004.74,738.0,1133.48,2271.55,350.94,2,High Risk
4233.57,615.0,1095.21,2943.68,650.56,1,Medium Risk
4226.7,605.0,1397.43,3032.39,556.18,1,Medium Risk
6190.28,677.0,971.23,2738.41,490.83,0,Low Risk
2401.46,745.0,1580.41,1439.96,513.74,2,High Risk
5302.86,650.0,2227.2,2842.66,91.94,1,Medium Risk
1850.88,677.0,978.4,2398.98,210.36,2,High Risk
1358.55,746.0,1164.47,1509.22,469.6,2,High Risk
4395.93,722.0,1046.93,2115.45,485.31,0,Low Risk
5389.36,596.0,1635.44,2162.79,532.95,0,Low Risk
2678.07,676.0,1304.11,3015.31,820.85,2,High Risk
5284.93,637.0,1068.35,2329.55,399.8,0,Low Risk
3998.83,647.0,989.1,1633.35,642.78,0,Low Risk
4066.0,665.0,627.25,2584.37,338.2,0,Low Risk
2318.45,653.0,1204.39,2617.33,702.33,2,High Risk
4637.24,620.0,946.59,1738.23,522.51,0,Low Risk
3826.08,724.0,1521.49,1147.55,482.85,0,Low Risk
2261.97,638.0,928.46,2814.66,878.43,2,High Risk
3257.44,710.0,1406.68,1790.8,289.98,1,Medium Risk
3802.14,708.0,1297.28,1936.03,348.63,1,Medium Risk
3937.79,547.0,1660.24,2247.93,580.09,1,Medium Risk
3741.08,631.0,769.94,2571.93,721.31,1,Medium Risk
3897.4,689.0,1382.64,3092.51,202.25,1,Medium Risk
3464.86,667.0,1112.12,2175.25,477.9,1,Medium Risk
2432.9,655.0,1213.33,2505.32,245.92,1,Medium Risk
2408.45,631.0,1968.44,2148.69,646.61,2,High Risk
3230.35,730.0,1518.64,3747.03,619.8,1,Medium Risk
2929.09,695.0,420.21,1763.02,499.56,1,Medium Risk
5506.03,628.0,1586.78,2217.91,581.59,0,Low Risk
3039.13,694.0,1801.38,1148.41,978.5,1,Medium Risk
4447.19,700.0,834.39,2825.77,444.38,0,Low Risk
3436.35,668.0,1472.01,3301.4,507.33,1,Medium Risk
4709.47,736.0,829.45,1870.61,151.66,0,Low Risk
5146.83,624.0,1549.63,1259.02,465.31,0,Low Risk
5989.19,611.0,717.67,1630.53,660.01,0,Low Risk
3570.91,659.0,841.4,3183.33,453.96,1,Medium Risk
4090.67,706.0,1659.98,2675.79,310.06,1,Medium Risk
4902.38,670.0,1657.5,3094.83,284.91,1,Medium Risk
4488.76,734.0,1135.49,2350.71,492.93,0,Low Risk
3391.57,673.0,1596.55,1518.37,244.88,1,Medium Risk
5455.2,682.0,1433.9,2009.81,917.6,0,Low Risk
3671.09,682.0,1680.64,2932.55,571.75,1,Medium Risk
4197.88,755.0,866.47,1726.36,752.76,0,Low Risk
5114.97,669.0,1284.1,1994.66,720.78,0,Low Risk
2693.57,789.0,740.56,1762.68,573.96,1,Medium Risk
4705.75,515.0,879.13,1526.11,213.2,0,Low Risk
2957.68,712.0,1761.49,3148.5,680.62,2,High Risk
4443.78,625.0,1250.63,2436.83,729.66,1,Medium Risk
4779.42,675.0,589.4,1000.0,274.69,0,Low Risk
3229.96,619.0,947.93,2553.28,701.24,1,Medium Risk
4747.29,611.0,1352.91,1000.0,351.01,0,Low Risk
4396.98,641.0,1096.73,3055.35,348.39,1,Medium Risk
2786.48,624.0,1276.32,2192.86,519.19,1,Medium Risk
5357.38,685.0,1285.23,1000.0,158.51,0,Low Risk
4172.06,645.0,999.5,1702.44,731.41,0,Low Risk
2153.93,711.0,1178.43,2687.07,271.3,2,High Risk
2911.8,667.0,1324.8,1817.3,699.62,1,Medium Risk
4372.83,722.0,1585.41,2183.74,861.98,1,Medium Risk
5147.14,584.0,1778.79,2149.51,561.94,0,Low Risk
4074.14,588.0,1006.58,3001.95,271.68,1,Medium Risk
4822.96,716.0,1638.63,1761.88,753.5,0,Low Risk
3925.88,698.0,1004.05,1062.95,170.36,0,Low Risk
4702.36,672.0,891.36,2079.3,534.94,0,Low Risk
5677.78,663.0,910.48,2441.82,843.47,0,Low Risk
3253.54,665.0,1068.5,1978.84,188.63,0,Low Risk
2817.23,642.0,796.0,1537.95,662.08,1,Medium Risk
3091.95,617.0,641.13,1866.79,415.27,1,Medium Risk
5678.52,662.0,1368.04,1495.18,114.34,0,Low Risk
4838.62,692.0,1234.96,2172.16,365.11,0,Low Risk
4287.44,647.0,521.25,2761.19,535.82,0,Low Risk
3933.04,651.0,1082.0,1000.0,801.87,0,Low Risk
3835.88,744.0,403.7,3162.9,509.11,1,Medium Risk
4703.7,597.0,1103.08,2204.13,330.48,0,Low Risk
4958.81,700.0,2217.06,2718.4,528.04,1,Medium Risk
4071.25,662.0,1464.41,2144.12,291.0,1,Medium Risk
4611.0,706.0,733.48,2056.08,0.0,0,Low Risk
4865.31,667.0,1387.64,3217.77,312.48,1,Medium Risk
2556.53,668.0,719.57,2076.98,611.6,1,Medium Risk
3898.94,649.0,946.26,1994.69,218.27,0,Low Risk
3043.73,636.0,1339.25,3281.68,625.7,2,High Risk
3108.58,626.0,1388.29,1453.54,120.81,1,Medium Risk
3583.03,670.0,1343.24,2350.72,495.67,1,Medium Risk
4380.18,555.0,1855.51,1203.55,623.74,0,Low Risk
4726.75,639.0,733.32,3379.51,434.01,0,Low Risk
4092.12,687.0,1678.29,2016.51,747.78,1,Medium Risk
4439.23,698.0,877.71,1456.06,508.62,0,Low Risk
4274.63,663.0,1208.5,1516.58,500.99,0,Low Risk
5338.27,674.0,728.0,2744.28,661.57,0,Low Risk
5505.05,637.0,897.77,1805.87,369.58,0,Low Risk
4090.24,768.0,1324.53,1292.68,403.24,0,Low Risk
4148.09,632.0,1133.75,1659.95,240.29,0,Low Risk
3540.78,727.0,1194.79,3120.46,383.33,1,Medium Risk
3344.13,610.0,1111.73,2750.07,387.0,1,Medium Risk
3879.76,744.0,1532.44,1561.96,577.82,0,Low Risk
2905.1,668.0,1426.97,2633.49,337.25,1,Medium Risk
4349.98,742.0,443.65,2523.04,644.55,0,Low Risk
4700.7,706.0,1666.02,2025.05,303.31,0,Low Risk
3687.5,642.0,1568.05,2649.46,386.97,1,Medium Risk
4287.57,724.0,657.98,1486.0,292.89,0,Low Risk
5164.49,625.0,888.95,2810.69,450.66,0,Low Risk
3366.81,694.0,1047.42,2152.75,392.11,1,Medium Risk
4549.54,580.0,678.67,2050.27,739.52,0,Low Risk
5808.44,752.0,908.81,3008.7,544.54,0,Low Risk
5057.78,650.0,464.1,1328.22,972.89,0,Low Risk
2813.46,735.0,763.96,1366.33,287.52,1,Medium Risk
7085.77,591.0,1961.03,2036.02,935.51,0,Low Risk
5779.01,771.0,1665.34,2857.63,775.79,0,Low Risk
3647.96,755.0,824.43,1910.69,661.48,0,Low Risk
4439.75,698.0,2069.28,1590.17,212.93,0,Low Risk
4180.17,668.0,1275.13,2732.29,626.95,1,Medium Risk
6093.49,634.0,782.82,1968.09,622.32,0,Low Risk
2683.18,667.0,1000.31,1752.61,439.12,1,Medium Risk
6721.85,653.0,300.0,1000.0,618.06,0,Low Risk
4316.44,754.0,1053.3,2000.56,315.19,0,Low Risk
4853.09,723.0,1231.71,2231.88,726.36,0,Low Risk
4190.03,725.0,583.36,1596.84,659.97,0,Low Risk
5303.49,678.0,1469.9,1942.42,269.75,0,Low Risk
3766.15,608.0,584.28,1398.69,518.74,0,Low Risk
2264.88,755.0,1578.99,3053.82,576.72,2,High Risk
4210.93,732.0,1665.92,1266.43,574.76,0,Low Risk
3160.51,736.0,1417.0,2829.31,562.39,1,Medium Risk
4797.88,645.0,1402.67,2961.04,369.78,0,Low Risk
3130.77,717.0,394.1,1322.39,663.17,0,Low Risk
3965.82,583.0,2116.54,3575.89,381.06,1,Medium Risk
4398.16,738.0,1338.46,2566.93,217.05,0,Low Risk
5397.7,767.0,1131.24,3020.04,90.37,0,Low Risk
2819.15,598.0,1246.98,2670.41,488.25,1,Medium Risk
5312.17,664.0,1162.07,3056.14,314.24,0,Low Risk
3999.61,621.0,1439.49,1000.0,712.33,0,Low Risk
4091.69,597.0,1222.95,1602.19,481.45,0,Low Risk
2663.41,620.0,1265.56,2906.19,331.06,2,High Risk
3353.89,650.0,1282.28,3507.66,771.26,2,High Risk
3123.1,645.0,1091.42,1614.11,482.55,1,Medium Risk
2989.32,710.0,1924.06,3179.94,251.2,1,Medium Risk
2165.57,687.0,1514.34,1691.66,538.03,1,Medium Risk
2995.55,726.0,1484.33,2129.96,452.34,1,Medium Risk
3897.53,776.0,1887.04,1954.33,683.09,1,Medium Risk
4114.49,701.0,1353.75,2550.75,235.47,1,Medium Risk
3788.81,642.0,1170.5,2952.46,595.86,1,Medium Risk
3471.8,579.0,1722.17,1999.08,348.06,1,Medium Risk
3489.98,633.0,1421.29,1885.5,911.82,1,Medium Risk
4234.68,630.0,1439.82,1356.33,335.58,0,Low Risk
6292.41,701.0,1358.01,1758.04,365.11,0,Low Risk
3208.88,742.0,903.63,2137.08,498.56,1,Medium Risk
4118.35,654.0,1431.62,2524.06,436.8,1,Medium Risk
3493.23,686.0,1174.82,1284.42,223.33,0,Low Risk
2503.18,645.0,1507.13,1663.52,531.81,1,Medium Risk
4784.25,684.0,839.45,2284.05,580.47,0,Low Risk
5721.48,732.0,1815.94,1483.51,541.63,0,Low Risk
5641.88,765.0,1199.28,2304.5,333.13,0,Low Risk
4171.99,641.0,773.68,1713.31,794.79,0,Low Risk
3585.61,782.0,1034.73,2745.99,541.55,1,Medium Risk
3688.36,734.0,954.35,2343.4,390.35,1,Medium Risk
3856.87,705.0,1718.92,2063.71,665.78,1,Medium Risk
3536.81,641.0,1473.56,1357.46,304.83,1,Medium Risk
4996.59,696.0,1198.57,1942.17,307.77,0,Low Risk
4130.8,734.0,925.43,1434.69,610.35,0,Low Risk
5428.34,647.0,1708.13,3864.58,354.18,1,Medium Risk
3061.36,751.0,950.11,1251.51,775.92,0,Low Risk
4011.29,693.0,2058.65,1889.69,327.18,1,Medium Risk
5623.07,706.0,1437.06,3169.35,691.44,0,Low Risk
3856.03,724.0,733.62,1709.08,262.19,0,Low Risk
3652.17,708.0,470.12,2139.84,438.48,0,Low Risk
4701.87,680.0,1348.23,2333.24,256.68,0,Low Risk
3792.48,610.0,754.88,2458.62,726.02,1,Medium Risk
3821.93,621.0,1274.34,2021.03,920.25,1,Medium Risk
3922.4,702.0,1398.74,2594.23,296.17,1,Medium Risk
3830.55,660.0,875.58,2239.88,533.06,1,Medium Risk
6598.46,600.0,757.78,1852.61,536.23,0,Low Risk
5028.45,699.0,1632.32,2230.73,137.8,0,Low Risk
4499.01,641.0,1815.12,1913.14,737.69,1,Medium Risk
6382.64,678.0,1178.43,2973.79,635.82,0,Low Risk
4343.69,765.0,2060.22,1909.58,346.22,1,Medium Risk
4554.87,552.0,1413.46,3483.9,342.3,1,Medium Risk
5290.5,822.0,1572.51,1981.52,601.47,0,Low Risk
2315.79,735.0,1465.42,2406.22,397.97,2,High Risk
4842.78,562.0,644.22,2598.42,143.76,0,Low Risk
4788.35,750.0,1499.56,2412.41,749.14,1,Medium Risk
3523.77,683.0,1395.36,2433.54,452.98,1,Medium Risk
3805.5,651.0,1613.14,2480.52,442.15,1,Medium Risk
4714.82,687.0,827.96,2045.86,723.16,0,Low Risk
5689.03,686.0,2092.8,1743.89,704.52,0,Low Risk
4744.36,704.0,1501.13,2347.18,515.84,0,Low Risk
3881.49,705.0,1822.98,1797.74,593.63,1,Medium Risk
2030.17,732.0,737.96,1056.51,574.5,1,Medium Risk
5221.04,747.0,867.16,2675.11,530.03,0,Low Risk
1333.75,650.0,2016.96,2186.12,553.56,2,High Risk
3496.23,630.0,946.7,2302.19,668.63,1,Medium Risk
3334.65,670.0,1191.96,2037.04,614.0,1,Medium Risk
4605.31,624.0,1657.6,3632.88,421.48,1,Medium Risk
4316.82,787.0,1771.14,1423.93,645.39,0,Low Risk
4437.88,713.0,1719.24,1430.54,465.0,0,Low Risk
6901.16,758.0,954.74,2578.2,537.04,0,Low Risk
3561.39,653.0,854.55,1962.73,756.39,1,Medium Risk
3960.08,613.0,1367.16,3145.91,422.67,1,Medium Risk
3073.53,639.0,1136.74,1938.53,548.34,1,Medium Risk
4492.58,595.0,1200.94,1672.06,758.18,0,Low Risk
4753.76,626.0,628.25,2209.95,777.66,0,Low Risk
3268.37,635.0,640.62,3018.39,402.1,1,Medium Risk
4726.02,709.0,1751.94,2093.45,771.75,1,Medium Risk
4075.23,671.0,1253.49,2281.81,552.13,1,Medium Risk
5131.05,668.0,1072.71,2036.75,507.07,0,Low Risk
4297.15,693.0,1804.21,1958.64,344.9,0,Low Risk
3454.17,680.0,1434.65,2095.8,139.03,1,Medium Risk
4859.54,711.0,637.72,2094.77,491.67,0,Low Risk
2642.03,715.0,763.44,2078.28,361.38,1,Medium Risk
3718.62,730.0,1533.8,2762.75,770.53,1,Medium Risk
3706.82,640.0,1023.57,2777.26,785.15,1,Medium Risk
3478.13,766.0,1237.79,2682.39,740.75,1,Medium Risk
2812.22,716.0,1534.98,1834.42,644.62,1,Medium Risk
4206.61,744.0,865.5,1000.0,609.39,0,Low Risk
3885.65,628.0,1475.46,3096.29,736.21,1,Medium Risk
3667.15,709.0,972.99,2469.13,706.99,1,Medium Risk
3450.7,657.0,1398.47,2232.47,430.86,1,Medium Risk
3502.85,638.0,1111.26,1580.54,406.01,0,Low Risk
3249.9,813.0,1432.23,2355.5,971.66,2,High Risk
2840.37,697.0,300.0,1823.14,601.37,1,Medium Risk
3233.77,705.0,750.21,2880.62,431.99,1,Medium Risk
2036.57,675.0,890.27,2579.49,512.93,2,High Risk
4472.59,634.0,1629.08,2216.07,560.33,0,Low Risk
4480.67,644.0,1202.74,1478.47,470.69,0,Low Risk
4660.79,642.0,1241.37,2688.15,380.99,0,Low Risk
4493.53,667.0,1481.26,2220.96,464.97,0,Low Risk
4897.24,721.0,1134.32,1645.9,482.28,0,Low Risk
6577.71,787.0,1662.06,2439.4,392.6,0,Low Risk
3717.91,692.0,1238.01,1529.86,572.42,0,Low Risk
2459.45,594.0,875.71,3561.47,639.13,2,High Risk
5296.21,725.0,1469.31,1386.12,940.39,0,Low Risk
3900.81,624.0,1256.25,2660.64,857.51,1,Medium Risk
6004.68,705.0,300.0,3097.25,548.12,0,Low Risk
5560.87,705.0,1046.96,3045.95,742.83,0,Low Risk
4093.76,694.0,1478.35,1949.62,636.04,1,Medium Risk
5904.98,657.0,1720.5,3070.53,562.83,0,Low Risk
4773.79,709.0,1806.75,2794.04,446.22,1,Medium Risk
4782.36,681.0,948.53,3331.9,679.35,1,Medium Risk
5370.44,717.0,1842.48,1463.71,450.86,0,Low Risk
5777.42,748.0,316.46,2035.34,518.21,0,Low Risk
5007.12,712.0,1044.25,1396.66,167.15,0,Low Risk
4286.35,696.0,1223.17,1712.12,585.86,0,Low Risk
5252.02,691.0,1809.63,2006.8,379.64,0,Low Risk
4099.25,668.0,1329.56,3195.98,148.88,1,Medium Risk
3213.26,674.0,1436.6,2946.01,680.08,2,High Risk
4712.63,615.0,1415.75,1814.41,460.49,0,Low Risk
4136.61,725.0,1470.46,1893.77,458.94,1,Medium Risk
4226.39,669.0,1299.61,1961.0,404.5,0,Low Risk
3297.15,763.0,1186.18,1065.44,676.79,0,Low Risk
2854.93,702.0,1072.27,1866.95,692.42,1,Medium Risk
3091.21,706.0,1726.89,2259.64,153.41,1,Medium Risk
3731.11,757.0,839.87,2945.5,370.22,1,Medium Risk
4043.8,669.0,1269.57,2803.18,487.72,1,Medium Risk
6506.77,671.0,1449.05,3135.65,660.88,0,Low Risk
1957.14,647.0,1608.24,3045.26,570.24,2,High Risk
3890.29,718.0,930.38,2062.29,455.2,0,Low Risk
3804.77,547.0,1639.38,2012.13,762.59,1,Medium Risk
3050.34,645.0,461.83,1091.55,126.12,0,Low Risk
2967.7,610.0,871.38,3095.39,374.25,1,Medium Risk
2554.47,677.0,665.78,2385.37,664.84,2,High Risk
4987.0,636.0,833.71,2808.55,462.86,0,Low Risk
3636.72,659.0,1155.45,1574.44,320.14,0,Low Risk
3500.91,738.0,481.75,2650.27,589.95,1,Medium Risk
2292.67,732.0,349.21,2527.1,441.22,1,Medium Risk
4879.06,674.0,1118.68,1945.8,880.66,0,Low Risk
4181.87,649.0,1669.32,2432.6,354.56,1,Medium Risk
2884.27,631.0,1299.85,1632.41,476.4,1,Medium Risk
3495.12,696.0,1349.68,1936.52,276.56,1,Medium Risk
4297.09,666.0,982.23,1799.55,611.27,0,Low Risk
2827.7,713.0,1227.75,1962.99,580.23,2,High Risk
5052.02,701.0,1129.16,2629.4,223.21,0,Low Risk
3817.1,740.0,1039.58,2033.35,710.1,1,Medium Risk
3275.11,711.0,1065.33,1856.35,474.3,1,Medium Risk
3998.27,713.0,1158.21,2350.64,155.41,1,Medium Risk
3173.08,658.0,1757.89,1558.51,725.91,1,Medium Risk
3845.92,665.0,1404.06,2859.74,257.64,1,Medium Risk
4139.21,706.0,1687.51,2843.36,645.42,1,Medium Risk
3469.67,682.0,311.42,1609.63,140.9,0,Low Risk
5461.23,773.0,1804.51,2285.28,599.11,0,Low Risk
3066.2,737.0,877.17,2390.33,395.3,1,Medium Risk
5312.24,741.0,1004.41,2557.78,684.86,0,Low Risk
4883.87,585.0,1934.89,2188.93,404.56,0,Low Risk
4533.63,620.0,1127.16,1804.01,672.18,0,Low Risk
5002.97,689.0,1930.57,3985.5,807.95,1,Medium Risk
5446.06,691.0,779.18,1984.99,404.45,0,Low Risk
1394.59,705.0,1047.74,2832.5,445.05,2,High Risk
3443.21,721.0,1451.83,2393.65,659.68,1,Medium Risk
2971.84,606.0,1456.88,1617.93,615.97,1,Medium Risk
3076.59,764.0,921.86,1421.09,327.61,1,Medium Risk
2999.61,643.0,1257.13,1924.92,193.82,1,Medium Risk
1649.12,645.0,2062.87,2647.16,408.32,2,High Risk
3264.57,607.0,1624.65,1000.0,423.75,1,Medium Risk
3517.89,666.0,569.37,2232.4,696.63,1,Medium Risk
2256.07,646.0,300.0,2062.59,238.23,1,Medium Risk
5969.4,631.0,1395.43,2641.31,661.0,0,Low Risk
5029.99,643.0,1047.73,2015.3,436.04,0,Low Risk
2312.95,731.0,1000.82,2156.2,120.68,1,Medium Risk
3482.26,617.0,1299.05,1000.0,304.02,0,Low Risk
3354.24,644.0,1182.78,2872.78,0.0,1,Medium Risk
3480.16,639.0,1081.34,2021.35,358.81,1,Medium Risk
3803.28,648.0,888.78,2190.84,789.93,0,Low Risk
2521.17,567.0,1076.93,1630.68,745.68,1,Medium Risk
5866.09,703.0,1630.53,2221.14,607.83,0,Low Risk
5258.99,640.0,1497.26,2415.06,770.47,0,Low Risk
4067.93,636.0,1482.5,1869.17,626.41,1,Medium Risk
3914.89,623.0,830.68,2342.96,440.37,0,Low Risk
4488.85,714.0,1126.51,1474.65,380.14,0,Low Risk
4617.04,761.0,1062.99,2818.8,421.17,0,Low Risk
4010.68,723.0,896.4,2819.13,521.11,1,Medium Risk
6619.89,722.0,1111.14,1881.06,496.0,0,Low Risk
4660.54,622.0,1437.51,1092.09,826.63,0,Low Risk
2384.25,787.0,1393.45,2437.97,803.81,2,High Risk
3286.94,779.0,1239.94,1889.4,421.16,1,Medium Risk
4244.86,587.0,1236.41,1109.36,158.55,0,Low Risk
3007.28,644.0,1489.76,1000.0,610.92,1,Medium Risk
3022.18,670.0,1526.66,1886.59,218.12,1,Medium Risk
3917.15,607.0,1298.92,2129.82,557.54,1,Medium Risk
2020.14,648.0,1151.33,1988.27,505.9,2,High Risk
4331.97,710.0,1332.97,2073.34,710.67,0,Low Risk
5027.23,654.0,1245.73,1000.0,340.38,0,Low Risk
3643.48,748.0,1428.13,1338.37,225.58,0,Low Risk
4326.45,729.0,1182.53,2351.97,818.72,1,Medium Risk
2067.72,622.0,1425.06,1666.2,320.48,1,Medium Risk
3496.37,608.0,1415.05,2028.19,268.18,1,Medium Risk
4095.6,707.0,1677.34,2565.47,317.75,1,Medium Risk
3574.03,704.0,1458.91,3090.79,57.12,1,Medium Risk
2808.94,684.0,671.01,2193.13,388.82,1,Medium Risk
2963.77,631.0,1325.53,1851.71,129.8,1,Medium Risk
2534.09,664.0,742.35,1461.85,429.81,1,Medium Risk
2746.43,674.0,465.26,1098.13,755.72,0,Low Risk
3976.21,692.0,1374.23,2494.57,682.41,1,Medium Risk
5293.22,847.0,1405.38,1226.44,480.16,0,Low Risk
4848.26,777.0,1308.16,2770.88,400.05,0,Low Risk
2878.18,656.0,1506.68,1385.69,340.74,1,Medium Risk
3067.71,666.0,1579.1,1512.35,475.02,1,Medium Risk
6707.56,699.0,1776.29,1120.12,341.93,0,Low Risk
5047.92,699.0,1128.15,2599.11,445.59,0,Low Risk
2851.45,645.0,1138.71,1246.02,550.0,1,Medium Risk
3697.69,738.0,808.21,2305.3,493.48,1,Medium Risk
3337.46,655.0,704.5,2662.82,893.65,1,Medium Risk
4633.39,658.0,1721.65,1887.72,844.85,1,Medium Risk
4073.05,615.0,772.07,2776.83,991.51,1,Medium Risk
4229.99,745.0,909.15,2998.52,181.94,1,Medium Risk
3875.22,702.0,1465.31,2802.01,736.18,1,Medium Risk
1614.72,714.0,1024.71,1868.0,682.9,2,High Risk
6471.53,688.0,1056.24,2195.39,336.47,0,Low Risk
4064.91,681.0,1864.47,2577.54,595.35,1,Medium Risk
4153.46,688.0,903.09,1630.62,733.31,0,Low Risk
4085.13,608.0,1501.33,2501.95,263.63,1,Medium Risk
3348.85,721.0,1172.87,1072.4,1020.01,1,Medium Risk
4614.66,729.0,1172.22,1825.02,398.07,0,Low Risk
3227.28,754.0,1603.41,1000.0,338.73,1,Medium Risk
4711.02,680.0,1734.54,2342.62,494.19,1,Medium Risk
4301.38,760.0,1495.34,1545.27,541.16,0,Low Risk
4766.74,743.0,1110.62,2056.48,758.13,0,Low Risk
4389.62,644.0,901.46,2265.3,404.91,0,Low Risk
4546.92,573.0,752.01,1823.65,339.82,0,Low Risk
5103.96,656.0,821.44,2626.66,520.2,0,Low Risk
4053.47,622.0,1588.74,1820.37,337.57,0,Low Risk
2997.24,675.0,1881.66,1604.62,731.41,1,Medium Risk
3379.99,696.0,1596.99,3100.23,843.21,1,Medium Risk
3083.05,695.0,1491.89,3487.11,477.98,1,Medium Risk
3363.59,765.0,804.19,1883.79,417.44,0,Low Risk
4052.79,613.0,1214.6,1458.48,523.94,0,Low Risk
4374.68,663.0,2009.45,3431.66,527.65,1,Medium Risk
3676.37,703.0,777.98,3313.32,595.16,1,Medium Risk
4695.57,715.0,1370.82,1000.0,542.15,0,Low Risk
3905.77,689.0,644.21,1881.05,377.21,0,Low Risk
5735.6,639.0,1698.23,1953.59,589.82,0,Low Risk
4430.2,657.0,1843.11,2316.95,304.14,1,Medium Risk
3313.54,607.0,720.25,2482.27,798.3,1,Medium Risk
4058.03,603.0,1484.82,2237.88,273.96,0,Low Risk
3643.13,617.0,936.37,2620.51,706.59,1,Medium Risk
2099.6,696.0,917.56,2255.84,621.52,1,Medium Risk
3494.72,663.0,907.7,2851.1,451.45,1,Medium Risk
3887.49,727.0,843.75,2002.62,285.37,0,Low Risk
3751.52,629.0,1327.49,2406.76,496.63,1,Medium Risk
5075.96,690.0,539.61,1862.87,602.5,0,Low Risk
3294.98,757.0,1498.07,2369.41,280.83,1,Medium Risk
2298.41,694.0,1752.5,2791.09,343.67,2,High Risk
4675.74,678.0,845.1,1807.27,200.81,0,Low Risk
4056.35,691.0,911.9,3160.19,571.46,1,Medium Risk
4685.76,649.0,1439.28,3227.63,394.6,1,Medium Risk
4977.35,753.0,757.51,2990.21,294.19,0,Low Risk
4273.35,608.0,1698.83,2483.29,710.46,1,Medium Risk
3494.96,789.0,971.1,2342.17,475.89,1,Medium Risk
4543.78,601.0,1787.76,3045.19,267.11,1,Medium Risk
5528.53,607.0,1112.51,1317.05,769.97,0,Low Risk
4817.76,724.0,1687.13,1719.35,504.2,0,Low Risk
3917.81,766.0,435.37,1951.02,621.19,0,Low Risk
5141.31,673.0,1273.02,1819.11,642.25,0,Low Risk
3115.15,761.0,1595.63,1935.48,576.92,1,Medium Risk
4666.89,567.0,801.39,2368.76,588.72,0,Low Risk
3248.15,655.0,957.34,2015.12,707.22,1,Medium Risk
3731.59,605.0,1135.19,2603.96,484.73,1,Medium Risk
3263.77,631.0,1190.5,3331.16,503.22,1,Medium Risk
4607.72,734.0,1130.66,1883.69,466.98,0,Low Risk
4826.8,656.0,1980.84,3618.23,289.16,1,Medium Risk
4103.19,705.0,943.08,1724.77,673.15,0,Low Risk
2663.92,583.0,1393.81,2615.43,852.41,2,High Risk
4800.06,687.0,1529.69,2345.66,666.42,1,Medium Risk
6147.71,716.0,680.1,2220.54,370.8,0,Low Risk
4385.22,635.0,1639.01,2510.28,669.24,1,Medium Risk
4204.23,726.0,613.26,2603.14,840.83,0,Low Risk
4819.52,727.0,751.67,2703.57,733.42,0,Low Risk
3710.49,705.0,1317.92,2364.33,221.77,1,Medium Risk
4088.05,657.0,1528.61,1144.4,460.52,0,Low Risk
6398.69,746.0,1711.0,2081.12,615.02,0,Low Risk
6130.53,625.0,1004.25,1544.37,535.32,0,Low Risk
3816.71,813.0,1002.12,2600.82,463.53,1,Medium Risk
4423.41,658.0,549.99,3021.31,405.98,1,Medium Risk
3706.82,631.0,2146.72,2385.13,809.9,1,Medium Risk
3054.59,674.0,1008.04,1408.08,549.39,1,Medium Risk
4231.51,706.0,923.25,2889.97,541.41,1,Medium Risk
2889.92,642.0,2000.8,1770.25,422.9,1,Medium Risk
4918.62,737.0,1080.88,2222.36,308.83,0,Low Risk
3266.03,638.0,1116.14,1947.26,353.47,1,Medium Risk
6847.04,718.0,1542.08,2737.36,656.6,0,Low Risk
4897.52,612.0,547.27,2551.0,579.2,0,Low Risk
3006.83,673.0,1703.69,1000.0,368.91,1,Medium Risk
4457.09,675.0,897.5,2305.8,984.78,0,Low Risk
3229.27,596.0,1063.16,2819.56,544.71,1,Medium Risk
4118.27,604.0,1056.86,2046.1,348.11,0,Low Risk
3814.7,605.0,648.47,2394.87,321.67,0,Low Risk
1346.96,742.0,893.39,2134.51,280.82,2,High Risk
4159.08,605.0,1430.57,2468.66,380.89,1,Medium Risk
4385.47,638.0,1713.51,2268.67,118.95,0,Low Risk
2655.04,701.0,1412.31,1821.25,839.63,1,Medium Risk
4107.0,563.0,1019.72,3147.18,475.52,1,Medium Risk
4101.85,608.0,1257.41,1900.1,233.47,0,Low Risk
5810.44,668.0,827.68,1684.84,299.1,0,Low Risk
2883.01,741.0,1478.58,1000.0,501.18,1,Medium Risk
3205.32,635.0,1271.39,2788.24,546.66,1,Medium Risk
4818.75,647.0,1632.32,1892.53,520.94,0,Low Risk
2755.45,651.0,1712.95,2331.48,576.19,2,High Risk
4459.03,741.0,1383.85,1997.35,498.84,0,Low Risk
5162.02,670.0,1573.88,2294.13,496.3,0,Low Risk
3966.3,651.0,1223.42,2375.07,725.75,1,Medium Risk
4343.65,669.0,787.34,1000.0,417.59,0,Low Risk
4248.11,669.0,1311.82,1788.89,388.82,0,Low Risk
3200.14,764.0,1427.57,2851.16,785.73,1,Medium Risk
4445.12,710.0,2070.8,1733.09,549.66,1,Medium Risk
4176.33,664.0,1529.15,1801.76,521.0,0,Low Risk
5655.8,663.0,1892.02,1983.67,349.24,0,Low Risk
6528.31,676.0,1720.68,2259.81,530.21,0,Low Risk
6768.22,715.0,971.35,2567.44,195.43,0,Low Risk
2979.52,664.0,1546.44,2016.11,152.1,1,Medium Risk
4147.24,656.0,916.7,2248.77,256.75,0,Low Risk
5065.61,698.0,1601.17,3003.61,473.78,1,Medium Risk
4502.18,668.0,300.0,1721.17,593.51,0,Low Risk
4023.22,621.0,1207.62,1698.66,658.4,0,Low Risk
4218.27,734.0,1659.82,2016.34,494.03,1,Medium Risk
3935.86,666.0,1387.53,2460.28,601.12,1,Medium Risk
3959.13,626.0,1314.05,1229.24,239.78,0,Low Risk
3810.97,592.0,1600.71,2161.35,557.61,1,Medium Risk
5005.06,654.0,1642.5,2027.77,319.65,0,Low Risk
5019.59,675.0,1564.72,2471.86,822.54,1,Medium Risk
5058.46,546.0,1341.4,1753.13,556.03,0,Low Risk
2992.75,635.0,1260.19,2769.19,828.32,2,High Risk
4506.97,710.0,1135.24,2437.89,918.27,1,Medium Risk
4174.95,635.0,887.72,2892.7,493.0,1,Medium Risk
1592.19,672.0,1338.3,1854.09,348.24,2,High Risk
4437.84,707.0,785.43,2024.0,823.63,0,Low Risk
3041.88,725.0,1465.22,2451.77,499.92,1,Medium Risk
3413.57,683.0,545.04,1209.94,362.01,0,Low Risk
3619.99,653.0,1342.33,2061.58,400.46,1,Medium Risk
3970.83,685.0,1387.79,2220.68,177.95,1,Medium Risk
4786.91,807.0,1738.27,2078.15,180.51,0,Low Risk
5019.85,688.0,1379.58,1353.04,732.69,0,Low Risk
3693.96,696.0,2153.59,3177.43,465.89,1,Medium Risk
3879.11,800.0,1300.29,2204.59,563.54,1,Medium Risk
5020.37,643.0,1875.95,1861.17,390.25,0,Low Risk
4159.49,629.0,1332.78,2990.43,337.14,1,Medium Risk
5547.65,718.0,922.7,2464.38,1111.81,0,Low Risk
3799.41,766.0,1219.16,2766.98,507.46,1,Medium Risk
2844.51,717.0,1500.44,2491.68,562.89,1,Medium Risk
3908.07,749.0,1063.44,1123.94,437.28,0,Low Risk
5263.54,663.0,1125.16,1592.53,961.46,0,Low Risk
2578.67,605.0,496.4,1408.92,108.36,0,Low Risk
3143.62,706.0,1382.2,1752.85,548.67,1,Medium Risk
4688.27,653.0,1316.32,2354.18,510.08,0,Low Risk
4263.13,649.0,1591.51,2241.85,540.5,1,Medium Risk
4600.5,660.0,875.26,2604.32,184.3,0,Low Risk
3381.06,616.0,1140.2,2091.79,430.48,1,Medium Risk
5312.2,675.0,1649.06,1265.21,636.6,0,Low Risk
4438.58,571.0,693.64,2676.6,304.97,0,Low Risk
5136.21,635.0,823.84,2388.88,473.34,0,Low Risk
4976.74,763.0,1350.82,2435.01,500.65,0,Low Risk
2400.71,667.0,735.25,2678.93,658.15,2,High Risk
3906.18,766.0,1175.32,2369.45,575.33,1,Medium Risk
3813.81,727.0,1912.27,2872.89,123.5,1,Medium Risk
3594.22,796.0,662.75,2078.56,457.41,1,Medium Risk
5428.81,721.0,697.72,1057.84,266.19,0,Low Risk
2814.78,625.0,1362.95,2198.85,544.84,1,Medium Risk
2199.15,761.0,1975.6,1268.99,428.34,2,High Risk
3920.93,648.0,1145.48,1835.41,536.71,0,Low Risk
5838.11,699.0,1597.48,1211.88,626.11,0,Low Risk
2189.55,652.0,1459.77,1000.0,919.02,1,Medium Risk
4092.78,775.0,1402.29,2090.77,490.89,1,Medium Risk
4044.89,694.0,1299.58,2483.51,408.87,1,Medium Risk
4257.04,768.0,1235.73,2414.66,627.22,1,Medium Risk
4628.7,649.0,1425.48,2824.86,597.44,1,Medium Risk
4352.82,563.0,862.82,1045.17,802.27,0,Low Risk
3370.26,651.0,1268.81,2263.54,334.91,1,Medium Risk
3501.5,718.0,300.0,2420.43,381.53,1,Medium Risk
4056.63,775.0,1015.07,2693.64,484.4,1,Medium Risk
3620.88,677.0,624.29,2728.61,361.54,1,Medium Risk
4795.36,591.0,1701.05,1569.27,390.51,0,Low Risk
4037.64,586.0,1334.68,3136.69,556.8,1,Medium Risk
4275.82,642.0,1511.58,2153.03,740.56,1,Medium Risk
3733.2,716.0,1853.5,1514.72,458.62,1,Medium Risk
5140.81,763.0,1387.71,1966.65,650.85,0,Low Risk
4445.3,710.0,1507.02,2525.25,883.33,1,Medium Risk
5532.98,683.0,1288.18,2688.19,144.92,0,Low Risk
3429.75,759.0,1145.03,2030.46,458.76,1,Medium Risk
2513.68,615.0,2410.29,1051.36,610.16,1,Medium Risk
4359.38,668.0,1140.56,2548.91,494.94,1,Medium Risk
4650.45,643.0,2026.44,1960.48,566.25,0,Low Risk
3817.12,663.0,330.13,1668.66,373.78,0,Low Risk
5730.31,593.0,788.5,2110.17,803.36,0,Low Risk
4295.32,748.0,1066.23,2830.87,284.28,1,Medium Risk
3519.24,686.0,1160.31,4073.79,279.15,1,Medium Risk
4692.73,689.0,491.09,2665.46,414.11,0,Low Risk
4067.52,695.0,1339.18,2369.63,439.88,1,Medium Risk
4526.31,634.0,1568.28,1700.11,365.54,0,Low Risk
5448.36,696.0,695.86,2770.96,826.63,0,Low Risk
6438.55,750.0,1522.19,2523.37,702.27,0,Low Risk
4832.32,670.0,1585.73,1370.3,290.22,0,Low Risk
5293.43,675.0,818.61,1712.78,349.78,0,Low Risk
2157.06,618.0,1805.61,3407.45,446.96,2,High Risk
3092.56,687.0,1976.77,1874.71,428.42,1,Medium Risk
4401.63,617.0,1843.81,1915.37,572.69,1,Medium Risk
3718.77,618.0,1272.99,2616.72,438.06,1,Medium Risk
1336.44,647.0,1504.97,2414.16,539.11,2,High Risk
5257.3,641.0,959.47,1000.0,440.41,0,Low Risk
4130.08,603.0,1086.93,1914.21,739.12,0,Low Risk
5030.32,729.0,552.83,2287.02,369.18,0,Low Risk
3759.87,674.0,983.83,2277.32,668.16,1,Medium Risk
6272.02,559.0,599.04,1811.31,228.67,0,Low Risk
5360.33,789.0,919.08,2141.49,333.7,0,Low Risk
3148.12,756.0,1760.59,1156.46,678.74,1,Medium Risk
2947.45,762.0,963.64,2171.72,661.62,1,Medium Risk
3745.31,770.0,2135.98,2655.27,211.46,1,Medium Risk
4305.48,695.0,864.77,3107.76,166.06,1,Medium Risk
4549.69,642.0,1074.17,2260.14,492.24,0,Low Risk
5195.83,740.0,1726.51,1091.92,834.28,0,Low Risk
3333.31,733.0,789.24,2706.59,397.04,1,Medium Risk
3799.28,632.0,1290.59,1578.38,706.2,1,Medium Risk
4349.92,690.0,1057.14,3214.16,207.32,1,Medium Risk
4849.85,658.0,868.58,2157.99,615.28,0,Low Risk
4641.19,712.0,1425.84,1779.59,727.34,0,Low Risk
2584.44,685.0,1367.94,2668.49,787.42,2,High Risk
2518.54,734.0,1001.96,3159.36,376.9,1,Medium Risk
4179.58,577.0,751.03,1713.25,549.34,0,Low Risk
1710.02,753.0,1365.88,1058.14,492.95,2,High Risk
5960.17,753.0,1168.9,1000.0,728.53,0,Low Risk
4528.21,693.0,1080.54,2327.45,543.1,0,Low Risk
3960.15,659.0,609.78,2978.59,483.63,1,Medium Risk
6765.29,695.0,1131.37,2108.72,283.02,0,Low Risk
5974.57,563.0,1029.17,1990.01,341.6,0,Low Risk
2662.47,608.0,899.76,1218.81,545.86,1,Medium Risk
1262.81,702.0,1019.27,3108.82,482.3,2,High Risk
3731.63,686.0,1421.51,2282.51,398.36,1,Medium Risk
4404.16,694.0,1055.89,2905.03,590.0,1,Medium Risk
2901.8,611.0,1116.58,2887.63,601.59,2,High Risk
4358.56,643.0,1052.03,1827.44,577.23,0,Low Risk
3262.49,684.0,454.4,1263.12,578.21,0,Low Risk
3261.75,712.0,379.36,1480.1,612.03,0,Low Risk
3933.14,706.0,684.91,1517.5,171.36,0,Low Risk
4565.62,715.0,761.65,2485.2,367.23,0,Low Risk
4511.73,700.0,645.91,2715.27,735.48,0,Low Risk
5455.0,654.0,1460.35,1506.27,283.01,0,Low Risk
3846.7,578.0,818.4,2924.72,479.72,1,Medium Risk
3261.17,756.0,1436.52,3038.57,603.22,2,High Risk
2585.77,744.0,1306.39,2420.97,1158.74,1,Medium Risk
2401.62,648.0,1150.76,1856.06,567.3,2,High Risk
4043.99,813.0,848.09,2863.29,650.48,1,Medium Risk
3308.49,726.0,800.99,1857.74,600.84,1,Medium Risk
3452.89,698.0,1602.26,1408.65,560.5,1,Medium Risk
3689.48,692.0,1709.34,1826.67,570.88,1,Medium Risk
4016.66,738.0,1597.87,1340.23,632.63,0,Low Risk
4306.28,635.0,1854.4,2448.59,233.19,1,Medium Risk
2968.45,686.0,955.27,2411.5,405.82,1,Medium Risk
3982.13,638.0,1024.55,3498.46,271.3,1,Medium Risk
4367.89,661.0,796.51,2727.54,174.09,0,Low Risk
1891.95,602.0,566.81,2527.03,655.84,1,Medium Risk
4396.7,664.0,1915.08,2134.84,478.19,1,Medium Risk
5549.63,595.0,1092.28,2879.58,599.47,0,Low Risk
3821.33,649.0,786.62,1864.64,374.75,0,Low Risk
4672.18,625.0,1595.89,1000.0,421.97,0,Low Risk
3524.82,662.0,1492.34,1365.41,244.44,0,Low Risk
3265.31,735.0,462.49,2356.9,535.01,1,Medium Risk
3617.24,692.0,1122.39,1407.56,390.56,0,Low Risk
6423.61,785.0,894.4,2311.22,243.86,0,Low Risk
4179.85,720.0,971.09,2240.85,363.47,0,Low Risk
4520.96,644.0,1270.13,2302.78,109.36,0,Low Risk
5897.16,661.0,992.13,2464.04,325.56,0,Low Risk
4708.68,659.0,937.73,3003.59,375.62,0,Low Risk
5083.27,678.0,805.56,2368.61,399.37,0,Low Risk
6383.05,652.0,1456.71,2419.18,623.05,0,Low Risk
5293.28,684.0,1428.2,1851.73,672.62,0,Low Risk
5447.32,745.0,662.55,2157.19,200.49,0,Low Risk
2959.45,713.0,1318.39,2282.65,887.86,1,Medium Risk
4857.69,642.0,929.51,1761.8,314.03,0,Low Risk
5499.2,698.0,1483.48,2671.26,184.18,0,Low Risk
4396.81,591.0,300.0,1334.17,240.41,0,Low Risk
4804.53,694.0,1385.96,2326.04,633.84,0,Low Risk
5459.96,660.0,1596.37,2475.26,625.71,0,Low Risk
3516.53,767.0,1357.67,2597.83,901.44,1,Medium Risk
6190.05,659.0,1074.89,2663.23,535.72,0,Low Risk
4421.9,641.0,340.32,2491.74,451.61,0,Low Risk
4045.88,697.0,1662.29,1734.18,668.2,1,Medium Risk
4126.2,582.0,1849.65,3195.34,548.47,1,Medium Risk
4281.58,757.0,1314.58,1080.79,320.58,0,Low Risk
4992.93,656.0,539.52,2016.59,540.81,0,Low Risk
4001.32,722.0,882.83,3054.47,434.63,1,Medium Risk
4437.14,662.0,1559.28,2149.62,294.92,1,Medium Risk
3152.04,756.0,990.81,2404.96,477.32,1,Medium Risk
5437.7,703.0,1591.37,2391.49,316.42,0,Low Risk
3679.44,649.0,1552.8,1488.86,564.48,1,Medium Risk
4638.91,630.0,827.44,2437.66,524.64,0,Low Risk
3152.62,658.0,904.15,3246.94,829.27,1,Medium Risk
4875.42,783.0,1053.61,2603.85,451.73,0,Low Risk
5009.67,659.0,1596.06,2164.94,235.79,0,Low Risk
2779.08,648.0,1551.81,2836.88,439.65,2,High Risk
3440.35,713.0,1038.31,2795.04,130.76,1,Medium Risk
3709.77,667.0,1578.86,2872.23,662.74,1,Medium Risk
4117.89,702.0,671.68,1035.92,556.31,0,Low Risk
4672.86,710.0,793.22,2375.34,689.73,0,Low Risk
3900.27,681.0,1472.92,3324.25,315.18,1,Medium Risk
3446.54,674.0,1344.01,1953.95,684.33,1,Medium Risk
3254.13,637.0,1167.61,2565.7,409.35,1,Medium Risk
2970.13,699.0,1376.23,2393.55,591.44,1,Medium Risk
3646.28,644.0,1565.82,2570.58,425.49,1,Medium Risk
5110.75,634.0,362.54,2425.32,766.86,0,Low Risk
4445.3,603.0,1061.05,1942.57,529.09,0,Low Risk
3250.29,640.0,1358.19,1000.0,498.21,1,Medium Risk
5215.62,592.0,1733.29,2086.98,357.73,0,Low Risk
2996.84,680.0,637.14,2052.05,438.15,1,Medium Risk
4316.94,636.0,1013.1,1522.12,438.11,0,Low Risk
4386.95,601.0,778.69,2679.71,851.41,0,Low Risk
3611.9,668.0,2005.45,2904.36,560.1,1,Medium Risk
3773.88,611.0,1034.11,1581.61,641.03,0,Low Risk
5741.66,706.0,853.71,3188.04,412.24,0,Low Risk
4399.97,713.0,1768.93,2887.04,475.47,1,Medium Risk
3422.26,658.0,878.44,2462.29,387.11,1,Medium Risk
5056.46,656.0,721.74,2065.56,260.82,0,Low Risk
5223.46,643.0,2016.03,2756.54,368.79,1,Medium Risk
4537.59,546.0,1519.75,1960.12,333.35,0,Low Risk
4937.58,644.0,848.69,1000.0,0.0,0,Low Risk
3647.02,657.0,864.83,1692.16,218.73,0,Low Risk
5266.24,652.0,1430.97,2640.58,583.3,0,Low Risk
3569.55,768.0,1323.42,1804.89,0.0,0,Low Risk
4048.41,616.0,1356.24,2346.11,597.84,1,Medium Risk
4669.49,684.0,1555.31,2247.09,253.75,0,Low Risk
3593.24,691.0,1012.76,2622.67,321.14,1,Medium Risk
4269.91,660.0,1179.84,2269.58,272.11,0,Low Risk
3348.56,638.0,1614.57,2795.62,694.54,1,Medium Risk
3343.67,709.0,843.92,3043.98,677.08,2,High Risk
4228.36,689.0,1593.07,1958.24,374.34,0,Low Risk
4279.18,712.0,1326.78,2466.17,262.68,1,Medium Risk
3954.72,668.0,1449.47,2269.55,332.3,1,Medium Risk
2439.35,542.0,1798.84,2311.88,436.87,2,High Risk
3852.59,629.0,1066.33,2446.83,677.23,1,Medium Risk
4856.47,663.0,1903.92,1791.98,680.92,0,Low Risk
3218.96,691.0,1167.34,1800.47,742.02,1,Medium Risk
3252.73,673.0,1493.27,1586.28,586.62,1,Medium Risk
2994.11,702.0,572.12,2826.99,611.57,1,Medium Risk
3482.22,686.0,1126.44,2840.04,655.06,1,Medium Risk
3458.98,695.0,1271.23,1841.82,525.11,1,Medium Risk
3234.86,677.0,999.43,2895.39,552.49,1,Medium Risk
4728.23,690.0,1622.56,1436.02,349.34,0,Low Risk
4424.62,623.0,984.47,2807.89,366.58,0,Low Risk
3816.33,764.0,1327.35,1896.12,666.92,1,Medium Risk
2821.14,670.0,1462.06,1518.0,535.98,1,Medium Risk
3479.82,620.0,920.76,2143.04,491.74,1,Medium Risk
4705.54,579.0,1470.24,2286.72,516.5,0,Low Risk
3484.28,670.0,1703.61,2959.94,342.67,1,Medium Risk
2507.51,696.0,1182.65,1273.83,533.04,1,Medium Risk
4012.58,715.0,1313.88,3054.16,720.59,1,Medium Risk
3465.62,697.0,922.92,2059.35,1014.19,1,Medium Risk
3886.0,607.0,1032.53,1541.03,255.7,0,Low Risk
4400.61,630.0,1255.79,1171.9,836.01,0,Low Risk
4174.94,658.0,1083.01,2254.85,701.53,1,Medium Risk
4169.34,647.0,758.51,2012.28,518.61,0,Low Risk
4224.13,674.0,1289.3,3220.33,633.48,1,Medium Risk
2935.39,718.0,1609.42,2734.72,264.23,1,Medium Risk
4133.59,728.0,1472.42,2705.24,132.95,1,Medium Risk
5105.01,660.0,1285.6,2109.54,782.1,0,Low Risk
3730.53,663.0,1830.5,1294.58,924.02,1,Medium Risk
4218.71,723.0,1144.58,1457.89,569.64,0,Low Risk
4577.35,688.0,1622.48,2511.53,452.9,1,Medium Risk
5422.04,742.0,1285.15,2284.72,388.92,0,Low Risk
3415.34,688.0,1223.86,2941.18,359.4,1,Medium Risk
5880.03,632.0,1452.68,1786.58,126.65,0,Low Risk
4973.72,649.0,1664.58,2231.07,372.59,0,Low Risk
4669.17,749.0,1619.31,1799.14,647.33,0,Low Risk
4815.01,662.0,1883.07,3402.08,594.44,1,Medium Risk
2486.2,634.0,300.0,3283.08,501.54,2,High Risk
2639.7,724.0,1301.22,1821.95,235.87,1,Medium Risk
4309.59,738.0,910.32,2009.16,811.17,0,Low Risk
3862.56,743.0,817.09,2240.51,419.61,1,Medium Risk
3545.01,647.0,1775.42,2406.41,497.97,1,Medium Risk
4961.34,634.0,1215.8,2206.97,480.03,0,Low Risk
4536.02,739.0,558.91,1663.02,742.77,0,Low Risk
5457.51,713.0,1112.85,2540.16,744.37,0,Low Risk
5088.75,775.0,519.93,1610.54,304.36,0,Low Risk
3688.64,664.0,1443.14,2242.48,542.26,1,Medium Risk
4707.74,689.0,1623.36,1849.32,416.49,0,Low Risk
4839.78,748.0,1310.54,3222.2,437.86,1,Medium Risk
4933.33,670.0,1577.08,2140.53,563.66,0,Low Risk
2775.55,663.0,1094.89,1639.82,337.31,1,Medium Risk
4455.87,588.0,555.77,3060.8,503.47,0,Low Risk
2864.05,690.0,1208.3,1790.0,576.75,1,Medium Risk
3675.2,679.0,1380.34,1000.0,492.36,0,Low Risk
3176.93,667.0,607.26,2993.9,222.93,1,Medium Risk
3936.88,663.0,745.2,2272.53,444.3,0,Low Risk
2928.28,651.0,1494.44,2878.17,517.99,2,High Risk
3515.59,638.0,1342.14,1243.48,704.24,0,Low Risk
3895.96,656.0,1246.88,1512.23,88.56,0,Low Risk
2669.1,752.0,1377.98,3643.11,398.49,2,High Risk
5343.85,687.0,1502.98,3263.26,193.65,0,Low Risk
4665.72,657.0,946.42,2779.61,249.23,0,Low Risk
3653.03,700.0,1513.6,2855.32,334.1,1,Medium Risk
3896.29,712.0,1652.43,2620.87,252.45,1,Medium Risk
4658.8,729.0,957.44,1903.22,761.01,0,Low Risk
4255.36,664.0,1356.43,1397.49,391.51,0,Low Risk
3591.17,791.0,505.96,3120.7,568.83,1,Medium Risk
4292.35,601.0,1068.1,2885.59,632.6,1,Medium Risk
3287.25,646.0,879.83,2543.09,553.74,1,Medium Risk
4199.02,701.0,550.84,2327.78,292.34,0,Low Risk
2643.07,709.0,550.07,2038.14,686.78,1,Medium Risk
4735.23,708.0,1809.46,2539.61,276.9,1,Medium Risk
2918.33,706.0,951.27,2772.46,427.28,1,Medium Risk
4027.77,626.0,989.12,2465.07,79.75,0,Low Risk
2199.91,654.0,1316.41,2309.29,561.79,2,High Risk
2591.91,693.0,1545.45,2355.85,250.61,2,High Risk
3427.36,587.0,1754.23,2810.04,551.35,1,Medium Risk
4511.83,626.0,1021.9,2255.28,742.36,0,Low Risk
4059.17,679.0,1259.74,2569.53,649.22,1,Medium Risk
6828.27,670.0,1361.67,2678.26,557.16,0,Low Risk
2835.01,638.0,1537.45,2420.12,366.24,1,Medium Risk
3484.11,684.0,935.74,2057.99,576.61,1,Medium Risk
4746.63,719.0,929.47,2967.46,606.81,0,Low Risk
4238.21,651.0,1398.4,1464.78,210.47,0,Low Risk
4723.75,642.0,1334.38,2139.42,176.11,0,Low Risk
4213.27,806.0,1368.35,2474.3,733.79,1,Medium Risk
5808.8,695.0,1298.59,1264.37,668.22,0,Low Risk
2050.84,713.0,1463.58,1464.26,601.34,2,High Risk
2018.66,785.0,1619.35,2902.44,536.28,2,High Risk
4775.72,640.0,659.29,2417.33,709.98,0,Low Risk
2356.49,677.0,1524.33,2078.36,822.23,2,High Risk
2833.68,648.0,1512.29,2912.98,488.99,2,High Risk
5685.03,772.0,1637.76,2444.94,787.0,0,Low Risk
5058.25,612.0,938.98,1473.88,145.29,0,Low Risk
4598.99,662.0,1101.72,2302.62,507.65,0,Low Risk
5567.2,614.0,1658.45,1646.79,612.05,0,Low Risk
3316.71,631.0,1282.22,2139.53,444.09,1,Medium Risk
3404.43,634.0,1136.65,2253.44,877.83,1,Medium Risk
5959.45,628.0,965.94,1717.86,684.76,0,Low Risk
6076.12,732.0,1154.83,2101.56,392.15,0,Low Risk
3889.62,699.0,1563.84,1535.22,583.29,0,Low Risk
3652.61,698.0,434.38,2014.31,504.77,0,Low Risk
4325.35,628.0,1549.11,1471.13,359.72,0,Low Risk
4943.74,697.0,1027.55,2128.69,376.04,0,Low Risk
3916.11,693.0,1753.47,1660.54,345.46,1,Medium Risk
4883.93,618.0,1612.56,2341.91,74.97,0,Low Risk
3548.34,646.0,939.26,3068.61,561.44,1,Medium Risk
5105.78,669.0,1112.81,1543.7,279.31,0,Low Risk
3546.93,736.0,1197.4,1095.06,862.19,1,Medium Risk
4808.93,693.0,1237.53,1605.36,589.77,0,Low Risk
3924.66,661.0,2072.27,2134.82,714.13,1,Medium Risk
3259.18,598.0,1205.0,2390.31,268.78,1,Medium Risk
4734.64,600.0,817.97,1790.37,304.5,0,Low Risk
5172.46,678.0,470.19,3244.39,689.88,0,Low Risk
4451.08,696.0,1451.58,2967.87,707.39,1,Medium Risk
3140.71,768.0,1056.16,1697.51,528.91,1,Medium Risk
5401.29,662.0,976.19,2964.37,608.78,0,Low Risk
3695.13,692.0,985.86,3034.33,358.11,1,Medium Risk
2040.71,699.0,1015.93,1746.63,672.48,2,High Risk
4620.6,682.0,1060.05,2202.72,442.1,0,Low Risk
3413.85,597.0,1411.29,1963.1,206.73,1,Medium Risk
3751.34,658.0,2048.44,2869.83,342.06,1,Medium Risk
4177.19,634.0,954.59,2386.7,748.91,0,Low Risk
5380.6,698.0,1162.02,1884.09,584.92,0,Low Risk
5234.63,715.0,300.0,2285.03,423.58,0,Low Risk
4897.55,612.0,1303.51,1888.39,573.15,0,Low Risk
3768.81,623.0,1304.07,2164.27,417.54,1,Medium Risk
5199.63,622.0,367.82,3291.13,561.73,0,Low Risk
2984.02,682.0,2041.51,3153.16,390.63,2,High Risk
3334.71,704.0,321.29,2213.47,509.19,1,Medium Risk
4357.52,626.0,1120.84,1296.92,578.55,0,Low Risk
5002.18,707.0,1507.74,1868.48,490.68,0,Low Risk
4365.03,666.0,906.64,1996.8,516.07,0,Low Risk
4640.5,691.0,1662.16,1815.42,367.52,0,Low Risk
4663.1,686.0,1347.12,1883.1,319.64,0,Low Risk
3329.59,765.0,1156.21,3205.43,585.97,2,High Risk
4775.53,626.0,869.09,1176.76,814.6,0,Low Risk
4191.84,620.0,1013.94,1731.74,333.91,0,Low Risk
2873.54,742.0,748.78,1943.02,255.54,1,Medium Risk
4213.74,692.0,1536.54,3909.92,625.52,1,Medium Risk
4579.54,691.0,1346.36,2027.21,435.2,0,Low Risk
2742.34,742.0,2048.6,1701.61,196.09,1,Medium Risk
4693.72,640.0,538.49,2233.07,960.73,0,Low Risk
5110.47,662.0,2391.34,2511.06,688.69,1,Medium Risk
3582.41,651.0,1508.79,3167.05,465.46,1,Medium Risk
4400.85,713.0,1149.27,2866.2,185.1,0,Low Risk
5125.55,755.0,1101.75,2374.19,442.83,0,Low Risk
2909.27,733.0,1283.86,3741.69,573.28,2,High Risk
3590.68,749.0,1239.14,2325.49,570.81,1,Medium Risk
4332.24,644.0,300.0,2494.98,536.34,0,Low Risk
2897.67,613.0,1448.45,1901.48,403.51,1,Medium Risk
3335.38,744.0,1621.11,1681.17,440.12,1,Medium Risk
3294.03,634.0,1346.28,2605.72,424.34,1,Medium Risk
4839.76,657.0,1084.68,1070.96,900.06,0,Low Risk
4910.43,703.0,511.58,1467.39,384.72,0,Low Risk
4185.69,636.0,1066.45,3316.95,372.64,1,Medium Risk
3996.62,702.0,1201.78,2072.35,293.25,0,Low Risk
4965.45,743.0,1513.19,1720.8,404.35,0,Low Risk
3053.5,675.0,1256.0,3514.52,69.57,2,High Risk
4921.78,684.0,1894.87,2599.17,352.17,1,Medium Risk
4645.98,751.0,1760.6,2111.14,523.78,0,Low Risk
3739.61,707.0,1643.73,2792.54,403.53,1,Medium Risk
4842.62,665.0,1276.29,1750.69,368.01,0,Low Risk
4848.42,660.0,1299.04,2530.02,606.61,0,Low Risk
4041.81,726.0,1447.43,1717.98,937.03,1,Medium Risk
1647.78,667.0,1424.42,2206.3,925.28,2,High Risk
5306.27,699.0,1411.12,2531.66,977.02,0,Low Risk
5344.28,633.0,864.91,2400.02,505.87,0,Low Risk
4607.04,726.0,1220.57,1434.77,669.5,0,Low Risk
2766.05,646.0,1360.71,2113.19,601.36,1,Medium Risk
1109.22,819.0,1038.55,2066.86,518.14,2,High Risk
3033.43,682.0,910.4,2203.19,390.15,1,Medium Risk
4882.49,619.0,1816.63,1637.07,541.66,0,Low Risk
2418.33,648.0,1183.99,2731.44,905.31,2,High Risk
3681.75,678.0,810.13,2476.24,632.4,1,Medium Risk
4298.25,629.0,1291.15,1058.61,468.41,0,Low Risk
3536.27,697.0,1484.19,1881.39,236.07,1,Medium Risk
4900.43,710.0,898.59,3137.2,702.48,0,Low Risk
4179.78,650.0,1060.51,1420.39,581.49,0,Low Risk
3308.17,637.0,1919.94,2092.01,675.62,1,Medium Risk
3655.81,740.0,919.49,2487.47,427.1,1,Medium Risk
4768.97,664.0,1543.19,1456.47,333.22,0,Low Risk
3983.3,670.0,1560.35,1000.0,638.14,0,Low Risk
4608.24,620.0,1110.61,1419.08,51.5,0,Low Risk
4400.6,728.0,1376.96,2613.22,535.63,1,Medium Risk
4161.28,534.0,858.22,2826.47,335.98,0,Low Risk
4776.77,702.0,1763.19,1000.0,606.3,0,Low Risk
2489.96,684.0,1490.2,2671.5,249.32,1,Medium Risk
4847.53,599.0,956.5,2766.37,319.31,0,Low Risk
5307.88,785.0,1288.24,2934.35,575.53,0,Low Risk
3318.71,707.0,759.78,1521.31,565.29,0,Low Risk
3884.53,617.0,1789.67,2152.77,411.34,1,Medium Risk
5962.96,734.0,894.15,1731.64,846.79,0,Low Risk
4042.72,708.0,1315.0,2203.96,511.6,1,Medium Risk
4475.73,712.0,1489.97,2384.39,677.15,1,Medium Risk
3412.32,656.0,1020.83,2762.58,327.87,1,Medium Risk
3303.22,663.0,2052.41,3227.41,504.4,1,Medium Risk
2599.55,661.0,863.18,2455.42,566.23,2,High Risk
4128.81,620.0,1728.87,1851.74,881.72,1,Medium Risk
3737.23,671.0,1420.81,2644.04,671.32,1,Medium Risk
2284.2,668.0,1288.5,1727.01,700.0,2,High Risk
3755.48,702.0,1312.42,2032.99,544.51,1,Medium Risk
4568.97,731.0,1302.44,2451.62,509.65,0,Low Risk
1763.54,695.0,1359.72,1572.16,757.33,2,High Risk
3531.89,651.0,964.84,2660.43,577.1,1,Medium Risk
3445.74,720.0,1805.71,2715.79,480.47,1,Medium Risk
2620.15,659.0,1403.57,2926.15,389.36,2,High Risk
3931.59,737.0,1483.48,3500.06,197.44,1,Medium Risk
5372.78,669.0,1012.47,2496.33,717.24,0,Low Risk
3234.55,731.0,1375.56,2873.39,371.76,1,Medium Risk
5440.42,746.0,616.1,3003.69,417.48,0,Low Risk
4484.71,713.0,945.4,2318.77,752.06,0,Low Risk
3362.56,738.0,1126.21,2588.28,487.1,1,Medium Risk
3773.76,727.0,918.15,1270.88,473.65,0,Low Risk
3574.91,641.0,1054.46,2878.42,479.37,1,Medium Risk
4866.85,825.0,1064.44,1988.59,655.74,0,Low Risk
5597.8,725.0,1378.87,2955.68,636.49,0,Low Risk
4284.37,657.0,1123.6,2690.95,565.6,1,Medium Risk
3877.85,738.0,1202.74,2056.89,603.99,1,Medium Risk
1569.56,642.0,1540.51,2317.02,372.71,2,High Risk
4920.86,749.0,1050.71,1090.99,772.19,0,Low Risk
5301.4,613.0,1381.95,2916.11,752.16,1,Medium Risk
4127.0,637.0,348.28,2167.09,598.07,0,Low Risk
3716.17,722.0,1084.37,2551.47,628.02,1,Medium Risk
4472.59,757.0,814.9,1201.72,119.54,0,Low Risk
3099.39,621.0,1179.57,1620.02,433.98,1,Medium Risk
4057.35,637.0,883.56,1918.68,539.71,0,Low Risk
5045.76,650.0,1414.57,2533.14,236.15,0,Low Risk
4321.35,730.0,2038.91,2339.96,815.99,1,Medium Risk
3564.99,716.0,1488.96,1503.92,452.95,1,Medium Risk
2892.45,729.0,656.83,1907.56,658.61,1,Medium Risk
5086.99,725.0,1261.53,2260.32,526.69,0,Low Risk
3828.6,698.0,300.0,2145.27,341.79,0,Low Risk
2439.82,667.0,1130.55,2902.04,414.44,2,High Risk
5502.74,567.0,971.14,1213.66,778.98,0,Low Risk
3800.93,655.0,1787.11,2420.79,589.95,1,Medium Risk
4345.13,556.0,1464.63,2234.88,445.35,1,Medium Risk
4319.02,750.0,1461.33,1766.05,363.63,0,Low Risk
5299.3,757.0,1022.64,2304.77,411.15,0,Low Risk
6206.68,686.0,1749.92,1968.0,578.17,0,Low Risk
5774.37,720.0,1035.16,2943.47,804.41,0,Low Risk
4808.33,684.0,1277.19,2591.46,135.1,0,Low Risk
2459.45,583.0,1228.09,2893.8,360.11,2,High Risk
5932.37,742.0,437.88,1326.26,622.29,0,Low Risk
3989.47,730.0,1445.16,1474.71,858.32,1,Medium Risk
5608.86,653.0,678.82,2137.22,398.53,0,Low Risk
2903.88,674.0,1165.54,2740.17,275.59,1,Medium Risk
4465.17,724.0,1637.94,2185.76,447.67,1,Medium Risk
4090.73,721.0,1275.52,1579.18,217.34,0,Low Risk
4009.2,728.0,1016.34,2644.73,297.52,0,Low Risk
1967.67,802.0,1943.28,2086.0,816.44,2,High Risk
4915.31,693.0,1930.17,2699.6,489.32,1,Medium Risk
4392.22,688.0,480.72,1472.63,509.32,0,Low Risk
4312.67,640.0,1072.84,3187.98,637.71,1,Medium Risk
5235.6,638.0,672.5,2977.5,470.98,0,Low Risk
4150.8,645.0,804.73,2428.28,635.91,1,Medium Risk
3883.98,578.0,1385.15,2390.49,585.99,1,Medium Risk
4289.35,725.0,991.98,3274.46,172.05,1,Medium Risk
2587.89,533.0,1245.87,2414.48,443.39,1,Medium Risk
4842.11,725.0,949.0,2870.97,488.9,0,Low Risk
3714.16,634.0,1669.49,2041.09,739.31,1,Medium Risk
3465.48,723.0,753.28,3518.15,704.15,1,Medium Risk
3298.01,654.0,2006.26,2628.05,666.64,2,High Risk
2574.9,649.0,1682.25,2482.99,405.45,2,High Risk
3609.54,642.0,1208.15,1951.36,65.08,0,Low Risk
4196.07,677.0,1615.93,1772.4,338.65,0,Low Risk
4176.41,754.0,1616.71,1049.19,606.27,0,Low Risk
3984.54,679.0,973.15,1888.25,145.23,0,Low Risk
3077.62,684.0,1261.18,2279.27,705.04,1,Medium Risk
2683.58,622.0,300.0,3254.97,256.54,1,Medium Risk
3719.15,670.0,1714.84,1079.72,531.96,1,Medium Risk
3362.89,686.0,1143.05,3136.8,332.89,1,Medium Risk
3722.49,662.0,750.69,2648.21,423.23,1,Medium Risk
3933.67,701.0,1644.56,2116.08,203.72,1,Medium Risk
4370.73,666.0,1388.1,1670.01,461.07,0,Low Risk
3540.69,659.0,1147.27,2571.65,658.15,1,Medium Risk
3817.0,633.0,1504.34,2180.73,420.69,1,Medium Risk
3229.95,628.0,1162.68,1184.36,647.72,0,Low Risk
4443.44,745.0,1309.87,3215.62,467.96,1,Medium Risk
3368.23,687.0,727.86,2288.13,588.08,1,Medium Risk
1520.17,666.0,1384.12,2501.11,304.33,2,High Risk
4167.25,668.0,1481.89,2896.32,337.55,1,Medium Risk
6335.87,620.0,1154.75,1884.42,738.65,0,Low Risk
3947.97,664.0,855.14,1320.08,711.65,0,Low Risk
3587.21,664.0,1380.23,1944.1,845.3,1,Medium Risk
4731.32,656.0,1038.04,2412.47,497.23,0,Low Risk
4096.16,654.0,1323.8,2397.42,432.5,1,Medium Risk
4878.89,672.0,1139.55,1119.4,757.55,0,Low Risk
4486.64,625.0,1374.43,2475.47,721.19,1,Medium Risk
4599.9,697.0,1987.73,1681.83,660.72,0,Low Risk
3062.79,658.0,958.89,2563.9,396.67,1,Medium Risk
5343.14,638.0,1144.61,2179.51,742.87,0,Low Risk
2521.68,703.0,1945.39,1822.51,459.74,2,High Risk
3016.72,686.0,1825.61,3208.11,707.18,2,High Risk
2645.91,633.0,1284.73,2004.75,180.92,2,High Risk
6113.33,631.0,1432.72,1748.72,403.34,0,Low Risk
4043.37,750.0,960.56,3014.02,959.91,1,Medium Risk
3739.5,686.0,1128.93,1867.51,1132.61,1,Medium Risk
3563.44,679.0,2358.42,2628.73,644.79,1,Medium Risk
5377.21,728.0,1485.74,2888.06,654.34,0,Low Risk
4862.26,655.0,1769.22,2772.01,833.07,1,Medium Risk
3915.46,652.0,1319.73,3454.97,587.58,1,Medium Risk
4503.57,645.0,1388.84,1000.0,709.61,0,Low Risk
4403.12,709.0,912.6,1876.96,477.07,0,Low Risk
3227.23,676.0,1035.85,2016.05,481.87,1,Medium Risk
7407.94,665.0,1663.48,2056.56,948.02,0,Low Risk
3997.97,639.0,1128.94,2421.35,333.82,1,Medium Risk
4290.08,629.0,335.26,1336.85,509.14,0,Low Risk
4390.52,675.0,1921.79,2447.35,651.46,1,Medium Risk
4698.3,702.0,1094.37,2206.01,608.14,0,Low Risk
5968.09,628.0,1430.64,1524.53,705.98,0,Low Risk
3055.95,683.0,1707.92,1173.67,244.48,1,Medium Risk
2813.99,719.0,927.52,1724.99,378.78,1,Medium Risk
4241.75,585.0,612.74,1629.29,133.01,0,Low Risk
4120.29,728.0,1284.47,1463.02,294.74,0,Low Risk
3650.96,657.0,1990.06,1347.37,528.56,1,Medium Risk
3970.05,706.0,1107.69,1806.79,561.13,0,Low Risk
4845.09,727.0,1198.73,1677.34,803.94,0,Low Risk
4631.16,660.0,1515.69,1364.2,279.49,0,Low Risk
4914.54,680.0,1216.87,3028.09,431.09,0,Low Risk
3874.63,718.0,1702.48,2314.92,296.01,1,Medium Risk
4823.2,684.0,1667.87,1275.9,472.96,0,Low Risk
2135.71,664.0,1005.66,3160.49,0.0,2,High Risk
3935.93,666.0,1565.65,2719.58,707.43,1,Medium Risk
2418.36,732.0,636.46,2242.03,430.75,1,Medium Risk
3090.57,701.0,1226.48,2419.58,561.77,1,Medium Risk
3583.16,689.0,1241.98,2300.71,7.49,0,Low Risk
4393.93,752.0,1178.43,2342.22,419.17,0,Low Risk
3915.09,670.0,1418.09,3498.82,622.53,1,Medium Risk
3866.1,747.0,1082.27,1967.62,319.87,1,Medium Risk
3898.21,744.0,1161.74,2125.05,423.46,1,Medium Risk
2307.32,660.0,1999.95,1967.33,468.83,1,Medium Risk
3740.2,708.0,1521.5,2196.72,540.78,1,Medium Risk
4462.25,719.0,1241.8,1000.0,215.77,0,Low Risk
3837.53,713.0,822.84,1901.04,740.68,0,Low Risk
3618.52,628.0,1811.99,2406.85,107.12,1,Medium Risk
3965.61,712.0,801.22,1768.1,257.14,0,Low Risk
2571.2,701.0,1284.45,1638.63,729.18,1,Medium Risk
5355.14,617.0,1172.09,2267.19,311.56,0,Low Risk
3672.37,676.0,1653.78,1000.0,550.74,0,Low Risk
4202.08,663.0,1242.09,2044.31,602.42,0,Low Risk
2656.36,693.0,1667.17,1709.68,526.27,1,Medium Risk
3142.27,691.0,356.25,1947.45,292.66,1,Medium Risk
3614.02,766.0,1470.3,4245.9,637.82,1,Medium Risk
2779.88,703.0,300.0,2107.03,177.98,1,Medium Risk
4901.9,702.0,1336.84,2317.35,397.56,0,Low Risk
5524.03,694.0,2146.0,2229.71,606.53,0,Low Risk
3254.2,602.0,1299.95,1921.14,477.01,1,Medium Risk
3649.63,595.0,1172.35,1000.0,439.21,0,Low Risk
2884.93,719.0,1753.49,2479.87,840.95,2,High Risk
4103.22,649.0,1442.99,1366.01,351.47,0,Low Risk
4768.91,741.0,1376.58,1137.22,710.79,0,Low Risk
3181.97,807.0,1290.06,1000.0,663.21,1,Medium Risk
4551.4,639.0,1359.26,1996.04,488.86,0,Low Risk
3435.79,752.0,1129.81,1991.48,154.07,1,Medium Risk
4064.85,622.0,959.12,1825.0,670.31,0,Low Risk
3337.68,708.0,1200.3,2319.7,439.11,1,Medium Risk
3374.92,677.0,1521.3,2245.69,456.4,1,Medium Risk
5648.53,721.0,1671.27,2644.91,551.62,0,Low Risk
5018.91,629.0,1529.72,3039.23,562.41,1,Medium Risk
3459.71,674.0,850.78,2412.54,439.2,1,Medium Risk
6256.88,634.0,982.62,1759.63,710.08,0,Low Risk
5411.25,728.0,2025.0,2285.16,444.74,0,Low Risk
1818.94,686.0,1432.9,2342.52,295.75,2,High Risk
5174.97,686.0,1461.15,3113.47,460.93,0,Low Risk
2473.08,615.0,1091.69,1550.85,619.72,1,Medium Risk
5640.42,692.0,833.25,2198.75,582.11,0,Low Risk
3900.79,716.0,1344.26,1270.7,491.3,0,Low Risk
4044.47,740.0,1094.21,1753.23,317.81,0,Low Risk
3441.08,668.0,1275.9,2597.37,193.29,1,Medium Risk
3310.43,670.0,1616.7,1988.78,287.87,1,Medium Risk
4449.06,649.0,1451.3,1430.24,330.64,0,Low Risk
4979.17,707.0,1063.24,1123.95,601.34,0,Low Risk
2223.77,602.0,1048.17,2465.43,662.48,2,High Risk
3784.07,703.0,1633.96,3712.09,529.71,2,High Risk
4544.68,671.0,1030.8,1646.0,301.9,0,Low Risk
2597.03,772.0,1209.59,2011.39,525.81,1,Medium Risk
2557.58,685.0,1127.09,2443.87,647.54,2,High Risk
2943.7,703.0,1104.56,1648.02,925.69,1,Medium Risk
2018.05,747.0,1009.84,2116.14,745.89,2,High Risk
1269.43,720.0,1210.15,2666.9,531.18,2,High Risk
5850.03,640.0,1292.33,2139.14,268.55,0,Low Risk
3195.04,655.0,1056.35,1861.17,277.54,1,Medium Risk
3535.09,657.0,951.21,2341.1,351.95,1,Medium Risk
4883.1,702.0,1324.95,2411.39,496.18,0,Low Risk
2723.47,726.0,1990.13,2159.88,536.18,2,High Risk
3857.32,665.0,971.23,1547.33,474.4,0,Low Risk
1762.91,719.0,467.95,2694.49,471.16,2,High Risk
4595.14,634.0,1568.42,3700.56,1049.52,1,Medium Risk
4139.34,687.0,1460.32,1940.04,212.06,0,Low Risk
4572.35,730.0,1227.6,3333.4,422.44,1,Medium Risk
5238.6,714.0,1343.61,2024.95,360.5,0,Low Risk
3818.35,741.0,1649.89,2039.84,802.26,1,Medium Risk
4353.8,707.0,504.54,2377.79,849.96,0,Low Risk
4033.62,670.0,991.98,2860.72,364.46,1,Medium Risk
3698.63,706.0,1432.05,2378.68,449.06,1,Medium Risk
4272.22,675.0,1050.93,1334.51,392.68,0,Low Risk
5191.39,716.0,1178.63,1980.08,625.61,0,Low Risk
4223.84,663.0,1194.29,2450.63,290.59,0,Low Risk
3415.3,623.0,1671.98,1906.64,435.12,1,Medium Risk
3085.25,657.0,1940.54,1373.17,472.1,1,Medium Risk
4573.19,642.0,1979.87,2505.42,389.18,1,Medium Risk
2675.59,679.0,1496.01,1759.86,248.63,1,Medium Risk
2206.67,659.0,748.39,1114.99,89.76,1,Medium Risk
4274.77,607.0,1331.74,2285.4,822.67,1,Medium Risk
3072.97,647.0,318.67,2250.85,524.66,1,Medium Risk
3708.16,644.0,1372.48,1660.45,557.38,1,Medium Risk
4226.82,656.0,1049.13,2126.5,91.09,0,Low Risk
3100.33,681.0,1061.58,1935.92,598.01,1,Medium Risk
4236.99,692.0,802.95,2626.31,441.42,0,Low Risk
2922.2,612.0,941.17,2203.48,649.32,1,Medium Risk
4263.67,660.0,892.52,2295.86,129.6,0,Low Risk
3458.05,636.0,300.0,2930.05,735.6,1,Medium Risk
5396.13,604.0,593.82,2880.23,391.64,0,Low Risk
4949.43,764.0,1263.84,1758.4,119.86,0,Low Risk
4403.65,696.0,1471.68,2528.88,629.58,1,Medium Risk
3335.29,686.0,2096.34,2007.5,522.07,1,Medium Risk
3396.12,651.0,1897.05,1845.56,253.96,1,Medium Risk
4066.63,666.0,1573.09,2540.26,401.36,1,Medium Risk
2558.08,798.0,1459.11,2812.71,315.86,2,High Risk
3762.0,668.0,782.06,3012.81,318.21,1,Medium Risk
3570.21,691.0,1320.75,1484.72,649.85,1,Medium Risk
3419.02,800.0,1614.9,2286.08,606.16,1,Medium Risk
5262.83,810.0,1026.95,2734.46,575.95,0,Low Risk
3854.89,719.0,1086.19,1740.0,753.26,0,Low Risk
4729.02,716.0,300.0,2694.59,420.68,0,Low Risk
3654.53,560.0,1652.22,3528.84,1107.33,1,Medium Risk
4176.06,701.0,2600.26,1775.58,246.48,1,Medium Risk
3102.43,694.0,902.95,2765.77,373.02,1,Medium Risk
4387.46,678.0,1227.05,2376.36,418.04,1,Medium Risk
4754.98,633.0,1645.7,2177.99,580.17,0,Low Risk
5579.55,622.0,302.28,1714.04,349.68,0,Low Risk
4648.23,634.0,1771.82,1308.18,627.91,0,Low Risk
2880.75,700.0,1620.44,1910.13,630.94,1,Medium Risk
2052.62,673.0,1934.23,3016.01,349.66,2,High Risk
5496.62,724.0,828.69,2355.69,586.42,0,Low Risk
4443.96,681.0,1818.73,1671.16,461.75,0,Low Risk
2435.41,692.0,1311.05,2472.63,332.73,2,High Risk
3093.8,777.0,638.33,2294.99,558.65,1,Medium Risk
4615.7,661.0,428.9,1757.32,228.43,0,Low Risk
3928.51,632.0,513.81,1006.97,478.36,0,Low Risk
2112.75,661.0,1158.33,2587.25,299.8,2,High Risk
5219.66,648.0,2263.74,1831.12,329.86,0,Low Risk
4946.59,622.0,1138.92,1847.29,456.76,0,Low Risk
2973.34,700.0,1313.85,2676.45,795.14,2,High Risk
1789.65,591.0,593.72,2337.8,554.72,2,High Risk
5224.27,645.0,470.65,2231.63,424.75,0,Low Risk
5699.57,666.0,885.31,1389.66,505.08,0,Low Risk
2503.84,679.0,1265.36,2715.61,645.57,2,High Risk
3535.93,669.0,1308.04,1956.51,642.55,1,Medium Risk
3948.8,709.0,1395.35,1283.49,666.32,0,Low Risk
3410.99,780.0,1221.58,1206.58,613.14,0,Low Risk
4483.12,715.0,1366.47,2198.8,853.55,1,Medium Risk
3890.97,689.0,1283.41,2349.03,292.75,0,Low Risk
3813.72,733.0,1237.97,2268.94,854.01,1,Medium Risk
2321.86,682.0,802.27,2657.93,346.17,2,High Risk
4203.83,753.0,1721.19,2484.92,727.21,1,Medium Risk
3719.17,681.0,803.54,2493.51,533.56,1,Medium Risk
5121.67,619.0,1201.7,1861.58,621.55,0,Low Risk
3214.75,722.0,1353.34,2105.87,352.64,1,Medium Risk
3430.52,731.0,1717.28,1807.12,533.32,1,Medium Risk
4689.51,595.0,884.5,1690.71,345.49,0,Low Risk
2806.32,585.0,986.77,1971.24,461.79,1,Medium Risk
4840.18,622.0,992.18,1863.48,838.39,0,Low Risk
4240.52,727.0,1478.18,2010.91,812.38,1,Medium Risk
3016.46,708.0,1428.79,2030.54,538.07,1,Medium Risk
4012.15,669.0,567.55,2079.25,499.34,0,Low Risk
2791.51,688.0,1672.34,1501.37,810.0,1,Medium Risk
4442.01,754.0,336.38,2697.83,733.97,0,Low Risk
4349.07,665.0,1795.66,2926.05,345.98,1,Medium Risk
5034.77,669.0,1375.3,2350.99,631.48,0,Low Risk
4177.84,736.0,1066.96,2787.68,538.08,1,Medium Risk
3712.59,679.0,751.76,2527.91,614.34,1,Medium Risk
3947.15,710.0,562.63,1000.0,340.24,0,Low Risk
5115.83,678.0,1247.1,1498.16,251.33,0,Low Risk
3114.69,591.0,1499.07,1380.29,433.18,1,Medium Risk
3982.15,666.0,781.28,1286.58,154.93,0,Low Risk
4483.58,661.0,960.35,2178.74,431.81,0,Low Risk
4635.73,697.0,1245.56,2479.05,395.23,0,Low Risk
4328.95,643.0,591.82,2186.7,711.89,0,Low Risk
4441.11,755.0,958.08,2780.44,153.96,0,Low Risk
5737.31,736.0,1500.16,3254.64,697.76,0,Low Risk
3664.79,708.0,1753.52,2225.48,587.22,1,Medium Risk
4529.79,687.0,2172.11,1000.0,668.38,0,Low Risk
4457.4,637.0,935.89,1660.94,456.27,0,Low Risk
4351.16,728.0,364.3,2376.71,420.08,0,Low Risk
6901.39,655.0,1213.82,2104.47,608.77,0,Low Risk
2512.08,775.0,1973.01,2618.06,206.03,2,High Risk
3609.0,689.0,1298.06,1787.56,511.41,1,Medium Risk
1576.0,637.0,1870.47,2749.87,516.39,2,High Risk
4181.71,779.0,1190.2,2186.17,482.59,0,Low Risk
4370.16,694.0,810.05,2145.91,497.03,0,Low Risk
1452.07,731.0,1110.77,2291.49,338.17,2,High Risk
4763.56,695.0,969.88,2030.42,126.05,0,Low Risk
3194.54,687.0,451.76,1600.71,646.88,0,Low Risk
2609.38,716.0,625.05,2815.78,535.4,1,Medium Risk
5015.16,636.0,1752.12,1502.41,254.41,0,Low Risk
3989.19,655.0,1843.39,1888.61,360.17,1,Medium Risk
3782.33,713.0,1144.9,1205.72,412.2,0,Low Risk
3667.83,647.0,1592.85,2653.83,484.02,1,Medium Risk
3781.06,708.0,1687.68,1000.0,874.03,0,Low Risk
3550.09,587.0,943.14,2884.83,560.31,1,Medium Risk
5678.87,666.0,735.75,2263.45,444.42,0,Low Risk
3724.11,624.0,826.75,2235.1,474.19,1,Medium Risk
2710.11,676.0,1302.96,2706.82,527.81,2,High Risk
5157.45,701.0,1096.86,1686.46,675.76,0,Low Risk
5737.26,677.0,1000.29,2668.1,638.19,0,Low Risk
1858.09,623.0,1239.72,1739.83,208.69,1,Medium Risk
4997.38,655.0,636.95,2897.18,174.98,0,Low Risk
2854.16,730.0,1346.13,2737.48,670.63,2,High Risk
3782.21,750.0,935.81,2790.46,600.05,1,Medium Risk
3818.92,726.0,1542.16,3534.5,619.18,1,Medium Risk
2700.91,683.0,1219.09,2990.74,483.02,2,High Risk
3786.2,710.0,1417.56,1743.09,589.81,1,Medium Risk
3964.49,692.0,1131.61,2844.87,270.06,1,Medium Risk
2405.71,741.0,1571.02,2617.82,823.89,2,High Risk
2893.05,630.0,1698.36,1978.6,554.53,1,Medium Risk
2375.83,770.0,1840.75,2283.85,602.28,2,High Risk
3990.26,729.0,1462.86,1000.0,645.85,0,Low Risk
3284.09,736.0,1373.45,3370.79,850.61,2,High Risk
4354.88,689.0,1247.01,2753.24,336.67,1,Medium Risk
3645.58,746.0,1375.32,1876.21,779.02,1,Medium Risk
4728.44,755.0,1572.94,2583.3,289.86,0,Low Risk
6435.12,802.0,1690.72,2624.96,691.55,0,Low Risk
2835.33,578.0,1646.87,3108.26,319.4,2,High Risk
2709.73,706.0,407.91,2216.13,668.16,2,High Risk
3151.96,656.0,1549.68,1802.04,131.05,1,Medium Risk
4253.97,646.0,1007.35,2005.84,692.93,0,Low Risk
4101.23,680.0,618.07,2533.75,951.43,0,Low Risk
4410.45,689.0,1445.02,2362.86,544.12,0,Low Risk
3507.87,664.0,1815.33,2388.92,461.26,1,Medium Risk
4785.37,678.0,675.21,2042.11,380.52,0,Low Risk
4192.29,727.0,1655.62,1517.52,511.19,0,Low Risk
3911.17,721.0,1256.08,2212.8,505.98,1,Medium Risk
3862.71,687.0,2098.0,2246.71,457.18,1,Medium Risk
1997.54,630.0,748.41,3396.58,456.75,2,High Risk
4162.16,677.0,1055.29,2358.79,158.12,0,Low Risk
4234.68,715.0,2215.04,2005.38,532.01,1,Medium Risk
2087.6,761.0,1223.87,2384.62,628.15,2,High Risk
4006.74,678.0,1618.72,2894.44,47.1,1,Medium Risk
3680.45,660.0,1419.3,1995.76,762.98,1,Medium Risk
4300.36,652.0,1259.46,1484.24,695.22,0,Low Risk
4756.98,667.0,1326.26,2163.03,602.1,0,Low Risk
3122.86,621.0,1212.26,2395.42,570.52,1,Medium Risk
3723.09,695.0,1127.74,3467.09,677.64,2,High Risk
3630.66,663.0,1932.18,2087.13,686.64,1,Medium Risk
3319.73,699.0,1258.39,2106.79,840.65,1,Medium Risk
3395.53,734.0,622.98,2171.5,350.91,1,Medium Risk
4968.79,720.0,769.21,1287.39,496.38,0,Low Risk
3252.32,804.0,854.35,2060.34,625.32,1,Medium Risk
4627.55,667.0,1276.51,2305.76,511.37,0,Low Risk
4189.94,694.0,1688.33,2280.0,457.51,1,Medium Risk
4649.62,655.0,1426.2,2384.92,222.83,0,Low Risk
4597.41,720.0,1428.58,1490.51,661.53,0,Low Risk
5030.81,664.0,1236.95,2244.91,550.36,0,Low Risk
3419.44,721.0,1127.28,1418.2,579.69,1,Medium Risk
5537.14,650.0,1913.06,1085.07,506.1,0,Low Risk
1024.42,660.0,1113.34,1919.07,263.01,2,High Risk
2263.72,652.0,1103.58,2163.05,351.61,2,High Risk
3239.67,678.0,1254.39,1516.43,722.76,1,Medium Risk
6415.64,685.0,465.35,2639.27,625.52,0,Low Risk
3157.9,687.0,1092.38,3127.26,706.49,2,High Risk
3003.31,709.0,1887.49,1701.51,467.02,1,Medium Risk
4150.9,590.0,1148.66,1494.24,451.85,0,Low Risk
3547.88,587.0,779.73,1419.37,613.72,0,Low Risk
3048.19,642.0,1379.39,3397.72,313.26,1,Medium Risk
4650.06,617.0,1189.51,2388.92,470.11,0,Low Risk
4858.69,671.0,1071.98,1330.85,647.69,0,Low Risk
4883.15,674.0,1836.5,2353.55,358.38,0,Low Risk
5125.82,707.0,791.77,2164.34,419.58,0,Low Risk
5081.45,729.0,1526.15,1843.75,428.96,0,Low Risk
2919.48,657.0,994.71,3019.35,277.96,1,Medium Risk
6090.97,627.0,844.15,1626.65,388.33,0,Low Risk
2532.54,580.0,1632.85,1689.52,500.86,2,High Risk
3550.25,673.0,1338.92,2363.54,442.26,1,Medium Risk
3188.44,539.0,1662.84,1707.82,499.78,1,Medium Risk
4802.07,658.0,2006.15,2228.62,797.62,1,Medium Risk
3267.69,637.0,1177.72,1497.04,628.27,1,Medium Risk
4227.92,663.0,1443.93,2495.07,342.23,1,Medium Risk
3838.57,694.0,896.66,2396.69,417.09,0,Low Risk
3742.51,796.0,1504.94,1979.17,658.09,1,Medium Risk
4611.4,634.0,1399.46,2582.15,123.18,0,Low Risk
4930.42,573.0,1906.96,2534.18,160.07,1,Medium Risk
4209.37,676.0,300.0,2444.06,731.13,0,Low Risk
5678.31,771.0,757.71,1750.29,434.06,0,Low Risk
4659.99,628.0,789.66,2229.73,309.33,0,Low Risk
3971.76,621.0,1066.62,1880.56,233.1,0,Low Risk
3512.92,620.0,1150.84,2539.04,784.23,1,Medium Risk
2569.35,610.0,1666.78,1584.51,442.93,2,High Risk
4728.6,723.0,1058.97,1476.23,462.5,0,Low Risk
3983.19,710.0,853.99,3512.78,504.26,1,Medium Risk
4471.72,669.0,1260.0,2743.68,133.24,0,Low Risk
2926.23,706.0,1421.6,2614.63,590.05,1,Medium Risk
3367.67,644.0,946.44,2207.73,114.41,1,Medium Risk
3162.57,664.0,328.91,2635.55,553.23,1,Medium Risk
2652.02,560.0,1908.38,2170.59,533.87,1,Medium Risk
4567.52,694.0,1376.42,1904.77,311.83,0,Low Risk
3972.99,637.0,956.17,2386.09,492.63,1,Medium Risk
3767.92,734.0,1313.75,2473.28,642.29,1,Medium Risk
2962.46,708.0,1643.78,1715.5,433.31,1,Medium Risk
2711.24,537.0,557.3,2596.14,699.68,1,Medium Risk
3451.22,682.0,1375.44,1325.09,220.69,0,Low Risk
3584.44,683.0,1235.56,1257.64,609.59,0,Low Risk
3311.26,681.0,492.36,3378.95,676.19,1,Medium Risk
3722.17,673.0,1344.85,1780.53,349.02,0,Low Risk
2916.51,693.0,1142.59,2327.68,367.37,1,Medium Risk
3333.37,539.0,1014.64,2597.31,217.87,1,Medium Risk
4296.91,684.0,1810.51,2506.34,354.82,1,Medium Risk
4463.12,680.0,1522.59,2589.95,560.57,1,Medium Risk
4415.59,633.0,1314.2,2793.27,463.52,1,Medium Risk
3861.81,668.0,842.44,2156.66,586.51,0,Low Risk
5003.28,648.0,636.0,1000.0,440.51,0,Low Risk
2492.28,721.0,1288.7,2508.13,334.72,2,High Risk
5245.26,735.0,559.78,2313.39,452.21,0,Low Risk
5299.85,691.0,2128.15,2812.93,497.13,1,Medium Risk
2880.23,579.0,1131.94,3117.54,372.26,1,Medium Risk
3679.64,720.0,1461.53,1901.71,652.48,1,Medium Risk
3260.1,755.0,1377.67,2662.79,324.37,1,Medium Risk
3066.8,695.0,2165.92,2294.0,783.12,2,High Risk
3520.1,612.0,928.72,1000.0,644.55,0,Low Risk
4518.64,748.0,1193.93,1632.51,456.72,0,Low Risk
3663.34,698.0,2020.6,3557.41,275.41,1,Medium Risk
2980.47,636.0,1347.15,3010.9,320.36,1,Medium Risk
5058.21,764.0,903.52,2044.01,317.55,0,Low Risk
3490.4,711.0,1126.48,2526.49,845.24,1,Medium Risk
3854.83,682.0,1397.23,1570.03,200.59,0,Low Risk
4435.67,657.0,1687.74,1792.89,474.08,0,Low Risk
4918.09,764.0,300.0,1832.29,512.05,0,Low Risk
4045.61,677.0,1660.16,2185.61,695.85,1,Medium Risk
3964.43,631.0,1186.26,1702.61,177.7,0,Low Risk
5408.16,621.0,1819.46,1292.95,444.05,0,Low Risk
4214.73,736.0,1473.49,2262.28,728.23,1,Medium Risk
2854.76,796.0,1936.37,2605.57,768.8,1,Medium Risk
3529.0,647.0,1240.13,2367.49,676.86,1,Medium Risk
3584.76,706.0,1368.42,1729.53,440.92,0,Low Risk
5665.27,565.0,794.15,1000.0,164.85,0,Low Risk
3920.2,643.0,1147.76,2066.76,453.98,0,Low Risk
4079.33,655.0,1441.11,2898.22,527.88,1,Medium Risk
3499.44,742.0,1167.49,2905.27,387.72,1,Medium Risk
3933.54,737.0,1791.16,2959.4,151.32,1,Medium Risk
3297.83,700.0,793.52,3107.6,636.56,2,High Risk
4529.43,706.0,1395.53,2386.27,68.48,0,Low Risk
2276.96,791.0,1099.42,1924.56,668.93,2,High Risk
4342.3,615.0,1713.66,1873.48,280.95,0,Low Risk
6240.8,654.0,1127.04,2364.27,199.16,0,Low Risk
3929.97,652.0,1887.99,1968.6,141.18,1,Medium Risk
5446.46,615.0,865.5,2542.08,614.68,0,Low Risk
4347.23,692.0,921.1,2414.84,657.06,1,Medium Risk
3832.25,716.0,1348.0,1922.92,565.85,1,Medium Risk
5797.78,667.0,590.36,2434.2,713.38,0,Low Risk
4073.39,681.0,1151.11,1195.82,780.11,0,Low Risk
3912.01,734.0,1073.19,1840.05,526.83,0,Low Risk
4248.25,703.0,895.76,1375.65,12.72,0,Low Risk
3710.13,721.0,1453.74,1222.33,553.63,0,Low Risk
2931.65,675.0,1752.25,2834.94,562.91,2,High Risk
5599.06,618.0,990.14,1434.92,601.08,0,Low Risk
3705.7,789.0,829.53,1444.1,221.17,0,Low Risk
4101.62,667.0,1373.16,1333.24,558.04,0,Low Risk
3434.13,722.0,1385.04,3305.12,824.07,1,Medium Risk
3821.34,639.0,1012.63,1278.47,519.83,0,Low Risk
4501.68,611.0,1557.25,2881.34,243.94,1,Medium Risk
5011.45,692.0,948.65,1986.03,323.52,0,Low Risk
2076.37,669.0,1516.4,2008.17,593.65,2,High Risk
5559.53,661.0,1794.87,2471.55,307.87,0,Low Risk
3709.0,619.0,1008.4,2553.47,478.88,1,Medium Risk
3525.27,651.0,1787.33,1797.51,405.73,1,Medium Risk
3317.43,702.0,1134.3,2676.4,327.57,1,Medium Risk
5271.82,612.0,1106.8,3226.04,353.62,0,Low Risk
3770.87,672.0,1580.48,2067.94,243.91,1,Medium Risk
3183.88,685.0,1138.15,2902.08,1028.64,2,High Risk
3956.86,689.0,1434.2,1917.05,251.67,0,Low Risk
3912.13,733.0,843.97,1599.21,374.5,0,Low Risk
2979.88,672.0,1962.12,2763.88,413.18,1,Medium Risk
4295.84,623.0,960.41,3298.43,386.69,1,Medium Risk
4478.23,679.0,803.2,2121.86,312.8,0,Low Risk
4004.18,712.0,875.04,3523.85,544.49,1,Medium Risk
5004.97,658.0,1383.42,1382.04,324.84,0,Low Risk
5916.09,643.0,1300.04,2153.47,564.99,0,Low Risk
5002.47,589.0,1500.73,2595.3,402.82,0,Low Risk
4409.26,664.0,1350.12,1506.26,281.6,0,Low Risk
3521.95,563.0,1617.84,1578.83,168.97,1,Medium Risk
3124.4,656.0,1542.79,1926.62,649.13,1,Medium Risk
3560.32,700.0,2134.79,2931.72,316.84,1,Medium Risk
2004.18,717.0,1502.88,1839.64,392.57,2,High Risk
1771.53,668.0,1430.69,1941.55,201.75,2,High Risk
5684.85,728.0,953.17,2057.88,485.27,0,Low Risk
4393.54,688.0,1498.16,2114.79,197.56,0,Low Risk
3321.07,736.0,1205.7,2416.48,343.0,2,High Risk
4547.31,627.0,1143.93,2267.66,323.11,0,Low Risk
4869.11,693.0,926.08,2596.04,204.84,0,Low Risk
3299.52,664.0,992.51,2975.76,535.33,2,High Risk
4031.76,690.0,1112.62,2346.52,432.86,1,Medium Risk
2298.53,702.0,1354.94,2342.49,383.82,2,High Risk
4004.11,656.0,1688.1,2480.79,481.27,1,Medium Risk
3289.02,590.0,496.87,1747.67,622.87,1,Medium Risk
3254.07,690.0,1089.6,1856.42,617.58,1,Medium Risk
4641.13,665.0,2040.48,2488.67,304.53,1,Medium Risk
2692.53,609.0,779.85,1417.58,463.1,1,Medium Risk
4088.02,714.0,1806.6,2165.85,502.41,1,Medium Risk
3786.88,690.0,805.53,1810.46,630.46,0,Low Risk
4556.3,631.0,300.0,2861.36,402.64,0,Low Risk
3875.66,683.0,1519.9,1498.21,839.7,1,Medium Risk
4318.05,653.0,1587.7,2286.55,439.68,0,Low Risk
4622.04,721.0,1190.49,1957.16,511.89,0,Low Risk
2918.32,763.0,1269.83,1181.08,392.29,1,Medium Risk
4145.35,607.0,948.5,1767.29,635.18,0,Low Risk
4046.42,657.0,1015.79,1608.52,723.02,0,Low Risk
5797.88,600.0,1061.48,2625.18,0.0,0,Low Risk
3885.22,672.0,1030.49,1400.07,636.85,0,Low Risk
4127.99,598.0,1518.06,3282.96,631.61,1,Medium Risk
4349.43,666.0,573.25,2144.88,454.94,0,Low Risk
1815.35,646.0,1164.68,2495.72,390.39,2,High Risk
4126.46,706.0,1242.9,2227.36,645.25,1,Medium Risk
3889.21,724.0,1360.74,1529.19,529.17,1,Medium Risk
7037.92,619.0,1249.84,3387.77,786.05,0,Low Risk
3833.63,732.0,945.82,2619.04,233.27,1,Medium Risk
4963.11,650.0,1105.38,2440.51,512.96,0,Low Risk
3381.06,697.0,1095.73,2723.06,196.61,1,Medium Risk
4376.38,664.0,1630.88,2680.72,550.11,1,Medium Risk
3231.49,694.0,1144.06,3029.03,518.78,1,Medium Risk
3785.95,765.0,781.03,1000.0,259.85,0,Low Risk
3740.82,696.0,2377.12,2579.29,308.74,1,Medium Risk
4789.44,755.0,1609.14,1352.01,666.98,0,Low Risk
4786.41,679.0,581.95,2033.26,295.01,0,Low Risk
3519.82,634.0,1122.74,2354.07,527.76,1,Medium Risk
4156.47,778.0,1003.64,2925.91,124.61,1,Medium Risk
5573.58,614.0,968.16,1630.53,326.48,0,Low Risk
5032.97,747.0,1350.73,1560.92,347.4,0,Low Risk
5668.35,659.0,1543.15,3735.23,372.73,1,Medium Risk
3652.81,716.0,1011.85,2075.77,673.19,1,Medium Risk
2814.68,712.0,1138.18,1473.46,521.62,1,Medium Risk
4718.93,678.0,958.68,2049.9,259.8,0,Low Risk
3950.15,744.0,721.81,1393.77,597.76,0,Low Risk
4461.22,684.0,1222.68,2396.55,531.06,1,Medium Risk
4131.52,743.0,1819.51,1593.82,364.41,0,Low Risk
5339.73,727.0,1397.72,2084.72,459.09,0,Low Risk
2688.93,727.0,1039.85,2452.23,659.31,1,Medium Risk
7382.84,691.0,1382.94,3173.19,174.72,0,Low Risk
4086.68,640.0,896.93,1397.65,423.84,0,Low Risk
3008.4,641.0,932.26,1766.05,575.15,1,Medium Risk
3563.08,600.0,1302.28,1787.47,211.91,1,Medium Risk
3227.8,718.0,1653.5,2402.28,531.44,1,Medium Risk
4467.41,668.0,686.79,1736.9,554.37,0,Low Risk
3789.01,655.0,1081.37,1790.14,428.48,0,Low Risk
3769.57,749.0,1323.22,2624.53,549.86,1,Medium Risk
4873.11,557.0,777.64,2042.52,477.07,0,Low Risk
3713.15,709.0,805.59,1649.15,791.73,0,Low Risk
4952.95,748.0,1214.33,2149.26,378.73,0,Low Risk
3680.05,718.0,832.71,2082.58,552.86,1,Medium Risk
4676.76,739.0,1284.21,1499.3,577.82,0,Low Risk
4482.67,615.0,1238.61,1870.53,514.88,0,Low Risk
3508.02,687.0,1143.7,3094.33,502.46,1,Medium Risk
3705.5,696.0,1372.15,1923.77,458.16,0,Low Risk
4442.6,652.0,646.58,3124.05,952.07,1,Medium Risk
2642.24,653.0,1172.69,2270.21,332.49,2,High Risk
5292.79,648.0,863.2,2529.05,496.26,0,Low Risk
4606.56,674.0,1274.18,1831.89,626.58,0,Low Risk
4695.16,653.0,1876.51,2604.25,0.0,0,Low Risk
3652.14,684.0,952.61,3244.5,792.86,1,Medium Risk
5359.27,716.0,731.04,2032.03,297.27,0,Low Risk
3152.73,726.0,782.48,2329.92,265.32,1,Medium Risk
3305.34,671.0,1456.45,2410.84,237.07,1,Medium Risk
5027.11,688.0,1318.21,2616.53,330.35,0,Low Risk
3322.21,637.0,1611.63,2678.66,728.83,1,Medium Risk
2223.1,693.0,1685.53,1420.16,171.35,1,Medium Risk
4412.3,682.0,574.99,1741.92,534.73,0,Low Risk
3766.28,721.0,1161.89,2884.35,497.03,1,Medium Risk
5169.94,742.0,616.8,2025.34,661.37,0,Low Risk
4286.53,766.0,1681.75,1408.31,0.0,0,Low Risk
3633.32,626.0,1718.6,2140.62,266.13,1,Medium Risk
4867.21,641.0,1366.28,1912.13,269.4,0,Low Risk
4654.78,656.0,1033.92,1000.0,454.74,0,Low Risk
4963.54,652.0,795.05,1305.15,679.86,0,Low Risk
4175.64,682.0,1305.12,2185.63,492.24,1,Medium Risk
6036.64,766.0,907.18,1000.0,212.44,0,Low Risk
2021.44,706.0,1726.27,2056.03,529.77,2,High Risk
3248.45,645.0,1326.8,2542.38,572.56,1,Medium Risk
3947.11,606.0,1326.35,1933.5,451.65,0,Low Risk
2604.03,713.0,918.69,1898.95,218.14,1,Medium Risk
3056.74,733.0,1325.17,2123.93,778.0,1,Medium Risk
3520.91,699.0,684.71,1704.73,566.36,1,Medium Risk
4239.94,661.0,1812.84,2573.4,273.14,1,Medium Risk
5403.29,774.0,1039.54,2026.05,705.39,0,Low Risk
4476.68,702.0,1346.97,2022.37,388.93,0,Low Risk
3633.98,668.0,1492.58,2414.06,0.0,1,Medium Risk
5324.06,721.0,1424.81,1301.48,385.69,0,Low Risk
5477.33,712.0,1018.0,2998.03,897.68,0,Low Risk
6014.58,730.0,1046.03,3317.12,353.94,0,Low Risk
5965.66,687.0,1309.0,3327.72,316.28,0,Low Risk
4344.08,693.0,1074.34,1522.24,388.6,0,Low Risk
4088.17,609.0,1686.29,1503.7,284.23,0,Low Risk
4565.25,715.0,768.22,2152.34,629.89,0,Low Risk
5054.55,634.0,1801.56,2618.71,473.92,0,Low Risk
2960.12,716.0,1099.73,2768.86,738.79,2,High Risk
5119.62,701.0,1838.38,2791.94,788.11,1,Medium Risk
4624.19,662.0,825.84,2056.17,493.62,0,Low Risk
3027.25,789.0,634.21,1929.83,450.17,1,Medium Risk
3046.87,677.0,1359.5,2362.46,812.07,2,High Risk
2778.19,720.0,1359.99,1852.62,640.1,1,Medium Risk
5313.46,761.0,1682.46,3071.28,385.14,0,Low Risk
2899.28,686.0,1186.89,1332.57,482.54,1,Medium Risk
1698.62,674.0,1208.95,1250.95,524.4,1,Medium Risk
4100.48,745.0,300.0,2604.21,417.58,0,Low Risk
4580.83,773.0,1162.53,1911.25,545.69,0,Low Risk
3372.74,747.0,1528.9,2052.95,753.01,1,Medium Risk
5700.56,666.0,1687.84,2699.42,398.34,0,Low Risk
3484.62,727.0,1659.52,2826.34,468.64,1,Medium Risk
5903.16,729.0,961.07,2607.33,415.01,0,Low Risk
5181.98,673.0,1239.92,2794.96,523.82,0,Low Risk
6712.01,738.0,1607.09,2530.5,400.17,0,Low Risk
2743.5,718.0,1018.42,1722.86,312.33,1,Medium Risk
4796.91,674.0,1986.16,2213.04,627.72,1,Medium Risk
4268.52,580.0,1229.73,1928.92,422.13,0,Low Risk
5117.31,672.0,1944.15,2387.15,666.53,1,Medium Risk
4105.57,698.0,702.63,2615.95,490.37,0,Low Risk
4602.11,720.0,1642.09,1253.46,701.75,0,Low Risk
3902.73,655.0,1003.65,1698.15,369.75,0,Low Risk
4895.09,714.0,459.63,1693.9,450.26,0,Low Risk
4061.25,673.0,490.45,2866.68,375.48,0,Low Risk
3617.52,820.0,1308.24,2203.31,383.37,1,Medium Risk
4172.12,632.0,1042.82,2193.91,513.69,0,Low Risk
4209.95,636.0,1550.14,2882.91,746.55,1,Medium Risk
4454.33,630.0,1416.99,1360.5,647.48,0,Low Risk
3561.18,605.0,802.56,2538.2,441.87,1,Medium Risk
3750.76,665.0,1325.88,2190.62,415.56,1,Medium Risk
3769.06,614.0,1455.23,2838.84,492.02,1,Medium Risk
3108.18,755.0,1127.31,1570.88,227.6,1,Medium Risk
3192.26,685.0,1246.56,1076.34,513.13,1,Medium Risk
6802.41,657.0,1281.81,2246.1,606.92,0,Low Risk
5017.84,682.0,1252.92,2076.11,482.81,0,Low Risk
3117.18,674.0,1476.23,2316.03,624.03,1,Medium Risk
3232.93,663.0,881.98,2076.37,313.98,1,Medium Risk
4316.14,639.0,1332.18,2791.19,495.1,1,Medium Risk
3198.29,734.0,369.75,2602.84,648.9,1,Medium Risk
4830.77,675.0,1498.59,2194.55,282.24,0,Low Risk
4387.06,742.0,1651.83,2642.72,267.76,1,Medium Risk
2299.83,740.0,1349.08,1815.15,699.82,2,High Risk
4335.41,671.0,1696.48,2888.68,592.32,1,Medium Risk
4116.08,657.0,1043.64,2047.76,822.21,0,Low Risk
3380.05,655.0,1059.82,2706.53,396.28,1,Medium Risk
3475.1,704.0,1014.69,1000.0,144.86,0,Low Risk
3874.11,576.0,784.48,2333.41,779.48,1,Medium Risk
4511.12,684.0,1335.47,2044.63,586.1,0,Low Risk
4760.28,632.0,1535.29,2850.31,682.25,1,Medium Risk
6003.35,712.0,1818.81,2276.75,342.13,0,Low Risk
6748.16,622.0,1195.3,2437.41,416.16,0,Low Risk
3590.36,785.0,1275.59,2192.51,0.0,1,Medium Risk
4044.55,733.0,1406.48,2380.43,851.84,1,Medium Risk
3317.78,664.0,1824.75,2164.82,397.4,1,Medium Risk
3829.03,747.0,959.2,1744.86,83.77,0,Low Risk
4266.37,656.0,1194.59,2290.01,485.97,0,Low Risk
5725.3,702.0,762.23,2267.57,0.0,0,Low Risk
4065.92,683.0,300.0,2665.7,512.45,0,Low Risk
4168.25,654.0,1417.37,2300.51,416.75,1,Medium Risk
3353.2,730.0,1470.17,1759.46,305.76,1,Medium Risk
4950.54,767.0,1159.22,2649.05,558.82,0,Low Risk
4947.25,771.0,1167.4,3025.66,569.48,0,Low Risk
4827.87,636.0,1576.44,1803.97,317.74,0,Low Risk
3486.31,694.0,1021.38,1644.0,777.42,1,Medium Risk
4364.97,705.0,1332.81,1688.98,0.0,0,Low Risk
4006.41,617.0,1089.74,3211.01,373.62,1,Medium Risk
3180.89,645.0,1377.93,1550.71,692.93,1,Medium Risk
4171.22,599.0,646.15,1633.11,595.74,0,Low Risk
5134.13,680.0,946.33,2860.96,607.18,0,Low Risk
4570.17,620.0,1510.66,1037.99,532.75,0,Low Risk
3898.71,624.0,2006.58,2012.61,492.68,1,Medium Risk
3878.41,768.0,842.51,1603.36,400.4,0,Low Risk
4224.28,666.0,1386.74,2123.31,408.52,0,Low Risk
4464.05,602.0,426.65,2489.17,313.98,0,Low Risk
4499.07,691.0,1581.66,2332.14,392.34,0,Low Risk
4082.03,665.0,1135.22,1432.87,508.05,0,Low Risk
3506.1,643.0,1451.27,3021.2,876.53,1,Medium Risk
5791.8,634.0,1471.42,1446.29,500.96,0,Low Risk
4594.62,689.0,751.3,2960.52,689.36,0,Low Risk
4460.61,678.0,685.73,1509.18,640.12,0,Low Risk
2687.96,625.0,1134.09,1003.98,559.46,1,Medium Risk
3904.36,719.0,1191.83,3057.79,330.17,1,Medium Risk
4357.92,692.0,1483.76,1840.62,518.99,0,Low Risk
3498.12,745.0,1303.82,2528.08,641.96,1,Medium Risk
4557.22,670.0,300.0,2254.72,734.9,0,Low Risk
5531.43,687.0,1712.22,3190.88,387.42,1,Medium Risk
4337.74,629.0,1750.57,1886.22,662.51,1,Medium Risk
5821.89,667.0,1848.54,2117.72,486.38,0,Low Risk
4405.97,677.0,1028.87,2173.57,682.62,0,Low Risk
3650.9,727.0,2056.85,2353.47,635.1,1,Medium Risk
3373.4,756.0,876.46,1905.18,1030.86,1,Medium Risk
3661.73,664.0,636.09,2474.15,278.5,1,Medium Risk
3284.41,609.0,1292.2,1970.58,606.5,1,Medium Risk
2400.4,599.0,787.57,2245.34,76.45,1,Medium Risk
5153.27,663.0,640.91,1342.62,298.44,0,Low Risk
3598.81,634.0,673.24,2832.13,661.59,1,Medium Risk
6108.45,707.0,1369.92,2904.61,662.9,0,Low Risk
5941.69,736.0,1749.7,2208.88,765.73,0,Low Risk
6568.53,724.0,1249.93,3002.07,727.24,0,Low Risk
5075.63,700.0,1255.78,1694.69,744.47,0,Low Risk
3542.86,689.0,482.93,3259.13,321.89,1,Medium Risk
3839.81,738.0,1415.55,1000.0,434.05,0,Low Risk
3642.81,650.0,1045.58,2424.02,843.03,1,Medium Risk
3051.32,652.0,1042.6,2366.74,601.41,2,High Risk
4959.68,696.0,1513.29,1872.0,449.1,0,Low Risk
5209.06,672.0,1511.43,2119.27,459.2,0,Low Risk
3503.81,782.0,1514.94,2282.18,386.19,1,Medium Risk
3236.55,738.0,1257.6,1825.72,906.36,1,Medium Risk
4685.03,729.0,1086.03,2361.16,743.8,0,Low Risk
5323.58,679.0,678.98,2987.39,639.84,0,Low Risk
3967.93,703.0,1624.31,2354.67,933.12,1,Medium Risk
4587.59,615.0,794.47,2305.5,11.55,0,Low Risk
3416.77,646.0,776.69,1696.89,514.99,1,Medium Risk
1244.83,682.0,1114.76,2020.35,648.84,2,High Risk
4251.65,652.0,1278.13,2528.86,300.99,0,Low Risk
3951.81,708.0,867.53,2767.74,293.5,1,Medium Risk
2735.13,740.0,1278.11,1035.48,528.33,1,Medium Risk
5106.27,679.0,951.69,2085.65,284.45,0,Low Risk
2131.01,647.0,1547.39,2449.94,718.85,2,High Risk
4643.6,649.0,1359.35,1705.18,505.47,0,Low Risk
1967.29,614.0,853.17,2463.5,376.7,1,Medium Risk
3363.76,649.0,882.74,3281.33,414.45,1,Medium Risk
5544.6,694.0,1228.11,1000.0,170.47,0,Low Risk
3367.43,684.0,1051.34,2215.08,574.79,1,Medium Risk
4724.07,707.0,1284.38,2639.03,479.04,0,Low Risk
1748.43,607.0,1358.62,2562.16,609.9,2,High Risk
4403.25,571.0,1415.28,2064.08,97.24,0,Low Risk
2997.58,700.0,939.69,2536.34,591.4,1,Medium Risk
3893.02,718.0,630.11,2046.04,489.95,0,Low Risk
4641.31,668.0,1663.28,2691.27,686.51,1,Medium Risk
5336.88,616.0,1199.81,2840.97,604.45,0,Low Risk
4736.52,608.0,1406.13,2958.11,481.38,1,Medium Risk
5223.8,705.0,1831.74,1000.0,533.73,0,Low Risk
5355.45,673.0,1551.97,1913.16,262.87,0,Low Risk
3052.14,709.0,1220.86,2131.42,598.99,1,Medium Risk
4741.53,702.0,733.9,1894.11,472.39,0,Low Risk
5149.06,642.0,770.55,2590.47,599.06,0,Low Risk
4056.19,711.0,1033.96,2701.24,645.66,1,Medium Risk
4811.4,605.0,1122.9,2071.88,253.62,0,Low Risk
4734.04,582.0,980.23,1000.0,513.04,0,Low Risk
3402.86,700.0,1440.2,1548.21,512.2,1,Medium Risk
3638.69,683.0,1168.37,2878.0,331.36,1,Medium Risk
5214.48,689.0,890.51,2010.9,361.45,0,Low Risk
4522.94,716.0,1226.24,1953.95,612.7,0,Low Risk
4340.96,681.0,1892.79,3165.29,644.42,1,Medium Risk
5291.55,706.0,1581.18,2911.65,756.81,1,Medium Risk
4736.65,712.0,1650.98,2950.98,529.9,1,Medium Risk
6148.28,761.0,971.39,2733.34,459.14,0,Low Risk
4462.55,680.0,1265.32,3260.77,301.58,1,Medium Risk
2970.75,619.0,1263.22,1324.33,338.43,1,Medium Risk
4736.89,732.0,1483.22,3366.02,421.71,1,Medium Risk
4197.9,657.0,1060.23,2730.31,552.89,1,Medium Risk
4053.15,686.0,1050.02,2412.82,612.62,1,Medium Risk
4716.88,614.0,1415.09,2407.03,603.27,1,Medium Risk
1913.61,763.0,1835.18,2721.97,409.38,2,High Risk
4662.97,732.0,982.79,2004.38,338.79,0,Low Risk
2366.06,655.0,669.75,2688.2,980.53,2,High Risk
3493.46,673.0,799.9,2374.61,145.02,1,Medium Risk
3385.86,681.0,1401.25,2559.81,383.86,1,Medium Risk
3126.67,696.0,690.46,2897.38,627.1,1,Medium Risk
3713.23,699.0,517.21,2712.54,460.15,1,Medium Risk
5363.63,689.0,1399.46,2468.79,557.0,0,Low Risk
5339.91,635.0,1461.61,3797.5,424.66,1,Medium Risk
3751.46,686.0,731.48,2152.58,571.15,1,Medium Risk
3777.55,672.0,1441.06,3620.2,375.95,1,Medium Risk
3377.81,691.0,1354.04,3227.58,164.67,1,Medium Risk
4198.06,662.0,984.92,2816.41,778.69,1,Medium Risk
4263.07,699.0,1130.86,1821.92,223.14,0,Low Risk
4561.17,672.0,660.57,3344.51,586.84,1,Medium Risk
3475.29,786.0,789.9,2274.12,821.66,1,Medium Risk
5243.49,687.0,1602.31,1467.65,483.98,0,Low Risk
4659.76,614.0,1093.07,2249.99,350.43,0,Low Risk
4149.28,707.0,1245.96,1960.73,499.07,1,Medium Risk
4894.23,668.0,1204.4,1384.22,652.42,0,Low Risk
4467.85,602.0,1571.64,1907.68,490.12,0,Low Risk
5628.2,652.0,1279.94,2614.26,195.16,0,Low Risk
4809.73,729.0,1235.91,3421.58,630.28,1,Medium Risk
2330.7,679.0,1330.0,3027.58,418.68,2,High Risk
3615.39,689.0,2340.69,1704.72,146.75,1,Medium Risk
3270.71,636.0,1961.73,2114.13,570.46,1,Medium Risk
3194.13,631.0,982.03,3092.43,445.98,1,Medium Risk
3381.03,622.0,763.13,1817.64,510.56,1,Medium Risk
2672.62,649.0,813.88,1276.35,579.22,1,Medium Risk
3378.97,618.0,713.05,2196.67,375.98,0,Low Risk
1824.81,659.0,1193.08,2337.57,93.3,2,High Risk
4507.73,701.0,623.09,2078.15,302.85,0,Low Risk
4829.08,704.0,1747.6,2987.57,500.92,1,Medium Risk
4034.1,774.0,763.91,1948.51,396.71,0,Low Risk
4463.04,693.0,732.21,1539.67,219.93,0,Low Risk
3834.31,689.0,1252.35,1928.98,470.94,1,Medium Risk
4351.44,627.0,311.86,3328.91,666.32,1,Medium Risk
4356.51,704.0,1270.69,1245.93,593.81,0,Low Risk
2608.4,680.0,760.39,2403.73,251.74,1,Medium Risk
5249.07,718.0,727.35,2478.86,515.11,0,Low Risk
2867.05,746.0,659.55,2178.48,411.2,1,Medium Risk
3070.6,713.0,1399.4,1645.61,675.76,1,Medium Risk
3684.26,673.0,933.22,2632.08,498.44,1,Medium Risk
4411.69,629.0,1306.63,2361.76,346.55,1,Medium Risk
4295.61,716.0,1051.85,2212.73,358.32,0,Low Risk
4059.88,638.0,1022.24,1428.63,606.31,0,Low Risk
3911.2,624.0,2108.19,1748.16,562.36,1,Medium Risk
4735.2,746.0,1542.74,3122.57,302.43,1,Medium Risk
5027.58,680.0,1374.14,1632.29,647.67,0,Low Risk
4164.6,771.0,367.31,3212.89,377.36,0,Low Risk
5103.05,718.0,1190.71,2902.72,683.37,0,Low Risk
4699.14,652.0,1345.41,2402.66,6.65,0,Low Risk
4737.21,758.0,1051.04,2665.13,587.47,0,Low Risk
2916.65,633.0,1054.44,2895.38,242.31,1,Medium Risk
6342.43,610.0,1355.08,2704.38,616.54,0,Low Risk
4214.54,747.0,1376.76,1809.31,586.9,0,Low Risk
5908.32,645.0,1322.88,1954.44,259.21,0,Low Risk
3257.15,727.0,747.08,1222.91,246.4,0,Low Risk
2370.23,668.0,968.74,1742.87,683.55,1,Medium Risk
4077.03,598.0,1219.77,2537.79,610.22,1,Medium Risk
3097.89,754.0,1360.87,1000.0,831.96,1,Medium Risk
3643.19,662.0,1314.64,2810.98,369.29,1,Medium Risk
3795.48,698.0,1583.57,2396.24,302.12,1,Medium Risk
3468.99,695.0,708.91,3001.66,590.77,1,Medium Risk
3215.39,685.0,1087.8,2178.84,530.47,1,Medium Risk
2803.73,693.0,435.27,3164.79,608.8,1,Medium Risk
4782.44,686.0,465.54,2489.88,770.32,0,Low Risk
4157.98,767.0,1403.3,2066.85,562.43,1,Medium Risk
2420.64,713.0,1084.42,3108.26,724.04,2,High Risk
4490.71,723.0,1151.45,2943.2,712.28,1,Medium Risk
5059.65,572.0,1357.95,2146.4,514.5,0,Low Risk
2921.37,760.0,1367.9,2750.29,488.34,2,High Risk
3484.28,650.0,1203.17,2106.27,377.32,1,Medium Risk
6002.52,736.0,1061.63,1860.28,411.36,0,Low Risk
3718.28,632.0,944.76,2778.06,673.05,1,Medium Risk
4932.71,652.0,826.62,2779.89,384.75,0,Low Risk
4194.8,670.0,1111.7,2897.79,641.93,1,Medium Risk
3491.32,657.0,300.0,2129.27,556.85,0,Low Risk
3521.84,670.0,1297.15,2287.14,494.68,1,Medium Risk
4761.61,708.0,745.5,3444.71,298.76,0,Low Risk
2953.33,650.0,1430.46,2477.93,206.05,1,Medium Risk
4538.15,633.0,1442.51,2476.36,549.9,0,Low Risk
3996.1,661.0,1086.03,2576.18,505.84,1,Medium Risk
4411.62,750.0,1093.08,2363.35,366.84,0,Low Risk
2377.35,720.0,571.49,2967.04,982.18,2,High Risk
4841.4,623.0,1410.63,2426.49,749.29,1,Medium Risk
4033.04,712.0,1613.08,1302.5,593.81,0,Low Risk
2966.28,688.0,300.0,1501.02,448.78,1,Medium Risk
1399.55,707.0,617.94,2899.09,225.26,2,High Risk
4606.57,682.0,1715.64,2513.05,107.81,1,Medium Risk
3623.08,681.0,1437.99,2145.12,315.48,1,Medium Risk
4758.33,606.0,760.04,2984.23,279.81,0,Low Risk
3322.2,685.0,1261.58,3385.68,335.25,1,Medium Risk
4624.72,671.0,1500.3,2431.17,734.99,0,Low Risk
4034.14,765.0,1841.13,2712.45,484.32,1,Medium Risk
3939.2,577.0,1352.37,2163.71,416.59,1,Medium Risk
3343.7,587.0,1424.58,1440.32,695.22,1,Medium Risk
5179.98,699.0,1014.02,1876.39,546.82,0,Low Risk
4806.25,649.0,1267.28,1839.33,661.63,0,Low Risk
3654.72,704.0,1507.88,1956.68,919.34,1,Medium Risk
2487.34,720.0,1568.04,3540.13,759.8,2,High Risk
3969.53,637.0,1333.51,3444.24,618.81,1,Medium Risk
5067.08,737.0,808.6,2501.6,451.16,0,Low Risk
4398.39,727.0,1154.53,1350.72,459.42,0,Low Risk
4384.75,754.0,888.85,2376.96,765.61,0,Low Risk
4214.59,716.0,1507.2,1520.38,512.89,0,Low Risk
3356.03,710.0,1305.98,3499.0,492.75,1,Medium Risk
4383.74,634.0,1165.56,1000.0,611.47,0,Low Risk
4778.43,696.0,725.97,2206.78,561.15,0,Low Risk
3083.29,703.0,876.66,1930.69,380.16,0,Low Risk
5198.85,676.0,676.88,1614.93,339.77,0,Low Risk
3734.67,747.0,1689.43,1803.56,325.4,1,Medium Risk
3970.14,759.0,1004.55,1278.11,654.66,0,Low Risk
4539.13,722.0,1373.14,2101.08,271.68,0,Low Risk
3224.41,629.0,1573.99,2192.07,434.01,1,Medium Risk
4001.96,758.0,1337.23,2706.4,236.77,1,Medium Risk
4628.71,619.0,1301.13,2322.96,266.14,0,Low Risk
4854.04,643.0,1389.02,1973.57,387.9,0,Low Risk
5061.65,661.0,687.92,2260.37,356.85,0,Low Risk
3743.0,605.0,722.44,1994.8,645.28,0,Low Risk
2206.66,688.0,1229.2,2447.72,667.28,1,Medium Risk
3936.26,689.0,530.13,2325.45,622.49,0,Low Risk
2734.52,689.0,1305.13,2283.62,98.41,2,High Risk
2783.07,708.0,996.25,2106.4,694.82,2,High Risk
6058.97,737.0,1165.11,2140.7,300.7,0,Low Risk
4484.84,700.0,1053.74,1762.46,948.92,0,Low Risk
3546.98,661.0,1758.08,3206.74,513.28,1,Medium Risk
3207.33,655.0,859.69,1307.69,184.1,0,Low Risk
5100.75,810.0,1090.94,2289.87,590.17,0,Low Risk
3875.08,743.0,1810.13,2628.33,401.19,1,Medium Risk
3489.19,728.0,1072.74,2679.0,706.54,1,Medium Risk
5090.21,653.0,1550.02,2145.13,484.99,0,Low Risk
3127.19,678.0,1397.11,2050.11,365.33,1,Medium Risk
2399.9,585.0,1653.27,2133.95,745.29,2,High Risk
3573.59,695.0,1017.07,1348.61,604.5,0,Low Risk
4830.58,688.0,1074.78,2102.46,665.36,0,Low Risk
1932.33,716.0,1190.09,2039.09,598.05,2,High Risk
2406.12,661.0,1018.76,2234.27,620.58,2,High Risk
2532.15,696.0,995.72,1519.82,319.52,2,High Risk
5423.3,616.0,1245.95,2284.49,466.81,0,Low Risk
3009.56,633.0,1400.37,1944.23,585.08,1,Medium Risk
4021.8,680.0,1139.3,2471.39,664.45,1,Medium Risk
4117.26,639.0,931.95,1949.89,746.39,0,Low Risk
2220.05,620.0,1559.45,1624.4,149.71,1,Medium Risk
3844.67,673.0,916.63,2642.72,622.93,1,Medium Risk
2769.28,763.0,1811.58,2541.33,835.9,2,High Risk
4773.45,689.0,1884.13,2156.35,564.98,0,Low Risk
5728.95,669.0,975.52,1952.16,408.29,0,Low Risk
4668.2,769.0,1279.32,3188.51,686.09,1,Medium Risk
2952.33,660.0,924.39,1415.17,932.38,1,Medium Risk
3609.85,818.0,1502.81,2467.21,604.87,1,Medium Risk
4936.35,686.0,1018.82,2205.07,629.2,0,Low Risk
2516.74,753.0,1115.65,2346.23,478.8,2,High Risk
3456.96,662.0,989.38,2333.71,498.34,1,Medium Risk
3626.94,799.0,1131.13,2100.75,302.03,1,Medium Risk
3257.18,747.0,300.0,1829.9,261.82,0,Low Risk
3416.92,629.0,1968.57,1872.43,419.83,1,Medium Risk
5189.22,688.0,1034.42,1579.9,535.57,0,Low Risk
3019.22,676.0,617.71,1000.0,289.51,0,Low Risk
3686.26,744.0,1068.07,2570.64,114.65,1,Medium Risk
3467.2,638.0,2348.4,1877.8,532.67,1,Medium Risk
3782.02,594.0,724.76,2079.81,546.67,0,Low Risk
3410.52,753.0,944.59,1116.46,548.67,0,Low Risk
3414.17,749.0,1484.99,2223.35,153.8,1,Medium Risk
4339.83,617.0,1260.07,2384.13,397.03,0,Low Risk
5362.52,668.0,1828.14,2676.7,203.03,0,Low Risk
3030.58,648.0,916.83,1634.03,433.04,1,Medium Risk
3959.45,640.0,633.3,3169.27,584.46,1,Medium Risk
4077.02,696.0,1045.68,3050.77,463.44,1,Medium Risk
4692.43,744.0,1811.31,2521.52,389.68,1,Medium Risk
5458.64,720.0,910.63,1644.99,318.23,0,Low Risk
2611.3,714.0,1048.27,2522.21,636.52,1,Medium Risk
2529.91,740.0,1522.67,1520.28,614.82,1,Medium Risk
4376.63,660.0,1043.83,2735.93,424.02,1,Medium Risk
2644.66,652.0,1568.88,1658.34,429.12,1,Medium Risk
4602.82,635.0,1131.17,1000.0,857.37,0,Low Risk
6243.76,655.0,1253.07,2494.95,496.04,0,Low Risk
4291.0,736.0,1323.82,2230.04,592.51,1,Medium Risk
4418.16,696.0,1663.98,3358.05,722.9,1,Medium Risk
5651.4,704.0,984.35,1000.0,660.94,0,Low Risk
6483.49,587.0,427.74,1555.36,515.09,0,Low Risk
4151.46,732.0,948.78,2338.68,1001.6,1,Medium Risk
4009.15,754.0,1277.47,2253.94,689.78,1,Medium Risk
3468.96,614.0,896.98,2088.99,622.27,1,Medium Risk
4500.52,628.0,1636.5,2975.82,263.34,1,Medium Risk
4415.73,602.0,916.7,1000.0,927.38,0,Low Risk
3091.74,651.0,1405.57,2250.6,540.81,1,Medium Risk
4791.07,641.0,1733.3,3235.56,479.48,1,Medium Risk
4575.27,698.0,1211.81,2235.36,331.97,0,Low Risk
3679.31,764.0,1785.77,2672.64,480.3,1,Medium Risk
4848.8,700.0,1602.78,1000.0,331.58,0,Low Risk
4254.03,559.0,843.64,2794.27,692.08,1,Medium Risk
4071.27,653.0,1777.84,2523.62,477.6,1,Medium Risk
5357.48,670.0,1890.56,1782.45,280.07,0,Low Risk
4521.67,721.0,1121.71,1578.26,548.89,0,Low Risk
2783.2,721.0,716.94,3054.2,395.3,1,Medium Risk
1434.02,609.0,1869.73,1857.39,716.03,2,High Risk
4568.68,688.0,1690.15,3062.57,494.93,1,Medium Risk
4345.89,700.0,2002.68,1171.16,598.01,0,Low Risk
4223.06,701.0,2409.17,2196.88,676.71,1,Medium Risk
4296.24,624.0,421.82,1587.63,586.42,0,Low Risk
3490.11,756.0,1105.95,2263.58,595.51,1,Medium Risk
1798.64,755.0,1839.67,1903.94,808.24,2,High Risk
3248.23,773.0,1240.88,1887.39,198.69,1,Medium Risk
3897.86,811.0,2033.67,1776.82,251.43,1,Medium Risk
3755.29,628.0,951.03,1034.02,1028.47,0,Low Risk
3735.57,670.0,1286.53,1657.14,437.4,1,Medium Risk
4472.3,567.0,979.45,3726.45,498.59,1,Medium Risk
2888.28,632.0,1064.8,1933.95,356.08,1,Medium Risk
4780.73,708.0,1163.46,2900.41,303.86,0,Low Risk
5559.19,683.0,1133.31,1693.81,757.95,0,Low Risk
4766.46,597.0,347.97,2551.6,409.07,0,Low Risk
3072.79,630.0,928.37,2568.99,163.86,1,Medium Risk
3815.91,740.0,397.07,1773.15,748.46,0,Low Risk
6976.51,712.0,1218.28,1611.65,419.32,0,Low Risk
4674.79,691.0,565.38,1914.88,850.33,0,Low Risk
4559.96,662.0,977.29,2766.02,375.28,0,Low Risk
3471.52,706.0,1577.7,3168.79,380.02,1,Medium Risk
2653.08,687.0,1124.0,1413.37,676.93,1,Medium Risk
3857.46,645.0,1304.86,3080.48,354.15,1,Medium Risk
3443.27,719.0,1189.81,3056.18,578.68,1,Medium Risk
3434.44,706.0,300.0,1804.5,277.06,0,Low Risk
4176.62,792.0,1213.03,2369.3,412.53,1,Medium Risk
4082.93,676.0,1240.75,2571.39,415.21,1,Medium Risk
4149.05,656.0,657.92,1860.2,686.7,0,Low Risk
3474.62,812.0,2126.91,2511.43,671.23,2,High Risk
5707.28,664.0,1574.51,2034.51,314.47,0,Low Risk
4901.55,678.0,685.52,2243.09,382.55,0,Low Risk
4544.82,709.0,1527.09,2642.95,521.71,1,Medium Risk
3612.34,770.0,593.5,1471.98,508.0,0,Low Risk
4442.69,642.0,1549.64,2839.27,231.65,1,Medium Risk
2943.37,679.0,621.11,2645.2,480.6,1,Medium Risk
4547.95,695.0,1025.88,2394.54,847.38,0,Low Risk
2774.17,638.0,661.78,2406.78,554.37,1,Medium Risk
3730.02,726.0,816.87,2242.68,469.43,0,Low Risk
3620.67,639.0,1124.87,2088.64,479.69,1,Medium Risk
3717.41,717.0,883.59,2033.97,915.12,1,Medium Risk
2527.45,744.0,1421.32,1917.09,704.94,2,High Risk
3751.63,591.0,919.07,2006.19,764.69,1,Medium Risk
2530.03,679.0,1271.9,2539.15,727.22,1,Medium Risk
3209.62,677.0,472.97,1170.54,456.84,0,Low Risk
4523.31,686.0,1837.08,2474.42,560.83,1,Medium Risk
3071.93,634.0,905.44,1250.25,316.27,0,Low Risk
3655.22,704.0,999.03,3015.8,374.67,1,Medium Risk
3393.87,557.0,1571.43,2560.57,736.27,1,Medium Risk
2088.09,680.0,1583.61,2910.03,401.47,2,High Risk
2370.31,739.0,1349.82,2360.9,704.41,2,High Risk
2925.98,812.0,1631.4,2102.23,488.6,1,Medium Risk
3884.71,752.0,1890.47,1051.5,556.0,0,Low Risk
3822.42,755.0,1344.55,1387.28,338.15,0,Low Risk
5263.61,660.0,1230.79,1683.85,485.23,0,Low Risk
4562.57,679.0,1215.94,2432.27,441.47,0,Low Risk
5227.74,694.0,1482.74,1094.29,186.08,0,Low Risk
3372.16,789.0,1275.86,1127.81,497.05,0,Low Risk
3119.24,615.0,534.39,1815.86,362.6,0,Low Risk
3672.17,653.0,1185.81,2511.88,391.13,1,Medium Risk
1940.34,633.0,1240.29,2237.63,325.17,2,High Risk
5216.2,651.0,1100.58,2596.43,226.42,0,Low Risk
3910.61,704.0,463.73,2211.43,222.51,0,Low Risk
3533.21,731.0,2129.32,2470.12,486.83,1,Medium Risk
5057.29,690.0,1269.62,1533.41,361.84,0,Low Risk
5178.3,592.0,769.02,2444.37,50.53,0,Low Risk
3575.88,718.0,1168.39,2526.53,644.43,1,Medium Risk
2406.72,591.0,1227.94,1989.75,405.85,2,High Risk
4401.14,696.0,1040.44,2676.1,458.8,1,Medium Risk
4017.66,653.0,1321.33,1582.47,490.3,0,Low Risk
1566.74,727.0,1024.91,1871.63,465.49,2,High Risk
4716.63,722.0,1670.3,2415.08,458.0,1,Medium Risk
2569.01,633.0,1352.61,2195.44,201.06,1,Medium Risk
3174.77,639.0,951.26,2050.05,304.19,0,Low Risk
5232.44,643.0,789.23,2852.1,843.53,0,Low Risk
4738.71,654.0,1558.8,1191.26,998.72,0,Low Risk
3888.45,677.0,1312.26,2302.28,669.41,1,Medium Risk
4530.31,682.0,1160.89,1691.77,406.72,0,Low Risk
3465.95,680.0,1385.61,1646.25,621.01,1,Medium Risk
4150.37,567.0,1098.27,2699.14,561.57,1,Medium Risk
5708.64,658.0,1132.04,1108.42,359.77,0,Low Risk
5251.15,702.0,804.71,2117.24,189.89,0,Low Risk
4405.94,694.0,1163.8,1649.31,39.76,0,Low Risk
2950.32,650.0,1984.93,3055.92,508.28,1,Medium Risk
4559.29,638.0,1296.84,1955.0,677.31,0,Low Risk
3659.5,673.0,1052.77,1660.11,541.14,0,Low Risk
5191.64,661.0,764.61,2666.06,470.56,0,Low Risk
4252.39,632.0,903.47,2445.76,217.59,0,Low Risk
3170.92,716.0,1739.09,3578.13,512.26,1,Medium Risk
1147.83,663.0,474.7,2003.59,672.85,2,High Risk
2721.83,668.0,1424.74,1748.83,650.63,1,Medium Risk
2994.04,648.0,1254.25,2854.72,467.5,1,Medium Risk
3558.81,666.0,950.39,2834.57,321.25,1,Medium Risk
4633.24,686.0,1283.99,2400.22,292.74,0,Low Risk
5429.93,672.0,1280.85,2358.33,712.93,0,Low Risk
4410.87,580.0,674.96,3150.67,716.17,1,Medium Risk
3870.58,702.0,1084.94,1991.7,739.19,1,Medium Risk
5208.09,754.0,1075.27,2205.41,579.3,0,Low Risk
4772.57,796.0,873.5,2752.12,581.25,0,Low Risk
4170.43,669.0,948.45,2817.76,494.61,1,Medium Risk
5841.63,670.0,2395.58,1929.26,755.59,0,Low Risk
2202.11,707.0,511.56,2760.52,224.33,2,High Risk
4675.23,716.0,987.65,1514.07,616.83,0,Low Risk
4784.64,629.0,1306.07,2170.36,710.58,0,Low Risk
5246.93,674.0,902.14,3083.49,467.73,0,Low Risk
2951.86,681.0,1419.89,2205.78,706.91,1,Medium Risk
3809.75,640.0,1218.44,3212.63,328.19,1,Medium Risk
4581.38,733.0,1215.9,2073.95,510.7,0,Low Risk
4744.85,600.0,1114.93,1980.02,102.14,0,Low Risk
2668.89,634.0,959.23,1000.0,672.9,1,Medium Risk
4455.12,702.0,1320.04,2072.72,342.72,0,Low Risk
3139.62,694.0,1017.52,2463.05,246.46,1,Medium Risk
4569.58,625.0,971.84,3072.73,660.7,1,Medium Risk
2297.31,729.0,1277.41,2618.74,310.65,2,High Risk
3606.54,615.0,774.45,2390.47,558.79,1,Medium Risk
3901.15,622.0,740.95,1652.88,710.38,0,Low Risk
4061.33,680.0,1224.64,1735.03,773.07,1,Medium Risk
4200.39,658.0,1336.37,1000.0,666.01,0,Low Risk
5502.02,650.0,1718.29,1629.73,502.01,0,Low Risk
4987.93,744.0,1725.13,1912.31,560.05,0,Low Risk
2416.54,813.0,1496.4,1880.83,688.91,2,High Risk
4089.74,642.0,1054.14,2660.39,605.68,1,Medium Risk
4286.02,620.0,430.56,1269.64,414.96,0,Low Risk
2583.09,687.0,1594.95,1299.22,268.33,1,Medium Risk
6066.1,670.0,1100.56,2416.99,748.75,0,Low Risk
2684.49,674.0,610.06,3327.86,384.87,2,High Risk
3618.4,722.0,1390.47,2178.65,514.12,1,Medium Risk
3279.4,604.0,1047.11,2447.74,514.99,1,Medium Risk
5099.01,650.0,1592.53,2994.56,513.27,1,Medium Risk
5254.63,624.0,681.8,2631.39,402.0,0,Low Risk
1649.18,675.0,1432.21,3777.13,516.31,2,High Risk
3788.48,651.0,1220.31,1083.46,76.83,0,Low Risk
4534.09,716.0,651.28,1969.49,452.87,0,Low Risk
3824.28,614.0,1627.7,1849.14,695.69,1,Medium Risk
4430.53,702.0,1197.27,2069.55,334.26,0,Low Risk
4609.38,637.0,928.51,1918.98,731.86,0,Low Risk
5329.29,703.0,968.17,2568.68,552.32,0,Low Risk
4009.96,678.0,1582.72,1629.61,727.99,1,Medium Risk
3898.66,608.0,899.63,3025.97,288.32,1,Medium Risk
2677.14,743.0,1154.29,3182.03,555.0,2,High Risk
3127.78,710.0,1118.25,1779.7,783.68,1,Medium Risk
4064.16,542.0,396.07,1616.87,442.76,0,Low Risk
2309.58,663.0,851.49,2065.36,243.34,1,Medium Risk
4805.37,696.0,1202.22,1954.77,368.48,0,Low Risk
2357.92,714.0,1554.86,1524.27,516.19,2,High Risk
4655.62,706.0,1683.77,2762.89,519.47,1,Medium Risk
4990.51,746.0,1121.14,2265.71,461.23,0,Low Risk
6737.39,633.0,814.94,1313.8,529.83,0,Low Risk
4427.19,700.0,1743.16,2092.76,512.35,1,Medium Risk
5710.41,663.0,1539.99,1525.48,921.32,0,Low Risk
4150.82,603.0,1680.86,1913.24,804.24,1,Medium Risk
3266.72,669.0,1738.28,2557.35,606.47,2,High Risk
2651.03,702.0,1249.34,1631.6,953.53,1,Medium Risk
4400.66,631.0,738.7,2504.75,217.4,0,Low Risk
5861.05,737.0,1907.79,2038.63,318.73,0,Low Risk
5085.65,643.0,1463.46,2053.56,407.59,0,Low Risk
3926.44,618.0,495.0,2459.95,403.51,0,Low Risk
3439.29,593.0,916.6,1938.33,432.86,1,Medium Risk
2715.23,749.0,1262.37,1844.53,474.65,1,Medium Risk
5583.22,620.0,1117.16,1603.89,391.85,0,Low Risk
5030.67,638.0,1293.03,1736.85,447.49,0,Low Risk
3005.0,691.0,1689.84,2293.56,762.79,1,Medium Risk
4444.28,658.0,1651.43,2430.87,634.53,1,Medium Risk
5026.76,657.0,863.26,2100.32,576.9,0,Low Risk
2656.73,701.0,1719.18,2505.23,357.14,2,High Risk
2801.61,691.0,1243.24,2691.71,380.34,2,High Risk
4721.14,681.0,1148.62,2682.73,444.9,0,Low Risk
4025.6,657.0,1610.4,1625.73,260.9,0,Low Risk
3306.65,675.0,1291.96,1299.08,842.97,1,Medium Risk
3866.63,631.0,1980.38,2652.75,648.08,2,High Risk
5160.89,649.0,1023.21,1982.05,922.25,0,Low Risk
4543.47,698.0,730.39,2190.55,439.06,0,Low Risk
4184.43,636.0,965.31,3286.93,333.29,1,Medium Risk
4122.43,607.0,1558.68,2148.82,613.17,1,Medium Risk
2551.57,685.0,300.0,2753.34,379.32,1,Medium Risk
4910.32,693.0,1073.34,2973.95,422.18,0,Low Risk
3324.79,670.0,1362.0,1553.7,646.94,1,Medium Risk
2571.25,637.0,1550.85,2924.52,452.25,2,High Risk
4687.22,687.0,1512.87,2635.11,493.52,0,Low Risk
5454.76,710.0,1543.86,2510.36,489.71,0,Low Risk
5347.98,686.0,1135.35,3026.19,545.33,0,Low Risk
1876.64,716.0,1160.24,1882.99,670.36,2,High Risk
3742.1,720.0,655.71,2981.98,278.09,1,Medium Risk
3402.84,689.0,785.19,1302.91,420.19,0,Low Risk
3623.36,668.0,977.71,2373.8,645.86,1,Medium Risk
4266.3,634.0,1042.62,1501.63,565.3,0,Low Risk
3837.87,672.0,1173.12,2865.26,349.88,1,Medium Risk
3219.47,674.0,1126.08,1898.94,610.53,1,Medium Risk
3748.07,684.0,1791.84,1903.07,751.18,1,Medium Risk
4358.13,755.0,1046.86,1931.73,412.07,0,Low Risk
2564.52,634.0,817.94,1996.53,454.74,1,Medium Risk
2482.43,744.0,1375.99,2376.93,780.3,2,High Risk
4348.67,628.0,398.92,1977.47,324.08,0,Low Risk
4558.71,685.0,1199.99,3002.99,589.98,1,Medium Risk
2696.33,781.0,1382.07,2805.28,286.13,2,High Risk
3032.06,626.0,1061.38,2401.58,811.21,2,High Risk
2586.75,729.0,823.97,2620.12,634.8,2,High Risk
3466.72,657.0,1771.87,2750.12,761.25,1,Medium Risk
3634.99,590.0,1149.33,1887.85,433.19,0,Low Risk
3878.21,737.0,534.37,3072.24,489.46,1,Medium Risk
3381.49,631.0,1062.79,1862.06,370.14,1,Medium Risk
3721.78,688.0,1225.51,2204.38,366.05,1,Medium Risk
4103.18,578.0,1188.24,1622.35,538.49,0,Low Risk
3663.05,667.0,1166.44,2725.55,724.99,1,Medium Risk
3431.03,655.0,1574.76,2420.72,475.35,1,Medium Risk
4564.72,771.0,2331.12,2673.79,475.14,1,Medium Risk
4530.16,758.0,1026.23,1455.77,772.5,0,Low Risk
3337.61,590.0,699.54,1924.02,550.48,1,Medium Risk
4950.53,697.0,2070.84,2894.7,191.95,1,Medium Risk
3604.93,723.0,863.76,2238.26,463.33,1,Medium Risk
3333.42,656.0,1392.13,2456.95,463.89,1,Medium Risk
4000.02,649.0,663.87,1689.55,1056.87,0,Low Risk
2223.4,748.0,885.91,2958.2,462.78,2,High Risk
3317.96,676.0,675.18,1482.21,771.54,1,Medium Risk
4567.36,691.0,1506.79,2986.7,394.38,1,Medium Risk
4736.23,662.0,517.71,1045.09,589.69,0,Low Risk
4482.65,733.0,731.96,3889.18,405.33,1,Medium Risk
4505.88,759.0,948.3,2116.95,1053.6,0,Low Risk
3700.6,795.0,946.23,2202.35,367.45,0,Low Risk
2410.85,757.0,1451.78,2090.47,500.57,2,High Risk
3004.32,668.0,1406.91,1658.69,214.6,1,Medium Risk
3771.84,667.0,1104.26,2849.38,479.25,1,Medium Risk
4735.73,671.0,1142.43,3448.23,150.96,1,Medium Risk
3664.19,598.0,1141.8,2541.82,395.86,1,Medium Risk
3885.63,737.0,1591.46,1101.12,738.47,0,Low Risk
4597.8,655.0,1345.19,2620.23,666.97,1,Medium Risk
5201.93,606.0,1065.59,2547.73,409.53,0,Low Risk
5219.48,719.0,1731.17,2027.88,404.79,0,Low Risk
3451.76,661.0,1063.34,2646.93,652.8,1,Medium Risk
4478.78,632.0,300.0,2394.08,159.04,0,Low Risk
2097.52,658.0,1287.62,3608.57,601.95,2,High Risk
3605.42,632.0,763.19,2787.72,752.72,1,Medium Risk
3704.29,632.0,1071.82,1786.51,464.49,0,Low Risk
2369.32,679.0,762.69,2691.42,698.75,2,High Risk
1940.92,639.0,755.67,1193.92,340.8,2,High Risk
3568.93,681.0,1028.19,1357.68,360.97,0,Low Risk
3718.65,635.0,977.26,3029.1,600.24,1,Medium Risk
4237.7,704.0,1561.97,1271.5,828.46,0,Low Risk
6326.95,734.0,648.88,2175.37,614.14,0,Low Risk
3397.68,640.0,1065.27,1885.64,456.26,1,Medium Risk
4122.67,685.0,720.33,2639.44,688.68,1,Medium Risk
4108.74,684.0,1333.61,1243.61,577.59,0,Low Risk
4239.48,629.0,1327.77,2241.09,643.53,1,Medium Risk
5658.78,753.0,757.66,1825.62,94.59,0,Low Risk
4942.76,718.0,1942.2,2819.31,568.26,1,Medium Risk
4701.15,665.0,1159.35,2213.05,429.85,0,Low Risk
4189.92,608.0,1575.62,1566.78,437.55,0,Low Risk
3557.29,687.0,1813.17,2166.96,615.96,1,Medium Risk
2927.02,744.0,771.64,2991.42,678.52,1,Medium Risk
2903.77,628.0,1538.14,2379.46,418.47,2,High Risk
4327.77,608.0,1140.7,2752.42,443.4,1,Medium Risk
4873.0,653.0,1972.01,2119.93,315.63,0,Low Risk
4207.24,658.0,1166.55,2125.75,245.45,0,Low Risk
4776.26,766.0,776.98,2033.45,479.1,0,Low Risk
3454.82,634.0,1264.67,2480.63,717.01,1,Medium Risk
4519.37,630.0,831.1,2341.3,827.1,0,Low Risk
2254.1,627.0,499.62,2176.83,71.5,1,Medium Risk
5347.9,639.0,1663.95,2115.78,449.53,0,Low Risk
3473.49,640.0,982.54,1498.27,365.85,1,Medium Risk
2288.96,656.0,814.97,2352.47,535.46,2,High Risk
4723.72,648.0,1023.2,2121.33,389.75,0,Low Risk
3548.63,702.0,632.1,1646.46,432.16,0,Low Risk
4056.64,649.0,1239.51,2440.89,309.1,1,Medium Risk
4879.61,657.0,1075.97,1495.18,709.07,0,Low Risk
2506.27,700.0,843.1,1711.83,928.48,2,High Risk
2791.96,661.0,1022.63,1469.67,578.31,1,Medium Risk
2367.41,668.0,1331.47,1121.21,412.89,1,Medium Risk
3674.29,812.0,1400.5,2250.66,428.84,1,Medium Risk
4997.92,772.0,729.93,2629.39,892.63,0,Low Risk
5782.05,696.0,1018.62,2276.15,0.0,0,Low Risk
5144.22,752.0,1420.82,1999.85,165.74,0,Low Risk
3968.41,748.0,838.76,1439.32,177.64,0,Low Risk
3299.78,693.0,1964.7,2714.9,530.65,1,Medium Risk
4091.62,681.0,1106.88,2025.72,533.97,0,Low Risk
4814.81,769.0,1143.91,2501.98,662.24,0,Low Risk
4546.78,583.0,1324.98,2884.28,305.12,1,Medium Risk
4001.4,606.0,1125.57,1804.4,526.9,0,Low Risk
5792.43,682.0,748.25,2176.12,721.06,0,Low Risk
3837.97,716.0,1413.68,1500.55,547.1,0,Low Risk
3718.44,680.0,1716.73,2921.71,406.21,1,Medium Risk
5138.61,713.0,1278.18,2559.91,980.04,1,Medium Risk
6079.53,685.0,1262.53,2437.29,439.98,0,Low Risk
3771.22,727.0,1400.58,1849.38,270.15,0,Low Risk
3589.97,608.0,855.44,2914.13,547.19,1,Medium Risk
3762.45,762.0,1302.86,2585.21,592.1,1,Medium Risk
5412.31,761.0,872.1,2238.0,485.92,0,Low Risk
3034.42,668.0,1040.23,2484.35,551.7,1,Medium Risk
4906.9,645.0,1342.65,2756.06,464.28,0,Low Risk
4449.16,709.0,1112.05,1516.18,768.56,0,Low Risk
6392.56,736.0,1227.23,2319.01,577.06,0,Low Risk
2963.42,716.0,1354.65,2672.15,281.63,1,Medium Risk
1988.41,685.0,811.73,2435.91,372.8,1,Medium Risk
4045.07,652.0,911.51,1893.1,557.61,0,Low Risk
3105.32,655.0,1431.15,2002.55,686.77,1,Medium Risk
3873.08,715.0,1970.0,1890.7,776.79,1,Medium Risk
3306.56,668.0,1127.29,2888.05,222.52,1,Medium Risk
4408.77,728.0,1394.25,2838.96,546.06,1,Medium Risk
2333.97,649.0,763.47,2806.17,292.21,2,High Risk
1634.88,622.0,1520.66,3060.86,527.18,2,High Risk
3001.94,667.0,2056.76,1421.02,766.06,2,High Risk
3910.25,710.0,1528.43,3314.53,417.42,1,Medium Risk
2171.37,685.0,1145.73,1665.56,633.72,2,High Risk
3542.3,755.0,1880.87,1312.69,424.14,1,Medium Risk
3677.49,745.0,1174.83,3564.66,357.31,1,Medium Risk
5189.83,717.0,1293.29,2092.46,453.29,0,Low Risk
5662.9,757.0,538.42,2726.2,734.8,0,Low Risk
3567.25,720.0,522.63,2019.73,682.87,0,Low Risk
2765.03,765.0,1758.01,2477.11,609.73,2,High Risk
2139.48,688.0,1434.48,1580.57,340.98,2,High Risk
4703.74,734.0,1368.36,2798.89,337.08,0,Low Risk
6719.71,656.0,1357.32,2541.14,303.37,0,Low Risk
3145.64,630.0,1251.21,2086.69,702.69,1,Medium Risk
3323.18,632.0,1730.98,1975.94,347.36,1,Medium Risk
4397.68,618.0,913.85,2144.9,743.73,0,Low Risk
3715.31,686.0,841.69,1971.13,347.39,0,Low Risk
3151.25,705.0,1161.33,1712.89,604.6,1,Medium Risk
5657.79,699.0,1225.69,2246.46,305.22,0,Low Risk
3917.35,633.0,2132.3,1518.04,892.8,1,Medium Risk
5865.23,708.0,1453.6,1185.71,137.84,0,Low Risk
4621.77,767.0,680.52,2145.24,711.91,0,Low Risk
3236.56,683.0,1523.5,2466.9,822.59,1,Medium Risk
4942.42,754.0,1358.84,1015.29,870.33,0,Low Risk
4718.97,713.0,750.6,1995.95,514.05,0,Low Risk
5361.83,677.0,686.33,1687.28,465.22,0,Low Risk
3988.94,626.0,927.81,2843.3,285.31,1,Medium Risk
3149.46,708.0,1642.13,1943.0,614.59,1,Medium Risk
3737.92,773.0,1040.59,2365.06,635.26,1,Medium Risk
5455.07,754.0,1122.42,2678.14,470.47,0,Low Risk
5558.89,593.0,1331.74,2376.26,409.61,0,Low Risk
5144.68,646.0,1341.3,1903.01,663.84,0,Low Risk
4408.5,761.0,888.01,2021.6,165.53,0,Low Risk
4595.71,615.0,890.54,3019.44,406.52,0,Low Risk
3710.47,676.0,638.79,1000.0,668.39,0,Low Risk
4493.7,688.0,654.83,2408.5,448.09,0,Low Risk
3425.53,662.0,1545.01,2050.99,133.05,1,Medium Risk
3534.28,761.0,1580.48,2126.88,417.22,1,Medium Risk
6059.3,698.0,1741.81,2392.21,686.98,0,Low Risk
4407.44,625.0,1150.38,2416.05,349.12,0,Low Risk
3883.83,694.0,907.76,2766.93,302.36,1,Medium Risk
4335.66,795.0,1316.88,2878.82,253.69,1,Medium Risk
2005.99,719.0,838.19,1374.61,233.64,1,Medium Risk
3198.63,624.0,1482.48,2034.08,648.54,1,Medium Risk
4783.39,609.0,1076.62,2563.09,522.71,0,Low Risk
3046.65,621.0,1697.84,2696.17,792.46,2,High Risk
3857.63,639.0,1866.63,1696.92,315.68,1,Medium Risk
4108.86,692.0,953.32,3832.2,442.75,1,Medium Risk
4975.91,660.0,1474.99,1878.9,502.3,0,Low Risk
2774.04,722.0,300.0,2114.77,0.0,1,Medium Risk
3391.05,685.0,835.42,2799.05,528.43,1,Medium Risk
4148.98,592.0,832.47,1595.64,405.67,0,Low Risk
3119.97,689.0,1392.31,2877.75,278.75,1,Medium Risk
3658.24,684.0,1225.41,1412.52,282.09,0,Low Risk
3195.06,738.0,662.86,1059.52,517.17,0,Low Risk
3316.88,657.0,916.55,1144.77,248.06,0,Low Risk
4505.99,712.0,1173.82,2191.06,847.83,0,Low Risk
4147.44,655.0,1761.14,3503.29,417.61,1,Medium Risk
4136.71,696.0,1540.86,2135.55,296.46,0,Low Risk
3844.43,697.0,1343.76,3586.9,249.0,1,Medium Risk
2096.05,675.0,1224.98,1826.23,514.62,2,High Risk
3764.76,678.0,983.29,2051.12,694.38,1,Medium Risk
4561.96,650.0,1518.6,2052.55,727.74,0,Low Risk
4848.12,683.0,1657.44,3205.27,526.53,1,Medium Risk
4088.89,711.0,1096.9,2557.64,375.04,0,Low Risk
2288.93,650.0,2041.58,1930.25,518.1,2,High Risk
4527.09,658.0,1245.84,1838.21,175.03,0,Low Risk
4085.78,712.0,1250.68,2569.37,763.2,1,Medium Risk
3333.01,640.0,515.61,1508.47,459.76,0,Low Risk
4616.28,682.0,921.51,2694.35,591.36,0,Low Risk
3254.1,614.0,1040.13,2334.65,654.42,1,Medium Risk
2521.06,723.0,1242.13,1979.96,664.34,1,Medium Risk
4527.17,661.0,1572.03,2444.32,709.98,1,Medium Risk
3981.14,659.0,1707.07,3458.21,117.47,1,Medium Risk
5234.77,686.0,996.99,1939.32,43.36,0,Low Risk
4200.93,544.0,770.85,2701.03,344.11,1,Medium Risk
4745.85,768.0,1507.37,2012.69,409.04,0,Low Risk
5332.78,604.0,1024.83,3058.31,684.91,0,Low Risk
4377.63,692.0,1077.81,1431.11,429.96,0,Low Risk
4416.04,700.0,1577.77,2082.64,143.84,0,Low Risk
4898.97,666.0,1475.34,2054.1,500.72,0,Low Risk
4668.63,694.0,656.45,1982.72,361.98,0,Low Risk
4476.38,634.0,1175.16,2059.92,526.51,0,Low Risk
4102.03,733.0,1080.98,2983.82,666.59,1,Medium Risk
4500.81,633.0,1051.97,1312.4,389.36,0,Low Risk
4827.33,705.0,921.62,2505.71,486.31,0,Low Risk
4478.42,720.0,1055.83,1399.35,768.95,0,Low Risk
2832.07,647.0,916.87,3419.11,385.27,1,Medium Risk
4891.76,643.0,1728.01,2069.32,355.87,0,Low Risk
1980.37,615.0,980.77,1931.89,339.73,2,High Risk
4545.67,729.0,1574.01,2331.66,614.35,1,Medium Risk
4779.21,688.0,1456.12,1623.55,423.15,0,Low Risk
4194.95,682.0,1724.73,1945.68,376.22,0,Low Risk
3849.63,706.0,587.13,1000.0,722.86,0,Low Risk
4781.64,715.0,1622.36,2504.07,668.84,1,Medium Risk
1794.54,731.0,2382.05,2219.94,612.85,2,High Risk
4230.4,663.0,366.11,2086.6,353.98,0,Low Risk
4701.5,679.0,1850.73,3140.73,319.16,1,Medium Risk
4634.02,672.0,1264.09,2075.98,323.31,0,Low Risk
5069.41,636.0,1185.62,2682.15,370.07,0,Low Risk
4923.67,689.0,1185.89,1953.72,575.84,0,Low Risk
4335.15,792.0,1392.54,2410.97,351.12,1,Medium Risk
3756.91,632.0,1047.01,3119.97,196.84,1,Medium Risk
3703.98,627.0,1895.62,2069.51,1029.84,1,Medium Risk
3598.08,640.0,1202.26,1729.19,611.64,1,Medium Risk
4545.36,763.0,1685.28,2366.2,423.1,1,Medium Risk
2892.75,687.0,1114.0,2285.0,105.01,1,Medium Risk
4794.07,640.0,1684.27,2294.82,495.9,0,Low Risk
4100.14,744.0,1606.13,1937.24,358.0,1,Medium Risk
3614.14,648.0,952.5,1151.84,738.36,0,Low Risk
5293.31,650.0,1812.33,2161.19,330.68,0,Low Risk
3331.15,667.0,863.62,2517.08,686.7,1,Medium Risk
5941.25,686.0,726.75,2515.65,651.86,0,Low Risk
4373.5,681.0,1223.07,2605.64,390.81,0,Low Risk
3270.53,620.0,1478.25,3401.18,564.55,2,High Risk
4569.73,703.0,1127.25,2242.08,488.43,0,Low Risk
4074.98,654.0,1650.43,3050.1,717.86,1,Medium Risk
4819.38,604.0,1584.54,3060.69,793.26,1,Medium Risk
3497.41,650.0,790.89,3182.4,745.91,2,High Risk
2733.95,677.0,906.49,1856.22,495.89,1,Medium Risk
5235.56,706.0,1793.05,2786.8,455.22,1,Medium Risk
2108.86,660.0,1586.08,2158.27,392.67,2,High Risk
3578.14,591.0,1445.13,2086.62,552.3,1,Medium Risk
3398.49,698.0,1450.66,2450.75,378.85,1,Medium Risk
4757.04,601.0,1220.86,1431.37,404.84,0,Low Risk
3330.29,685.0,1692.47,2385.59,568.51,1,Medium Risk
5436.27,661.0,1588.28,2246.11,601.31,0,Low Risk
3664.43,661.0,1381.6,2168.28,428.05,1,Medium Risk
3863.43,589.0,652.34,2232.63,381.46,0,Low Risk
2254.13,735.0,1955.03,3063.51,428.13,2,High Risk
4273.24,700.0,1520.62,1555.72,618.15,0,Low Risk
4823.73,698.0,1778.03,3054.5,418.02,1,Medium Risk
4861.04,578.0,1457.29,1453.88,977.44,0,Low Risk
5648.44,641.0,1918.23,1602.6,499.09,0,Low Risk
3965.94,811.0,382.8,2381.94,500.59,0,Low Risk
3678.87,712.0,1088.68,2044.41,716.07,1,Medium Risk
4750.44,781.0,1719.79,2500.25,497.51,0,Low Risk
3791.23,620.0,1349.77,2354.17,810.9,1,Medium Risk
4481.62,718.0,1209.92,2023.32,706.62,0,Low Risk
5545.12,722.0,1202.94,3119.43,265.47,0,Low Risk
4110.99,724.0,875.99,1375.04,199.98,0,Low Risk
4757.29,703.0,1714.23,2888.12,667.41,1,Medium Risk
3988.51,759.0,765.94,2575.14,309.24,0,Low Risk
5569.24,711.0,1354.42,2117.77,704.9,0,Low Risk
4280.45,621.0,1518.92,3438.13,109.94,1,Medium Risk
4381.37,619.0,860.31,1804.62,319.05,0,Low Risk
685.28,647.0,1472.97,1198.89,283.97,2,High Risk
3784.62,762.0,782.44,2739.56,721.39,1,Medium Risk
3530.64,706.0,803.78,1014.29,557.45,0,Low Risk
4102.74,655.0,1139.67,2263.92,891.01,1,Medium Risk
3443.28,718.0,1157.9,2720.59,545.94,1,Medium Risk
4415.51,685.0,1530.83,2225.26,531.76,1,Medium Risk
4106.89,639.0,1249.31,2327.02,298.07,1,Medium Risk
4067.94,679.0,1054.49,2868.43,65.61,1,Medium Risk
4501.42,716.0,934.37,2174.65,525.57,0,Low Risk
5713.73,571.0,2037.21,1000.0,178.65,0,Low Risk
3595.8,649.0,1642.4,1739.46,483.73,1,Medium Risk
4235.87,652.0,1095.78,2898.36,795.01,1,Medium Risk
4199.27,765.0,1004.45,1946.65,909.8,1,Medium Risk
4158.12,722.0,839.25,1125.19,576.14,0,Low Risk
3254.55,704.0,2079.99,2088.32,408.23,1,Medium Risk
2752.78,697.0,832.95,2445.34,167.78,1,Medium Risk
3691.1,626.0,790.68,3231.56,275.53,1,Medium Risk
3133.24,628.0,903.82,2305.14,373.85,1,Medium Risk
4090.06,655.0,316.24,3142.37,695.36,0,Low Risk
