surplus,expense_ratio,debt_pressure,cluster_id,risk_level,risk_band
-1150.4700000000003,136.87900294270383,4.031632463344424,2,1,Medium Risk
-2040.44,162.54337244516375,13.9217885999436,2,1,Medium Risk
-24.850000000000364,100.84777565502185,33.15433951965066,2,1,Medium Risk
306.3499999999999,91.26409052153109,13.76643597135842,1,0,Low Risk
1879.15,59.209832272236895,5.724928205050284,1,0,Low Risk
718.6699999999996,82.15987032040097,8.023056357502625,1,0,Low Risk
204.60999999999967,95.0642270441086,14.712033675475523,2,1,Medium Risk
-2380.2400000000007,174.32745123143175,16.382866439543214,0,2,High Risk
-147.96000000000004,103.10506997739822,2.167840826339791,1,0,Low Risk
744.0299999999997,79.22742539344854,17.96531901646942,1,0,Low Risk
-1036.8200000000006,127.05187713132484,8.253689947843693,2,1,Medium Risk
-1412.8400000000001,166.11974035820086,13.352271397750831,2,1,Medium Risk
1893.6,65.33721892321323,12.445175840026945,1,0,Low Risk
-2225.33,205.4328977665754,15.705987700529695,0,2,High Risk
-576.1599999999999,116.42749815384528,18.55791793664054,2,1,Medium Risk
-597.6700000000001,128.47973391531417,31.23397726081446,0,2,High Risk
-545.7100000000005,114.83855179258495,13.920302367000668,2,1,Medium Risk
-2454.18,230.25119547391716,29.232189959611286,0,2,High Risk
84.42000000000007,97.71671837092373,9.508264116344044,2,1,Medium Risk
1467.6799999999998,68.94673033833863,7.821502095706394,1,0,Low Risk
-1083.3400000000006,137.21257754480942,15.393202849664403,2,1,Medium Risk
-83.55999999999995,102.10344541136254,11.824202712125523,2,1,Medium Risk
858.0300000000007,83.29657280239834,8.343440045942552,1,0,Low Risk
959.8500000000004,76.72650828520301,7.480202317044192,1,0,Low Risk
1807.2899999999995,60.90215641819976,6.889808068396186,1,0,Low Risk
1140.2100000000005,76.53710261892365,16.198146772490908,1,0,Low Risk
1520.9399999999996,71.90919719191707,9.986757462087002,1,0,Low Risk
3259.8300000000004,46.051723538728105,6.939169318710271,1,0,Low Risk
994.8799999999997,77.50636454485026,9.955369053163734,1,0,Low Risk
1964.3200000000002,51.04815638114415,17.948743508208814,1,0,Low Risk
-644.81,120.38209513814915,11.94553058057093,2,1,Medium Risk
-953.5799999999999,131.99546363526554,12.26194151042156,2,1,Medium Risk
-544.9500000000003,115.49919083956439,13.623758884410936,2,1,Medium Risk
477.80999999999995,87.6055439257282,6.426409133002855,1,0,Low Risk
1214.9899999999998,67.38789664964919,15.801029638338191,1,0,Low Risk
821.5199999999995,84.85289318369131,6.094833514946687,1,0,Low Risk
782.0700000000006,85.17113294159806,8.080819572352516,1,0,Low Risk
825.0799999999995,80.70886300879826,11.238745005249019,1,0,Low Risk
762.9200000000001,84.04397047720433,15.520382148287423,1,0,Low Risk
47.69999999999982,98.92993904914877,8.76350755660443,2,1,Medium Risk
247.76999999999998,93.44996867341841,14.910924120939109,2,1,Medium Risk
-1134.5200000000004,128.84257999893225,22.380633991696943,2,1,Medium Risk
436.37999999999965,89.2179705432524,14.884527671602479,1,0,Low Risk
104.51999999999998,97.43584082194403,8.803809439697364,1,0,Low Risk
-718.3099999999995,117.28676424579929,17.88215418529767,2,1,Medium Risk
-3207.49,268.7291225006181,28.87052399564433,0,2,High Risk
-2673.32,211.28678414280304,28.58266831516241,0,2,High Risk
-257.84000000000015,106.84959527775344,17.833015878075926,2,1,Medium Risk
-602.5799999999999,116.97590164580998,18.02418287027907,2,1,Medium Risk
1096.1200000000003,76.78946153634402,13.400712756563776,1,0,Low Risk
-1201.3399999999997,135.4005822793762,12.240832635933945,2,1,Medium Risk
-871.9000000000005,120.44338151678215,3.6080141619479713,2,1,Medium Risk
-911.71,128.75820910587774,9.678070568344552,2,1,Medium Risk
1661.9500000000003,63.66035623543199,3.201133516130302,1,0,Low Risk
-1728.3899999999994,161.70793882010196,4.488882224411979,2,1,Medium Risk
1472.71,73.60048758189852,4.7069579012467395,1,0,Low Risk
564.6000000000004,86.15640370535648,14.46099224699761,1,0,Low Risk
225.54999999999973,94.52020514913643,11.801177348075695,1,0,Low Risk
204.1300000000001,95.21729860429372,11.013825856530673,1,0,Low Risk
1643.1500000000005,69.94294620040718,5.487884070484033,1,0,Low Risk
-837.7099999999996,123.30928325574794,20.190100420435797,2,1,Medium Risk
2533.0699999999997,51.439520581559414,6.184628243666033,1,0,Low Risk
-1564.520000000001,139.1381462589714,9.989668361922535,2,1,Medium Risk
1499.7499999999995,69.00504062049852,14.943920771944475,1,0,Low Risk
-311.72000000000025,108.62704073019327,14.29417511464621,2,1,Medium Risk
1544.85,61.90907095956545,6.470662205444697,1,0,Low Risk
-1813.33,139.9971325532408,12.54044754226727,2,1,Medium Risk
1288.8500000000004,76.70528484673221,7.5348828802776175,1,0,Low Risk
2189.5499999999997,58.650599406259204,9.928350745197575,1,0,Low Risk
1258.58,66.0353630760263,18.516499530435347,1,0,Low Risk
2235.02,50.57222913934526,6.212805105942558,1,0,Low Risk
-595.3999999999996,116.4044182272538,0.13032062179192233,2,1,Medium Risk
-1852.7200000000003,171.63952872394316,23.3600266030462,0,2,High Risk
-626.3099999999995,117.03294760745706,9.976203750288953,2,1,Medium Risk
215.84000000000015,93.43036811123083,21.508665558741345,2,1,Medium Risk
348.99000000000024,90.85177884262511,9.641557706220969,1,0,Low Risk
-1575.19,169.02219398374342,25.141204565869902,0,2,High Risk
868.9900000000002,78.29489312172483,16.496320829649168,1,0,Low Risk
-815.79,119.5644822831105,15.197313987649142,2,1,Medium Risk
-929.6700000000001,122.37693731511412,15.279245364765234,2,1,Medium Risk
1956.8200000000002,64.62080025456564,10.193292701668238,1,0,Low Risk
-905.44,140.2596709648733,37.02845709204091,0,2,High Risk
65.31999999999925,98.4099589344875,7.258152855233724,1,0,Low Risk
-1374.2800000000002,141.87618266971788,2.799708693784147,2,1,Medium Risk
-609.8000000000002,116.7426280819285,21.483444072264017,2,1,Medium Risk
-238.69000000000005,106.89176274249945,11.9896287185173,2,1,Medium Risk
234.10999999999967,94.90977798361023,8.38470085079829,1,0,Low Risk
-1055.06,131.2534436077753,26.224739470706375,2,1,Medium Risk
-309.1300000000001,107.68240524669037,11.696451426114661,2,1,Medium Risk
1598.9300000000003,67.86729153017873,23.148419821463737,1,0,Low Risk
-303.1500000000001,107.82486145491058,9.289683779060914,2,1,Medium Risk
182.72000000000025,94.83787853532714,19.23280116848371,2,1,Medium Risk
-1074.2899999999995,137.93021876368155,12.217012442272654,2,1,Medium Risk
312.1699999999996,90.96902790555046,14.254800877147305,1,0,Low Risk
-2165.5900000000006,173.28735367673687,10.966418832256602,2,1,Medium Risk
756.6299999999992,82.70354419268119,18.09655090433606,1,0,Low Risk
479.4499999999998,84.95125518678711,13.228268852911821,1,0,Low Risk
-83.55000000000018,102.65198525934227,17.093005170657076,2,1,Medium Risk
-956.02,125.17790079693236,9.809694869188268,2,1,Medium Risk
830.4399999999996,73.6609903929411,23.100393607135043,1,0,Low Risk
2325.2699999999995,53.0602192691164,22.412606258314444,1,0,Low Risk
952.6799999999994,82.02314189316688,9.362428011804932,1,0,Low Risk
-518.3200000000002,115.86896287791811,5.0397244546498285,2,1,Medium Risk
-176.29999999999973,104.63326754426308,6.106557269341856,2,1,Medium Risk
1111.29,76.331410096673,3.186651928241761,1,0,Low Risk
-1002.9499999999998,132.7484253523978,16.07920093776836,2,1,Medium Risk
-1600.8899999999994,162.34286648908824,19.68238391202081,0,2,High Risk
-65.48000000000002,101.83718418136161,15.265911928510304,2,1,Medium Risk
-1719.1599999999999,156.95789020309445,23.947917702017694,0,2,High Risk
215.8000000000011,95.07972083457781,13.880750490773904,2,1,Medium Risk
-1131.4100000000008,133.6191860033221,18.624400883112408,2,1,Medium Risk
298.21000000000004,93.78467605117153,12.836026827956767,1,0,Low Risk
-540.71,113.72318609585494,9.546917352770983,2,1,Medium Risk
1910.9400000000005,58.24159014724071,11.953201141563486,1,0,Low Risk
1510.4699999999998,70.44714620002036,5.105574555671208,1,0,Low Risk
1119.2399999999998,79.70483117278746,14.685184077057958,1,0,Low Risk
-958.1099999999997,125.63251263420074,9.247245088780508,2,1,Medium Risk
-449.2300000000005,116.1101528067162,33.05839361087901,0,2,High Risk
-1243.92,139.55029314883822,17.093883935952384,2,1,Medium Risk
-740.3199999999997,122.03136624706126,16.838675118293008,2,1,Medium Risk
-925.6100000000001,135.90168258228675,18.903645207084068,2,1,Medium Risk
315.3299999999999,93.04361829797749,11.238793194733683,1,0,Low Risk
2208.6400000000003,64.07605601730616,15.921016248922431,1,0,Low Risk
-1447.9099999999999,174.3558931221659,35.32073107478675,0,2,High Risk
-659.6500000000001,122.60174468405869,18.307875747795162,2,1,Medium Risk
460.6200000000008,90.28973530875022,9.425462303210193,1,0,Low Risk
-2143.31,182.49369743856207,17.358120200912186,0,2,High Risk
-79.15000000000009,102.27279253409907,20.219095477386933,2,1,Medium Risk
-1446.4099999999999,133.53022312373224,10.642016806722689,2,1,Medium Risk
-1622.67,167.22637898033759,32.126078202291886,0,2,High Risk
-202.4100000000003,106.03857456107639,18.352302391145454,2,1,Medium Risk
980.0600000000009,79.25495998357431,10.108566118650131,1,0,Low Risk
1343.79,71.67832167832168,9.983897958581503,1,0,Low Risk
806.2800000000002,79.941337592453,8.995648831603065,1,0,Low Risk
-2050.4,160.90652820313267,17.566471704782753,0,2,High Risk
29.26000000000022,99.30929477722042,8.870109176748302,2,1,Medium Risk
-833.4299999999994,124.57741577805037,12.401800037746533,2,1,Medium Risk
-959.9699999999998,136.9386875581995,29.181705543285023,0,2,High Risk
-360.8800000000001,110.27703102929787,1.0673440561352348,2,1,Medium Risk
76.88000000000011,97.94202991658904,15.32395361536732,2,1,Medium Risk
-486.78999999999996,117.20118163379247,19.724167661962277,2,1,Medium Risk
-2233.5700000000006,199.28301551317958,25.043339111881586,0,2,High Risk
1792.3200000000002,66.02320701101205,14.0889418838967,1,0,Low Risk
3512.3900000000003,39.67743375902505,8.723302671622001,1,0,Low Risk
-1024.04,136.0404876537996,15.539741532224005,2,1,Medium Risk
2415.12,53.31622001948444,4.906869036757542,1,0,Low Risk
-654.1799999999998,116.70488496207963,9.431832690687164,2,1,Medium Risk
1736.6,64.34518200053793,7.622895788805872,1,0,Low Risk
-1274.5300000000002,139.9207554852552,13.41205581570169,2,1,Medium Risk
-624.6099999999988,114.30973692590713,12.012792874112527,2,1,Medium Risk
1694.5900000000001,61.69561099545435,9.039310489804498,1,0,Low Risk
153.88999999999987,96.10465219295249,16.608321246592297,2,1,Medium Risk
-1023.2800000000007,128.80782863046826,15.130247262879038,2,1,Medium Risk
-677.3399999999992,117.91506649316024,11.975910115212493,2,1,Medium Risk
-552.0,112.69549218031278,4.851655933762649,2,1,Medium Risk
-154.8099999999995,103.47764164633679,13.486672147866601,2,1,Medium Risk
-143.94999999999982,103.18869215995959,17.970977252740678,2,1,Medium Risk
1210.2300000000005,71.35523176550784,11.334545179125955,1,0,Low Risk
-11.38000000000011,100.32302382087789,7.920044508027341,2,1,Medium Risk
3053.1899999999996,45.4758290622712,10.480918620640391,1,0,Low Risk
-818.9699999999993,119.74149505721385,8.901836098609849,2,1,Medium Risk
1108.9,78.56667929458881,13.441005698027725,1,0,Low Risk
-3116.25,454.7360752216922,87.24828394822816,0,2,High Risk
1870.02,67.66959020347194,12.253612927876295,1,0,Low Risk
-194.51000000000022,105.40547300320422,16.5107172930116,2,1,Medium Risk
1196.8599999999997,68.09411338177979,5.598445305793849,1,0,Low Risk
761.5800000000004,81.04669017642271,7.993897749981957,1,0,Low Risk
1081.92,75.44216451788633,15.67005629199201,1,0,Low Risk
433.1100000000001,89.14092155869685,12.635704006057477,1,0,Low Risk
-1656.21,170.50402281724917,23.326806010812653,0,2,High Risk
-233.05000000000018,106.88582327027116,8.783598119657613,2,1,Medium Risk
-324.90999999999985,111.71775822273513,13.127163877668782,2,1,Medium Risk
-827.5200000000009,121.82485679020164,11.512960091147892,2,1,Medium Risk
768.7000000000007,86.25325696055165,14.14124434223256,1,0,Low Risk
1041.7300000000005,80.93333723794845,10.627569267262365,1,0,Low Risk
2551.0900000000006,53.621267652748074,2.3983012638713146,1,0,Low Risk
-322.4899999999998,106.73780054656226,14.56684523262325,2,1,Medium Risk
-649.5,121.39553576134507,20.1239919886154,2,1,Medium Risk
-2896.41,230.6460561391797,44.09807892683323,0,2,High Risk
780.5499999999997,82.96456507315712,10.382328805391627,1,0,Low Risk
-2070.1599999999994,188.64566740318242,34.841477827449765,0,2,High Risk
228.53999999999996,94.95416490038153,10.994462696057653,1,0,Low Risk
182.57000000000016,94.1242163261628,2.8852714375828734,1,0,Low Risk
874.3400000000001,81.4802027489298,7.113157710792589,1,0,Low Risk
-985.9300000000007,125.22489100845327,14.407352068280902,2,1,Medium Risk
-406.3100000000004,108.44054269089429,11.870895905305384,2,1,Medium Risk
-730.3499999999999,119.23456770615238,10.06539252634268,2,1,Medium Risk
862.46,78.53674803586583,10.305576224830837,1,0,Low Risk
2654.8799999999997,57.092501757589964,11.859489773654735,1,0,Low Risk
-830.6800000000003,131.91608714027743,11.793137895262612,2,1,Medium Risk
-547.9700000000003,113.80030271664263,16.132631191902707,2,1,Medium Risk
1428.6800000000003,70.82004044035048,11.086579113988684,1,0,Low Risk
-976.29,145.41961116357834,24.991974840543577,0,2,High Risk
196.9900000000007,95.54836930975881,8.58214014535199,1,0,Low Risk
1209.54,73.21751222277332,6.584576277191243,1,0,Low Risk
587.8900000000003,88.14823924070026,15.756920868646631,1,0,Low Risk
130.1300000000001,96.36435260722827,19.482968641738,2,1,Medium Risk
713.2599999999993,82.99867471372865,18.806908650591613,1,0,Low Risk
758.73,80.35055278880593,11.255707230410247,1,0,Low Risk
500.97999999999956,89.17621437568462,9.664233198156643,1,0,Low Risk
1038.2900000000004,79.1745559281783,9.561784952102823,1,0,Low Risk
430.4400000000005,91.32282385195339,13.078861428053056,1,0,Low Risk
-1000.3699999999999,129.41875340028525,11.01236601038098,2,1,Medium Risk
-158.3800000000001,103.61468606001958,8.098238759166234,2,1,Medium Risk
562.4900000000002,85.66944620660311,8.434158533136651,1,0,Low Risk
-2235.7400000000007,209.24967626866038,17.694544210706344,0,2,High Risk
879.9000000000001,79.5461043685653,22.32052572485919,1,0,Low Risk
664.3499999999999,83.51599272505317,12.89144399754855,1,0,Low Risk
169.55000000000018,96.33712690758888,15.57914657541349,2,1,Medium Risk
952.6900000000005,77.31539245473506,18.60481174935472,1,0,Low Risk
284.9499999999998,92.35485082635759,19.20100880017171,2,1,Medium Risk
204.71000000000004,95.5168411370505,15.288861635495598,2,1,Medium Risk
249.4699999999998,93.61247241126799,12.63653541855499,1,0,Low Risk
814.4500000000003,82.39316350178132,2.770139393310504,1,0,Low Risk
-641.8899999999994,115.45326512187782,13.899247667770087,2,1,Medium Risk
27.940000000000055,99.04618199694123,25.134162661131743,2,1,Medium Risk
-1263.8400000000001,153.14405375629693,0.0,2,1,Medium Risk
-687.02,123.4269132274663,15.788325075615237,2,1,Medium Risk
-1313.6200000000008,132.7705349079715,14.655710059023985,2,1,Medium Risk
171.72000000000025,95.72723155857017,18.10925268851986,2,1,Medium Risk
1710.5400000000004,63.830934453163145,2.449627745390957,1,0,Low Risk
1146.17,73.78361192691607,7.924363443398384,1,0,Low Risk
-624.9200000000001,113.72551603565138,12.30380981247447,2,1,Medium Risk
2091.3900000000003,55.928613875156465,13.789601008121446,1,0,Low Risk
1198.4699999999998,75.1373857193535,7.063150753987765,1,0,Low Risk
1745.04,70.45925078251565,9.462472258571278,1,0,Low Risk
1550.2200000000003,70.16960502464987,12.211215406463234,1,0,Low Risk
-1469.6000000000004,148.85102365764396,11.028377870778803,2,1,Medium Risk
-16.920000000000982,100.36869171097361,5.356053342630524,1,0,Low Risk
1715.9600000000005,58.66670520676763,14.206603846302073,1,0,Low Risk
1696.8900000000003,62.43849097867687,16.647667028951023,1,0,Low Risk
-1267.0300000000002,138.59789681475888,9.37690395535301,2,1,Medium Risk
3977.75,31.34518730237632,1.551475360037557,1,0,Low Risk
-1485.21,262.1337496179206,44.69564647831973,0,2,High Risk
-406.25999999999976,112.70829358016272,13.296067016807381,2,1,Medium Risk
-890.9699999999998,122.93494852977138,19.62407040828672,2,1,Medium Risk
3002.05,52.37298219172649,9.952643477571096,1,0,Low Risk
3373.7900000000004,48.7331404501553,3.533895368980252,1,0,Low Risk
-2488.3800000000006,208.04856232251566,19.784456930465215,0,2,High Risk
-1069.27,131.06888926984755,10.540415677546264,2,1,Medium Risk
-259.8000000000002,109.48313622426633,7.400715432909914,2,1,Medium Risk
-623.1399999999999,117.55887806225098,13.572245735250194,2,1,Medium Risk
538.5499999999997,87.68510642190087,12.381664517191231,1,0,Low Risk
-908.1600000000003,131.48523089724034,10.145610872278462,2,1,Medium Risk
2112.25,57.11228469849159,12.713727926709673,1,0,Low Risk
-1476.4299999999998,141.51963734329215,13.121277397510672,2,1,Medium Risk
-1011.6999999999998,134.85675894502918,7.296594256576341,2,1,Medium Risk
580.5500000000006,87.16854940843376,15.587377857542275,1,0,Low Risk
80.08000000000038,97.79067104780349,22.390423298378042,2,1,Medium Risk
-735.2000000000007,115.85511290729549,14.86697189340499,2,1,Medium Risk
2081.13,45.643100422081986,9.644155627063396,1,0,Low Risk
192.38999999999942,95.54436184256238,8.274624238634523,1,0,Low Risk
-464.47000000000025,113.20203401200058,9.866777330259765,2,1,Medium Risk
558.4900000000002,86.32365401286113,7.368707176475775,1,0,Low Risk
201.98999999999978,95.46653260105981,9.028555525380819,1,0,Low Risk
1488.42,60.70655445147256,18.801412897707475,1,0,Low Risk
-1068.2800000000007,131.61059328303006,6.384672288800118,2,1,Medium Risk
-548.5699999999997,113.41873588888699,14.954171752578832,2,1,Medium Risk
2997.24,56.06205645947464,3.48103724531007,1,0,Low Risk
2008.9300000000003,65.7735215145361,10.297264512259945,1,0,Low Risk
-1964.5100000000002,174.2352616642671,20.312281537072096,0,2,High Risk
-385.05999999999995,112.92199685893391,9.924560720565928,2,1,Medium Risk
-188.98999999999978,104.82836675046497,12.187800192122959,2,1,Medium Risk
-612.71,124.73676985934144,23.732296561859084,2,1,Medium Risk
1050.2200000000003,73.98049689317887,20.29913682896132,1,0,Low Risk
34.409999999999854,99.26976008828242,4.087518436382544,1,0,Low Risk
-1511.7900000000004,139.89881395385663,22.00941658353259,2,1,Medium Risk
402.0799999999999,88.97652906519278,8.678844904304055,1,0,Low Risk
2109.74,57.91185136863189,8.146556625510955,1,0,Low Risk
-2213.35,178.35394238904564,21.62941932377753,0,2,High Risk
798.1500000000001,78.14856185423066,3.4451982412624362,1,0,Low Risk
-632.73,122.3496582540047,25.391639144487026,2,1,Medium Risk
116.4699999999998,97.02423383027377,15.958813985871052,2,1,Medium Risk
433.170000000001,91.41688644420093,11.339530036042854,1,0,Low Risk
-811.8399999999997,124.80392785889526,11.284345086968344,2,1,Medium Risk
-571.0199999999995,117.18857707045865,17.554009674632535,2,1,Medium Risk
-1209.2099999999996,131.217987112231,5.978406790862902,2,1,Medium Risk
32.86000000000058,99.23290076032933,13.791912075393295,2,1,Medium Risk
-96.47999999999956,102.03491069846706,12.010360158945762,2,1,Medium Risk
-943.2400000000002,126.48479266813423,15.205366368659867,2,1,Medium Risk
-683.1800000000003,122.08329966221132,20.66975902251386,2,1,Medium Risk
-1653.23,198.34800713860795,56.663295657346815,0,2,High Risk
-82.13000000000011,101.92134487122802,12.534008950524141,2,1,Medium Risk
204.15999999999985,94.07199207895493,20.160337283209305,2,1,Medium Risk
-68.57999999999993,102.293108636774,20.64800882736483,2,1,Medium Risk
75.84999999999991,97.94352488239998,10.465926498298698,2,1,Medium Risk
-284.6199999999999,106.4222212193691,20.493027663703238,2,1,Medium Risk
-2822.5200000000004,213.6856859759782,25.86174951867695,0,2,High Risk
1054.1499999999996,72.92677915607264,14.088399208978606,1,0,Low Risk
1719.2199999999993,62.89610728753241,7.925275114221772,1,0,Low Risk
-657.4900000000007,115.13747104842685,14.760352345825678,2,1,Medium Risk
-298.14999999999964,109.27539027258415,17.974315739697985,2,1,Medium Risk
-2348.5500000000006,181.7614989347036,15.363245185278021,0,2,High Risk
-130.86000000000013,104.3777745810738,12.554571639808776,2,1,Medium Risk
-2599.29,208.20276075662716,21.193136406021047,0,2,High Risk
662.3399999999997,83.10132976823456,12.903497402716688,1,0,Low Risk
1234.9399999999996,74.53794957650534,10.567367405342548,1,0,Low Risk
519.48,86.912421962784,10.817885449680796,1,0,Low Risk
-912.0700000000002,126.90297384830484,18.559267540159638,2,1,Medium Risk
-144.04000000000087,103.47877330010098,14.028121935786153,2,1,Medium Risk
1136.85,72.50611861898176,7.4688264827372715,1,0,Low Risk
266.2099999999996,93.33054405884536,19.550141802038343,2,1,Medium Risk
624.31,86.71694981968278,10.931160306805246,1,0,Low Risk
826.4499999999998,81.09043733726267,11.427878477259103,1,0,Low Risk
-917.1400000000003,128.7001774320235,24.023732706636334,2,1,Medium Risk
-964.46,130.20119306705914,9.027227606507068,2,1,Medium Risk
669.9100000000003,84.33479405671098,6.908582412391673,1,0,Low Risk
-392.5100000000002,112.03619659744626,19.433745875599495,2,1,Medium Risk
1166.5600000000004,73.14561166845456,18.643790774443946,1,0,Low Risk
-1403.2100000000005,147.07147218066302,26.52380728743853,0,2,High Risk
3101.1100000000006,48.80063002213993,8.864061496500703,1,0,Low Risk
75.23000000000002,97.06723947044239,29.2165011149402,2,1,Medium Risk
643.0500000000002,85.29051826876227,14.345776328039397,1,0,Low Risk
1393.4100000000003,72.35807678345067,15.087692152043372,1,0,Low Risk
-1477.2599999999998,159.13605303294142,16.14446352584195,2,1,Medium Risk
-731.1700000000001,122.0598040724214,27.35714996877348,2,1,Medium Risk
59.599999999999454,98.43333937917131,20.29377515265741,2,1,Medium Risk
-359.8299999999999,109.12725086686434,17.515859749338595,2,1,Medium Risk
-855.6599999999994,124.38312678279848,5.35160134844396,2,1,Medium Risk
221.34000000000015,95.73229986117538,16.543652629955268,2,1,Medium Risk
-2745.2700000000004,226.97532434495042,23.206216322471725,0,2,High Risk
-1049.0900000000001,130.39369348750026,18.01128149562386,2,1,Medium Risk
-1234.1299999999997,138.42223896488812,15.491497562281678,2,1,Medium Risk
-1651.56,141.1298275673145,18.056620877205216,2,1,Medium Risk
-631.8000000000002,117.23094041989168,4.94291807803287,2,1,Medium Risk
-245.4400000000005,106.15174847609883,11.387401748476098,2,1,Medium Risk
-3677.12,339.732957805247,36.857820893965474,0,2,High Risk
2740.8,49.20380749043679,10.836261601874092,1,0,Low Risk
1063.4300000000003,79.00293405677775,11.617956585437126,1,0,Low Risk
-1092.0800000000004,142.71827950259538,27.721819540225397,0,2,High Risk
-1542.8499999999997,179.13187534620354,46.27228525121556,0,2,High Risk
-118.11000000000013,103.25067429955415,7.188858920019816,2,1,Medium Risk
703.8599999999997,87.136544232407,9.499285424487097,1,0,Low Risk
1454.9099999999999,68.03702222827592,11.239361491785777,1,0,Low Risk
-596.3700000000003,116.79513355957025,16.71853218243519,2,1,Medium Risk
-947.31,127.80799680620912,12.136992494004302,2,1,Medium Risk
-935.8199999999997,127.02666797590237,18.833355474819356,2,1,Medium Risk
1201.5300000000002,67.17104238559331,12.161848321161104,1,0,Low Risk
-470.4199999999996,112.24102129076914,11.287334308271186,2,1,Medium Risk
280.6300000000001,91.29492051182628,5.18030244280729,1,0,Low Risk
293.1300000000001,93.18334030975302,8.187758708897261,1,0,Low Risk
825.1599999999994,81.10386963511206,9.062658868467215,1,0,Low Risk
229.76000000000022,93.84977782536538,14.449917019112373,2,1,Medium Risk
-972.0200000000004,131.63880426008387,10.745254277009609,2,1,Medium Risk
571.2099999999996,84.73896118816009,8.505903129366567,1,0,Low Risk
-2051.28,184.81129891178514,17.551185790361526,0,2,High Risk
244.34999999999945,93.87564821382473,14.703958333855496,2,1,Medium Risk
487.7300000000005,88.37849880503907,1.1692269567931681,1,0,Low Risk
1007.73,76.51050201275952,10.697111742534608,1,0,Low Risk
309.19000000000005,92.5501232449937,11.134938208839424,1,0,Low Risk
-1043.38,129.80055466538712,16.23153138486409,2,1,Medium Risk
1946.0900000000001,53.054568524857494,10.731094241128183,1,0,Low Risk
-1552.6300000000006,145.37890035890905,12.502192033856693,2,1,Medium Risk
-1506.88,155.89732175977446,26.992358483567024,0,2,High Risk
1965.2399999999993,63.65673960321337,9.685174500318082,1,0,Low Risk
-999.4200000000001,126.30080316634913,16.328066611227488,2,1,Medium Risk
1248.5700000000002,74.49342095855235,13.33581200754225,1,0,Low Risk
338.8200000000006,92.89220622293826,10.893288691974625,1,0,Low Risk
786.48,82.89561820918114,16.33341452593669,1,0,Low Risk
476.3000000000002,89.99531588377509,10.322069749221239,1,0,Low Risk
611.3499999999999,83.18540745854455,13.975350882742044,1,0,Low Risk
-213.55999999999995,107.81406649054892,24.309372049966704,2,1,Medium Risk
-727.7399999999993,119.892520145639,12.273532402497294,2,1,Medium Risk
-451.75,111.2876546664801,5.767635476842506,2,1,Medium Risk
600.2500000000005,84.90825526608235,14.051602327183494,1,0,Low Risk
-1249.6100000000006,129.3721793907484,13.378854832643853,2,1,Medium Risk
-990.139999999999,129.45688003522423,31.508157509549818,0,2,High Risk
-617.8499999999999,118.55154708823133,19.898211953339644,2,1,Medium Risk
-1837.1699999999996,163.23142211070842,16.161929051065748,2,1,Medium Risk
-787.0900000000001,124.23649901155953,8.874717478460619,2,1,Medium Risk
2626.8600000000006,50.157391121205386,14.171652141904364,1,0,Low Risk
441.71999999999935,91.43427260545724,11.586381556111021,1,0,Low Risk
409.130000000001,90.97444970461191,6.546187751212215,1,0,Low Risk
176.3699999999999,95.2389821998348,15.24648666742251,2,1,Medium Risk
-569.94,123.15050631831642,39.64311971696542,0,2,High Risk
-1829.3899999999999,157.28587354075856,19.91426173655995,0,2,High Risk
1473.8000000000002,67.2032649864033,12.24992990248657,1,0,Low Risk
1072.67,81.3556994719589,8.479074763528663,1,0,Low Risk
-2913.9500000000003,360.5369979614463,65.52072529594793,0,2,High Risk
1768.5,69.79814194958672,5.268460960448118,1,0,Low Risk
216.51999999999998,94.7608481560615,20.328935110689546,2,1,Medium Risk
160.23999999999978,96.28400550071078,12.003469250980366,2,1,Medium Risk
-558.4200000000001,113.67500018366552,2.5132790173159854,2,1,Medium Risk
-540.8199999999997,116.38307346967214,17.421821277214494,2,1,Medium Risk
-1888.54,155.27558179354267,8.85063762406376,2,1,Medium Risk
277.4699999999998,92.56533167564729,23.750907663493305,2,1,Medium Risk
-2221.0000000000005,158.6450640184411,16.144687750020463,2,1,Medium Risk
-3769.31,556.1341304032142,103.56866256837213,0,2,High Risk
227.0,94.37768112783222,8.614036478199273,1,0,Low Risk
-1092.829999999999,125.10538781567524,8.844536029423589,2,1,Medium Risk
75.99000000000024,98.02997936391068,12.219623987639086,2,1,Medium Risk
-662.0600000000004,116.64914724861313,15.104588411030695,2,1,Medium Risk
-1242.96,145.7571150370155,19.535935032377054,2,1,Medium Risk
1657.1900000000005,66.668476861685,10.566309454849714,1,0,Low Risk
-380.0400000000004,114.62586735734548,35.73031199849139,0,2,High Risk
-238.67000000000007,106.3856143749231,12.694709467522113,2,1,Medium Risk
-1656.3600000000001,159.3417931943738,13.016530406059,2,1,Medium Risk
-776.3099999999995,122.01804418300577,22.404056963120322,2,1,Medium Risk
-1117.2799999999993,131.57362270922525,13.97199496983313,2,1,Medium Risk
1228.8000000000002,79.46565242675614,15.504869554754919,1,0,Low Risk
-435.5700000000006,110.51090980168826,9.541551841466417,2,1,Medium Risk
167.70999999999958,95.80390361313148,10.125825345713206,1,0,Low Risk
-718.4200000000001,118.30159599536358,10.470646677450993,2,1,Medium Risk
-1212.6700000000005,150.19973589326446,17.629745538541783,2,1,Medium Risk
1357.37,68.76636615077338,14.93099179448947,1,0,Low Risk
-617.9600000000005,119.51105540172328,10.464980440321668,2,1,Medium Risk
-1149.4300000000003,131.33806272901762,27.45103385098587,0,2,High Risk
1950.1500000000005,58.43094205292719,8.13475865156085,1,0,Low Risk
-1048.9299999999994,130.77087806995925,18.13461470764248,2,1,Medium Risk
-961.73,140.37353909188607,18.710958490059106,2,1,Medium Risk
-1603.9399999999996,160.02657135906887,16.71862427724032,2,1,Medium Risk
-1387.9,146.76165672179863,17.657503461892233,2,1,Medium Risk
-1155.9600000000005,136.23449166515164,18.11599200055169,2,1,Medium Risk
-454.9199999999996,112.0841523667853,17.391754768102853,2,1,Medium Risk
-1243.8899999999999,146.74292499802715,20.75885056348243,2,1,Medium Risk
156.76999999999998,95.32840059478933,12.00306334387227,2,1,Medium Risk
15.639999999999873,99.58380456910201,13.591814468379527,2,1,Medium Risk
-559.3600000000001,116.92220191923714,18.18737369459201,2,1,Medium Risk
2123.0099999999998,60.928761118135185,10.083019090157885,1,0,Low Risk
-698.0600000000009,117.478941938844,15.42071051550935,2,1,Medium Risk
617.7099999999996,86.13778508865437,12.259681737495146,1,0,Low Risk
1096.5700000000002,76.1553532326841,7.302323862042572,1,0,Low Risk
-43.98000000000002,101.1085122042203,18.659703388548905,2,1,Medium Risk
463.2600000000002,87.51340948663902,6.725497700845809,1,0,Low Risk
-1388.2400000000007,140.02664137081965,17.887200897272145,2,1,Medium Risk
-1597.4299999999996,200.05762569604948,18.945700308798568,0,2,High Risk
147.89000000000033,96.38051464289734,16.496815910169996,2,1,Medium Risk
-631.1900000000005,116.26468147827478,16.239170879780662,2,1,Medium Risk
822.4800000000005,83.84087640573058,3.0146093817535973,1,0,Low Risk
-605.75,116.50657401730362,14.494447850671024,2,1,Medium Risk
1713.9100000000008,59.10030258774566,6.6729188740299525,1,0,Low Risk
-482.3700000000008,111.59403917798343,9.012859031366423,2,1,Medium Risk
2675.46,58.23985090678083,6.5287596012318305,1,0,Low Risk
-1043.5500000000002,126.70947827511365,18.550104426880708,2,1,Medium Risk
907.9799999999996,76.52706685279976,20.071868052324078,1,0,Low Risk
1182.2900000000004,77.53620021698279,11.387796902580044,1,0,Low Risk
-2272.59,224.1547160534295,30.337895053129017,0,2,High Risk
434.9400000000005,90.76258479417898,16.641959366756858,1,0,Low Risk
-1265.21,135.4540588860026,21.4998080474361,2,1,Medium Risk
-1176.7300000000005,128.34421676618726,18.12663642910995,2,1,Medium Risk
-857.8400000000001,126.62586169971726,27.604808447373074,2,1,Medium Risk
-131.39999999999964,103.15781884597821,7.774626901540457,2,1,Medium Risk
1398.5899999999997,68.9503059258141,14.956619808363456,1,0,Low Risk
735.4000000000001,77.77018714274054,14.27586853154463,1,0,Low Risk
-227.36000000000058,105.44941625381396,9.474161052109324,2,1,Medium Risk
812.52,79.7255720990815,12.086754948710078,1,0,Low Risk
-1710.8500000000004,141.32088687083376,9.994928026277655,2,1,Medium Risk
-1568.6700000000005,146.29434523546027,17.52619914002485,2,1,Medium Risk
-14.529999999999745,100.34852817009516,9.54626573533927,2,1,Medium Risk
958.31,71.02588987957563,20.920522332780042,1,0,Low Risk
-226.85000000000036,105.71662571662573,11.403263403263402,2,1,Medium Risk
-1356.04,140.6812406812407,19.50601950601951,2,1,Medium Risk
656.4000000000005,84.27441669920867,9.090125033240778,1,0,Low Risk
-1007.71,142.1953772715853,21.828155095888118,2,1,Medium Risk
1193.38,74.46135540699018,7.7092303609796184,1,0,Low Risk
-489.59000000000015,113.73166059443373,13.537012573589013,2,1,Medium Risk
-2071.9700000000003,214.31873982730556,25.946646804049767,0,2,High Risk
-878.1300000000001,124.08197629455739,15.807010711876304,2,1,Medium Risk
2450.8900000000003,63.746268700871845,9.741168395859404,1,0,Low Risk
639.8600000000006,86.99431893248777,13.68883197658465,1,0,Low Risk
840.1199999999994,76.86397409135223,16.8990036406497,1,0,Low Risk
-1856.5800000000004,152.1942278173548,14.79733262863151,2,1,Medium Risk
748.8000000000002,85.6235276499421,15.837734784036126,1,0,Low Risk
-1860.6000000000004,172.59716494141426,23.585689704281464,0,2,High Risk
-1265.0100000000002,134.57605715800725,8.06886730825473,2,1,Medium Risk
1456.2799999999997,71.98405552862232,6.22580818924056,1,0,Low Risk
1365.46,71.34342516437876,11.615329565511207,1,0,Low Risk
1400.6599999999999,71.43789343605408,7.215874679592408,1,0,Low Risk
1157.7999999999997,75.94651642068874,11.69579344502061,1,0,Low Risk
-1342.2600000000002,155.8795367309726,19.850461687051947,2,1,Medium Risk
-1475.38,158.01730239874166,10.345654738497837,2,1,Medium Risk
938.71,80.36339979206805,8.380871096830607,1,0,Low Risk
-15.920000000000073,100.36886347417493,10.17178101743297,2,1,Medium Risk
-667.590000000001,115.5659651462654,9.146657091294028,2,1,Medium Risk
-1331.5499999999997,133.21037351849634,16.775659443712836,2,1,Medium Risk
1545.2900000000004,65.24329625147884,15.171546686699564,1,0,Low Risk
-2899.5700000000006,359.5018615307511,51.40330779694996,0,2,High Risk
-488.7799999999993,112.27208588803019,11.987868014441883,2,1,Medium Risk
-528.5,113.91382642073727,9.285800788757312,2,1,Medium Risk
-179.45999999999958,105.06833182237962,13.92901624204631,2,1,Medium Risk
2183.2,52.11640153617042,12.753679768565531,1,0,Low Risk
-165.67999999999984,104.56323194042018,8.991505910608247,2,1,Medium Risk
-429.8399999999997,111.45369519165433,12.520617663908762,2,1,Medium Risk
627.1900000000005,87.99666228400058,7.268335907431968,1,0,Low Risk
-1407.0700000000002,137.43342396364855,9.13894106191771,2,1,Medium Risk
-1179.75,161.88300584341332,29.59526232414683,0,2,High Risk
152.26000000000022,94.85482955313454,9.092752291097833,1,0,Low Risk
-1676.1800000000003,163.95900347615725,3.1754753482834803,2,1,Medium Risk
-1109.5300000000002,139.28958420385413,28.008696945445788,0,2,High Risk
-949.6599999999999,125.65989813426282,16.443886029262757,2,1,Medium Risk
-1528.8199999999997,143.11539025573342,9.248479925998623,2,1,Medium Risk
2468.99,54.420609573741444,7.689453377392974,1,0,Low Risk
774.0799999999995,81.07032113546772,16.15336835206542,1,0,Low Risk
-410.7399999999998,109.14261038732668,5.478799534344331,2,1,Medium Risk
3935.9800000000005,45.95950512055512,9.065421458963478,1,0,Low Risk
59.33999999999969,97.81936043392304,8.234541859901075,2,1,Medium Risk
-198.36000000000058,104.85947789275636,12.036247648165569,2,1,Medium Risk
123.81999999999971,96.30816753083732,22.478077694855823,2,1,Medium Risk
1956.1299999999997,62.40821275998778,15.009964236366677,1,0,Low Risk
-744.2999999999997,123.85569277021547,5.959275771552014,2,1,Medium Risk
898.8799999999992,81.21670953896435,20.684438296280664,1,0,Low Risk
486.3499999999999,88.76909150529043,19.12360349708807,2,1,Medium Risk
-76.61999999999989,102.37793750698299,25.441324345461997,2,1,Medium Risk
242.56999999999925,94.25697191818607,16.623221654793277,2,1,Medium Risk
1442.7700000000004,68.96387791803264,18.480299784024712,1,0,Low Risk
135.01999999999953,96.96955414155698,9.436981674129436,1,0,Low Risk
-1683.4600000000005,157.0950849917925,25.993379729491405,0,2,High Risk
-708.71,117.04797758079452,14.86066175144029,2,1,Medium Risk
2244.93,56.7083012733363,6.668093698113426,1,0,Low Risk
835.94,76.85940804553155,17.672542658147954,1,0,Low Risk
68.10000000000036,98.4590633548974,7.830492443527273,1,0,Low Risk
-1864.8999999999996,154.40928479317526,17.658437246538334,2,1,Medium Risk
472.0,89.85426249946262,15.882593181720479,1,0,Low Risk
-1707.88,166.4899187504623,7.651938971358272,2,1,Medium Risk
177.99000000000024,95.37817962753304,10.3409952532796,1,0,Low Risk
-662.5899999999997,116.86292873739905,14.204165150269644,2,1,Medium Risk
1870.2000000000003,57.505981472771516,15.268263089371043,1,0,Low Risk
736.1199999999999,83.1227846534086,9.018667375883274,1,0,Low Risk
145.73999999999978,96.91114944916134,15.4535782258714,2,1,Medium Risk
-44.89000000000033,101.15890021943979,20.770879049954818,2,1,Medium Risk
1922.2199999999998,62.812248498730895,14.129147836315237,1,0,Low Risk
1316.15,70.55625775998031,9.804140893278598,1,0,Low Risk
533.19,87.67153694793139,16.327427182782372,1,0,Low Risk
2179.22,61.85967387100105,10.193587681515798,1,0,Low Risk
387.90999999999985,88.14245801517384,11.87863374314518,1,0,Low Risk
897.0700000000006,85.72751383782183,7.64942381521357,1,0,Low Risk
-43.5,101.32664015419523,6.441676629175104,2,1,Medium Risk
-1518.1600000000003,141.77827923552155,13.518169434621683,2,1,Medium Risk
971.31,77.45564519872622,14.31074820584713,1,0,Low Risk
-1563.2399999999998,156.51443011615675,19.17074281747882,2,1,Medium Risk
-631.4099999999994,115.66051400594266,20.87101238634278,2,1,Medium Risk
203.79999999999927,95.75504218921516,10.557614158746425,1,0,Low Risk
-1238.08,141.9913038169596,15.190847979595851,2,1,Medium Risk
-1121.23,128.96501661078074,10.446450252907532,2,1,Medium Risk
552.3700000000008,86.84914743373028,11.48762219481651,1,0,Low Risk
-2892.5,346.46177179812713,20.76669421698861,0,2,High Risk
-1999.5900000000006,168.11335022890782,18.72411161979507,0,2,High Risk
-777.2799999999997,123.16836168969752,8.111370762939206,2,1,Medium Risk
1031.1099999999992,77.9782283228291,5.0420419330105535,1,0,Low Risk
710.0000000000009,86.26530403006929,4.35757410448815,1,0,Low Risk
2018.1600000000003,63.795794330490565,11.855488861541552,1,0,Low Risk
668.4100000000003,80.48865211997372,7.027658177041523,1,0,Low Risk
290.7000000000007,93.28911738157841,8.31923209219326,1,0,Low Risk
393.1700000000001,92.58442648459528,8.92520676354926,1,0,Low Risk
2151.8199999999993,64.1451775228777,9.158574218359472,1,0,Low Risk
1217.2799999999997,72.0857277826444,11.121175569508209,1,0,Low Risk
-816.81,122.14519456787846,15.493312872956789,2,1,Medium Risk
1907.4599999999996,62.56785026041156,5.007673015711039,1,0,Low Risk
203.79999999999973,94.54674865274188,12.159305580083593,2,1,Medium Risk
1691.4699999999998,67.13020091450204,5.262759013363856,1,0,Low Risk
162.9900000000007,96.29702835332606,11.155716103235186,2,1,Medium Risk
767.2500000000005,82.30724175145046,12.078117937885677,1,0,Low Risk
451.65999999999985,89.95406977390763,16.041770927167786,1,0,Low Risk
2839.5999999999995,55.229787106569695,7.936165080306059,1,0,Low Risk
1013.6799999999994,77.35592796286453,8.957060970651703,1,0,Low Risk
420.1800000000003,88.26539019015888,19.517467303787818,2,1,Medium Risk
-1808.5100000000002,162.0451278462209,17.817162578949716,2,1,Medium Risk
-671.7799999999997,115.10256018272888,8.246630036959434,2,1,Medium Risk
1699.1100000000001,68.84230717038982,8.890828605274642,1,0,Low Risk
939.9800000000005,80.76936453672617,11.032072881567451,1,0,Low Risk
721.1300000000001,85.7437138344078,10.094240589285397,1,0,Low Risk
200.40999999999985,95.74630207813763,8.481501370072356,1,0,Low Risk
295.12000000000035,90.63292505260885,17.30109407384602,2,1,Medium Risk
713.1800000000003,85.45296558138776,9.233301649335656,1,0,Low Risk
-2034.3000000000002,168.50463701937647,20.70090719899784,0,2,High Risk
-1136.7800000000002,141.44687429358964,19.122847954964744,2,1,Medium Risk
-784.1900000000005,121.93513918725387,14.713401808091659,2,1,Medium Risk
1864.4000000000005,60.95342013608918,13.267334197591108,1,0,Low Risk
-1117.5499999999997,155.079942433562,18.906730541755383,2,1,Medium Risk
2434.2699999999995,47.94797941243765,7.1725031593397786,1,0,Low Risk
-608.3199999999997,116.70327739214478,20.177818293647306,2,1,Medium Risk
-1087.0,130.2982158336748,12.517594985046005,2,1,Medium Risk
-1806.2799999999997,164.229226524052,12.56293915170825,2,1,Medium Risk
564.2599999999998,86.92886463246265,11.945543499411606,1,0,Low Risk
-405.9400000000005,111.73918952917737,12.757700282534074,2,1,Medium Risk
-418.71000000000004,111.31816891700117,12.104231710119073,2,1,Medium Risk
2175.4799999999996,55.68276266684051,4.454783983311875,1,0,Low Risk
-132.76000000000022,102.80161816873441,10.419757359101355,2,1,Medium Risk
-281.2999999999993,106.83166609594446,6.936096114474729,2,1,Medium Risk
2419.5899999999997,43.078381646489795,9.540926991535592,1,0,Low Risk
-3278.9500000000003,364.44424730228883,28.644934432311242,0,2,High Risk
-105.48999999999978,102.24867358314805,20.20864553068398,2,1,Medium Risk
207.33000000000038,92.39005160655688,12.542669005968158,2,1,Medium Risk
-1098.7200000000007,133.83123181377306,5.168968330946992,2,1,Medium Risk
-1886.8600000000001,153.89073107758043,2.0541117937205646,2,1,Medium Risk
721.6600000000008,85.75278316851815,13.346771248126949,1,0,Low Risk
-100.91000000000031,102.634127495843,12.51177930861658,2,1,Medium Risk
1949.6899999999996,70.35088839820679,8.727196968314505,1,0,Low Risk
-26.56999999999971,100.54970290802561,11.361699134378258,2,1,Medium Risk
-849.4399999999996,123.78184668794445,11.657987569292793,2,1,Medium Risk
1338.2500000000005,69.68004603784527,10.968652577394328,1,0,Low Risk
-754.5800000000004,124.25194927075098,17.770342801678975,2,1,Medium Risk
-1661.8999999999996,162.84149906034583,14.070990210202716,2,1,Medium Risk
-757.5700000000002,122.2127417519909,15.110892180664532,2,1,Medium Risk
-10.820000000000618,100.22817857820705,4.696429701174635,1,0,Low Risk
-183.46000000000004,104.75959455497816,8.130692976835048,2,1,Medium Risk
-401.5699999999997,110.66102779348554,13.496393404323667,2,1,Medium Risk
1006.5299999999997,80.69714502695416,10.978231477770258,1,0,Low Risk
-193.6500000000001,104.75480759787071,16.02786344261329,2,1,Medium Risk
492.34999999999945,87.75157350051,10.602034977734657,1,0,Low Risk
-193.9399999999996,105.95242114438473,11.877833262230023,2,1,Medium Risk
-669.77,124.18937757777569,18.65280295861835,2,1,Medium Risk
-600.1400000000003,117.66915743668558,22.335671006377076,2,1,Medium Risk
-215.8699999999999,104.91512881521876,12.59007957740867,2,1,Medium Risk
353.8899999999994,91.1063250165866,13.129033555157923,1,0,Low Risk
-57.599999999999454,101.19934036280046,17.23801908950077,2,1,Medium Risk
786.4199999999996,81.6133285949424,22.62456980398025,1,0,Low Risk
638.3999999999996,85.7502544597418,12.370761236406494,1,0,Low Risk
247.98000000000047,94.49428847370699,14.980961579023322,2,1,Medium Risk
-1857.4099999999999,168.79805911549002,19.01326024149937,0,2,High Risk
26.020000000000437,99.20861821455509,10.97076571206112,2,1,Medium Risk
-457.3899999999999,116.56369957268052,25.40305642065619,2,1,Medium Risk
3210.1600000000003,43.965703832485005,2.762475300754767,1,0,Low Risk
737.9399999999996,87.31717545312989,7.542941210844181,1,0,Low Risk
593.25,84.00326810603548,15.161908768069631,1,0,Low Risk
-554.8099999999995,116.17154116556583,18.371040987763713,2,1,Medium Risk
-457.52999999999975,111.47589092222489,14.164459426920297,2,1,Medium Risk
337.3800000000001,92.82693693751156,13.411701673034356,1,0,Low Risk
-390.4399999999996,109.50049638901325,12.45863424889529,2,1,Medium Risk
-53.51000000000022,101.44104403653913,9.721324543260943,2,1,Medium Risk
-743.9499999999998,117.03217328195865,17.33254577131855,2,1,Medium Risk
2028.7700000000004,65.29774794653639,11.690288767784997,1,0,Low Risk
915.19,80.17408521857054,10.790857276549836,1,0,Low Risk
-1037.5600000000004,132.96321359244894,18.355715252428016,2,1,Medium Risk
-500.2800000000002,112.74553264342164,17.99808414476936,2,1,Medium Risk
1404.1200000000008,74.54810432210209,17.972868132744583,1,0,Low Risk
1316.67,70.36002350181553,3.1362767631426696,1,0,Low Risk
-1422.0099999999998,139.72905089585305,18.406825972893913,2,1,Medium Risk
-2873.9799999999996,216.12603439358674,30.39864559089734,0,2,High Risk
-3683.4899999999993,279.701724087463,22.266779849544825,0,2,High Risk
-1152.2599999999998,132.91165272331028,19.35893883869788,2,1,Medium Risk
896.0799999999995,80.51995765208187,10.227848321409395,1,0,Low Risk
-1320.9699999999998,144.165861454464,18.783120969063134,2,1,Medium Risk
1412.04,69.30961633760204,16.215669909496363,1,0,Low Risk
260.03999999999996,93.6224533591012,10.860762784400958,1,0,Low Risk
158.8699999999999,96.4561045033148,9.749002882050092,1,0,Low Risk
-281.15999999999985,107.08188396853504,11.09283575097037,2,1,Medium Risk
-304.5999999999999,108.95805945963433,14.807266439039024,2,1,Medium Risk
-1399.9199999999996,146.36049330383753,18.7260733067518,2,1,Medium Risk
66.57000000000016,97.34959330172114,27.15621752684448,2,1,Medium Risk
-701.0200000000004,125.510839067953,22.129020753803776,2,1,Medium Risk
-696.1300000000001,121.48768238740367,7.88660573453469,2,1,Medium Risk
-1252.8399999999992,130.15280495406705,9.482619609768541,2,1,Medium Risk
71.68000000000029,98.09228771111785,10.21802426158653,2,1,Medium Risk
3725.7,36.22833668535239,5.844323676665668,1,0,Low Risk
569.3899999999994,86.52739525066964,7.17936341179477,1,0,Low Risk
-96.98000000000047,102.28623426711081,9.889413023850107,2,1,Medium Risk
-1003.4400000000005,129.8590426085896,14.756634995640647,2,1,Medium Risk
125.97999999999956,97.13499499681618,8.613208405348859,1,0,Low Risk
732.2599999999998,82.55830294426593,11.40120000095276,1,0,Low Risk
673.1100000000001,82.88379922646398,5.7521887610963764,1,0,Low Risk
-2046.1999999999998,192.49950273945356,23.599081424154207,0,2,High Risk
-1688.31,169.9197395885101,12.096213100089455,2,1,Medium Risk
-270.7599999999993,106.42442591599557,6.113122665818808,2,1,Medium Risk
-87.59000000000015,102.35747237189874,12.833542372060226,2,1,Medium Risk
-40.8799999999992,100.79590211649996,10.402993588782609,2,1,Medium Risk
1072.83,72.92358091276883,10.433770881549027,1,0,Low Risk
172.5,96.07982164892928,12.76773681854233,2,1,Medium Risk
2739.0700000000006,50.9172980295743,8.852400851533549,1,0,Low Risk
913.5799999999999,81.42235182394771,7.114199319590941,1,0,Low Risk
-2561.0899999999992,235.4049581533548,25.860327900054454,0,2,High Risk
1396.87,72.5049405169631,12.923880608766172,1,0,Low Risk
-662.9400000000005,118.89164674267705,8.599469390197681,2,1,Medium Risk
-769.0700000000002,125.5353976718087,28.25870415501796,2,1,Medium Risk
-552.46,114.66710560549664,0.0,2,1,Medium Risk
-26.499999999999545,100.68136004607535,5.429025423728814,1,0,Low Risk
918.6700000000001,70.64511284442074,15.250213290813635,1,0,Low Risk
-497.7699999999995,116.01798189582213,17.697429180999947,2,1,Medium Risk
1523.33,68.02004454810545,20.019775831918025,1,0,Low Risk
-723.1200000000003,127.30001245851881,4.647027510674685,2,1,Medium Risk
512.4400000000005,87.85822432098793,10.631280402419636,1,0,Low Risk
-206.98000000000047,105.56148180789808,13.414408047999956,2,1,Medium Risk
-1004.2399999999998,128.27713984828603,18.822611800350284,2,1,Medium Risk
-833.3299999999999,124.27707438719564,12.551491880742766,2,1,Medium Risk
428.78999999999996,89.00352367323701,27.2892335626029,2,1,Medium Risk
-429.3600000000001,111.2739370291695,8.403462844269162,2,1,Medium Risk
-1500.52,160.95264402180536,22.64540291983849,0,2,High Risk
-670.4100000000008,115.38290329612337,15.991418377063663,2,1,Medium Risk
-1707.3399999999997,180.26495794803324,23.6859054218595,0,2,High Risk
51.49000000000069,98.84209129690721,7.235074131793352,1,0,Low Risk
1518.5,69.6282384378294,13.29197093431419,1,0,Low Risk
-1236.8799999999997,144.92028327583074,21.785000907935355,2,1,Medium Risk
-1157.0800000000004,133.81198679173608,9.55407498319745,2,1,Medium Risk
177.4000000000001,94.58365264543076,19.089723900624985,2,1,Medium Risk
2143.27,55.66755058392319,4.9833076156159635,1,0,Low Risk
-2774.45,336.62282946133115,37.52771807730358,0,2,High Risk
476.6899999999996,88.63771252595124,15.306397290346263,1,0,Low Risk
3690.9399999999996,42.5931340832172,6.869805146326896,1,0,Low Risk
643.2599999999998,85.49088866784408,11.301705879566661,1,0,Low Risk
1274.6200000000003,71.58779092187767,12.25878644812836,1,0,Low Risk
-632.4200000000005,117.7112739167451,13.920161760093203,2,1,Medium Risk
259.46000000000004,92.25531838682814,13.123214642839018,1,0,Low Risk
-1754.5899999999988,156.79148608364375,20.295967347784288,0,2,High Risk
-366.0400000000009,108.31542456280643,6.132523387415549,2,1,Medium Risk
-1308.9399999999996,130.68278778445583,13.294530759205259,2,1,Medium Risk
1843.71,64.87341772151899,12.152965652839908,1,0,Low Risk
1611.0,69.14626508931495,12.031424461974831,1,0,Low Risk
404.3099999999995,90.01388093026932,8.381908356221226,1,0,Low Risk
-343.5699999999988,108.50313450529757,10.317509423315373,2,1,Medium Risk
123.5300000000002,96.88421424337584,10.382505391396466,2,1,Medium Risk
-113.26999999999953,102.03725586473209,10.15822141645668,2,1,Medium Risk
202.26000000000022,94.04150267493105,13.146343475289294,2,1,Medium Risk
-1340.6800000000003,165.31300238709994,3.4457056559653143,2,1,Medium Risk
-398.30000000000064,110.44671989256902,10.994103884931334,2,1,Medium Risk
-2121.929999999999,171.95348979155852,22.277494633828752,0,2,High Risk
1907.7799999999997,60.37757793515961,7.003883777440861,1,0,Low Risk
-1076.3899999999999,132.70598673395907,11.18801863201169,2,1,Medium Risk
1412.79,73.14807247486891,0.0,1,0,Low Risk
1560.6,65.54495317239888,10.857115101846167,1,0,Low Risk
2418.94,56.852798216276476,10.191839464882943,1,0,Low Risk
40.850000000000364,99.04431478422802,8.728669620673681,2,1,Medium Risk
-2380.91,187.5753117298709,31.90532239673373,0,2,High Risk
-297.6500000000001,109.11658136621611,21.299690958152244,2,1,Medium Risk
998.8300000000004,76.5373141340349,5.60334500011745,1,0,Low Risk
-553.27,116.66651604837858,11.293660476255027,2,1,Medium Risk
651.5699999999997,86.76007112014224,1.7121666243332487,1,0,Low Risk
-134.41999999999916,103.02280030673259,11.025507829102269,2,1,Medium Risk
-502.1399999999999,117.72310950322067,14.432189182034765,2,1,Medium Risk
-1461.380000000001,140.35902180367034,7.795191869537001,2,1,Medium Risk
-692.7599999999998,119.59290338455273,16.069201333797164,2,1,Medium Risk
2081.56,66.2129391866667,8.424852535863732,1,0,Low Risk
-648.8800000000001,115.09549842968478,9.65266953588461,2,1,Medium Risk
-2028.0500000000002,154.7745601668044,7.89268988316129,2,1,Medium Risk
350.7600000000007,91.17618203086676,14.503100511930366,1,0,Low Risk
-1328.2900000000004,137.630210915478,12.913296599005625,2,1,Medium Risk
738.7500000000005,79.71514712181619,10.411655518578316,1,0,Low Risk
-1506.6800000000003,159.21785952914357,19.981920371025428,0,2,High Risk
419.829999999999,91.445553350422,10.753014625876677,1,0,Low Risk
-1366.9300000000003,156.82708217275987,13.401401834191118,2,1,Medium Risk
2541.8,51.4383369283,8.013113827025107,1,0,Low Risk
511.77999999999975,89.28413642635645,9.549384305818158,1,0,Low Risk
-1207.27,137.07478710565027,4.230862540728617,2,1,Medium Risk
136.8699999999999,95.98528691397715,14.408030012818218,2,1,Medium Risk
-1001.3999999999996,129.30255014703945,17.910430291591688,2,1,Medium Risk
-1751.2300000000002,187.35446990632204,36.39673972684737,0,2,High Risk
-455.8800000000001,110.76821689496099,10.062665787975632,2,1,Medium Risk
-759.3000000000002,117.9643693661722,13.319847635271016,2,1,Medium Risk
1989.8099999999995,67.85589666380196,7.422766013815208,1,0,Low Risk
-1132.6499999999996,147.16505792309678,28.488502827446638,0,2,High Risk
141.0600000000004,97.33992600219503,14.601366055298461,2,1,Medium Risk
-1736.8600000000001,193.83968706777318,14.46339038727524,0,2,High Risk
-1784.74,231.3709469655147,46.92429428434728,0,2,High Risk
748.2400000000002,82.97880084532738,18.480048590400667,1,0,Low Risk
1058.1799999999994,80.36538661362388,9.59891341457984,1,0,Low Risk
-2462.2000000000003,191.939344378601,21.559555948873626,0,2,High Risk
1487.23,71.85904070631021,10.812063735943521,1,0,Low Risk
733.6000000000004,81.65463398043927,15.00438878371924,1,0,Low Risk
516.1800000000003,87.3049680275455,9.704131824889325,1,0,Low Risk
-2205.6000000000004,195.13252388449183,11.063857318467079,0,2,High Risk
1429.9099999999999,69.16463241065807,12.08412762764058,1,0,Low Risk
674.19,82.3790929619872,11.377441140802075,1,0,Low Risk
-2359.5800000000004,204.31526501235652,21.90391561338126,0,2,High Risk
-230.01999999999998,107.06137334839629,13.396409450365931,2,1,Medium Risk
220.19999999999982,94.20852467294735,19.423272157258808,2,1,Medium Risk
-550.4700000000003,113.97916089989563,7.948874876517031,2,1,Medium Risk
-322.0999999999999,108.60981320901986,8.136955103873749,2,1,Medium Risk
-780.0000000000005,120.01334222815213,18.773797916559758,2,1,Medium Risk
-300.40999999999985,108.6701915806122,6.831156237192844,2,1,Medium Risk
-1531.67,162.95655390686014,11.565621275021579,2,1,Medium Risk
-2355.29,197.79277128443607,21.97139238929602,0,2,High Risk
-2655.1200000000003,182.1929512281951,5.813611528162584,2,1,Medium Risk
246.30000000000018,91.59124506245966,13.937434493306794,2,1,Medium Risk
1119.75,79.66320561275548,8.484334447868973,1,0,Low Risk
-889.1599999999999,129.25705711832003,22.510060444929962,2,1,Medium Risk
342.64999999999964,92.2951346805511,10.213640523566568,1,0,Low Risk
-1844.3899999999999,153.6729378555735,10.339459019017273,2,1,Medium Risk
1857.7500000000005,60.55288599354066,11.238844286087394,1,0,Low Risk
1872.87,63.61119368621073,13.634217566929546,1,0,Low Risk
2980.9799999999996,50.22732623276271,3.725044622060746,1,0,Low Risk
-907.7799999999997,125.42153120633115,12.750811417817868,2,1,Medium Risk
-555.1600000000008,113.57137094901326,11.470492608790247,2,1,Medium Risk
-134.85999999999967,102.75090874228437,15.604053541341145,2,1,Medium Risk
509.63000000000056,88.64653044493356,14.459449825787074,1,0,Low Risk
31.769999999999982,99.06326568521364,23.36587480134569,2,1,Medium Risk
1093.8899999999994,79.9477562692477,15.044727965977417,1,0,Low Risk
-1513.8500000000004,141.2370712785576,22.656758619374624,2,1,Medium Risk
852.29,79.69713283848037,15.344173725785396,1,0,Low Risk
1115.4300000000003,78.19283397556583,7.308351759638863,1,0,Low Risk
-383.62999999999965,114.24243661757443,22.80876309136202,2,1,Medium Risk
2087.3100000000004,55.643414971046056,12.712957551931147,1,0,Low Risk
-2632.93,189.0201103567661,15.370831192015363,0,2,High Risk
26.659999999999854,99.4000603090162,21.033669533595276,2,1,Medium Risk
2915.33,39.002431257349215,6.084001824489163,1,0,Low Risk
-972.4899999999998,130.10842239532377,13.82834462346283,2,1,Medium Risk
2043.37,56.95712711884043,3.2355301656313387,1,0,Low Risk
-103.49000000000069,102.35366092181452,11.174942801650225,2,1,Medium Risk
-1201.8900000000003,143.1329132094973,17.20629611552927,2,1,Medium Risk
2913.6400000000003,45.61446079986859,12.898655686174958,1,0,Low Risk
738.7100000000005,82.29387880327704,9.464389294497202,1,0,Low Risk
-1982.8700000000003,192.05823773288827,29.69409405133872,0,2,High Risk
-929.9199999999996,131.9362593584724,8.427433202829864,2,1,Medium Risk
-258.2999999999993,105.90692983719923,10.700850478980433,2,1,Medium Risk
656.9000000000005,87.23757271028182,4.458786821419274,1,0,Low Risk
-206.07000000000016,105.05799997054595,9.065471486006862,2,1,Medium Risk
668.9499999999998,86.1298870403238,7.208021629870452,1,0,Low Risk
1688.52,56.99002516633214,18.38772453564551,1,0,Low Risk
1196.7599999999993,74.5498005256935,12.394414719417487,1,0,Low Risk
1482.0099999999993,73.89807283832766,5.293970530735605,1,0,Low Risk
17.56999999999971,99.45997282959485,3.1946741088168578,1,0,Low Risk
-178.79999999999973,106.3466596621504,22.062451415042432,2,1,Medium Risk
168.75999999999976,94.54195572373422,16.108928022768804,2,1,Medium Risk
2700.96,52.43549375541514,9.145692891809839,1,0,Low Risk
1066.3899999999999,77.96086487469567,6.204248318735507,1,0,Low Risk
469.1799999999994,89.05687309909878,16.666122441363612,1,0,Low Risk
1049.17,73.3241970587637,12.24498098163253,1,0,Low Risk
-239.82999999999993,106.2522810932563,23.13184979717822,2,1,Medium Risk
1066.0099999999998,77.33677743053342,7.3897144800901415,1,0,Low Risk
-504.6899999999996,110.1776434265479,13.205184308332038,2,1,Medium Risk
171.72000000000025,95.7821307952103,14.288977586736259,2,1,Medium Risk
1821.44,60.49793970939059,7.151810887009326,1,0,Low Risk
-52.57999999999902,101.08071222594242,12.249579163506539,2,1,Medium Risk
-851.6199999999999,133.31155902727525,21.621103605277465,2,1,Medium Risk
739.7200000000003,81.02766392917049,12.020446582917408,1,0,Low Risk
-2202.9,172.37501355245044,17.98714077792708,0,2,High Risk
145.94000000000005,95.30525191566566,14.671329031261862,2,1,Medium Risk
-606.5999999999999,116.92980522072101,13.826286690315179,2,1,Medium Risk
697.3800000000001,84.07873649028123,15.347314493924907,1,0,Low Risk
179.90999999999985,96.19379065954409,10.223303538372033,1,0,Low Risk
-350.46000000000004,108.56426497756664,12.260637517961351,2,1,Medium Risk
1596.8399999999997,64.02889690329178,9.16938297857962,1,0,Low Risk
1048.5600000000004,75.47015765107155,14.902576363334369,1,0,Low Risk
1204.42,77.43800894297216,10.69747315141422,1,0,Low Risk
2431.8300000000004,55.825469341786174,7.943615407671138,1,0,Low Risk
1069.79,73.845300031294,11.59711899546237,1,0,Low Risk
1114.1000000000004,73.1418556492265,14.336236677603425,1,0,Low Risk
-1157.7999999999997,132.69900982269442,18.9881890430922,2,1,Medium Risk
-904.6700000000001,127.05247702690986,8.312774922027552,2,1,Medium Risk
207.53999999999996,94.65070004330165,5.437965234962987,1,0,Low Risk
-1492.6100000000001,151.37895425286564,15.493098344291074,2,1,Medium Risk
738.7399999999998,83.01739318341694,7.057963484889586,1,0,Low Risk
706.3200000000002,84.97415278575531,2.7800114876507758,1,0,Low Risk
-916.9800000000005,124.86725423728815,15.356745762711862,2,1,Medium Risk
1850.6999999999998,56.835690146166705,10.492190214970252,1,0,Low Risk
1014.1899999999996,80.36224293202233,0.26488578736719404,1,0,Low Risk
-225.47000000000025,106.69684359972793,13.92564474977798,2,1,Medium Risk
1081.08,76.23759764723467,13.529060080799377,1,0,Low Risk
1346.3900000000003,76.82011004675954,17.06361777000365,1,0,Low Risk
2292.5699999999997,54.67240567996235,5.98563005903776,1,0,Low Risk
395.6500000000001,85.93724453164431,23.567777754082165,2,1,Medium Risk
2153.21,69.61219458153454,3.9105136068486557,1,0,Low Risk
480.25,91.68975308919694,12.245523022109323,1,0,Low Risk
251.36000000000013,93.10957356988563,7.633581508569173,1,0,Low Risk
567.3699999999999,87.22067683991216,7.832873472605439,1,0,Low Risk
-454.1999999999998,110.8655868062782,15.66802307083205,2,1,Medium Risk
2720.2599999999998,55.35793116916579,9.166503924680274,1,0,Low Risk
-508.8600000000001,118.96481041152663,20.664286406428197,2,1,Medium Risk
4803.790000000001,28.534703987741466,10.434776140497034,1,0,Low Risk
947.3899999999999,78.05158880929655,9.980678522115447,1,0,Low Risk
663.1400000000003,86.33571600773939,13.166250780430614,1,0,Low Risk
1349.8599999999997,67.78400154652832,9.877733572313325,1,0,Low Risk
1621.4199999999996,69.427301644766,11.81014765748592,1,0,Low Risk
1264.44,66.42619120321814,6.641795998566175,1,0,Low Risk
-2944.6500000000005,230.01351064957086,8.338631627282682,0,2,High Risk
703.8199999999997,83.28587746649791,17.798918528686063,1,0,Low Risk
-1648.1899999999996,152.14949486000674,16.433740124220456,2,1,Medium Risk
64.39000000000033,98.65794892744294,4.927593020250611,1,0,Low Risk
751.1099999999997,76.0087773934208,23.018299012702943,1,0,Low Risk
-2107.6700000000005,153.1458815579124,10.017852550040093,2,1,Medium Risk
275.72000000000025,93.73101478800226,13.136857231205775,1,0,Low Risk
1156.0500000000002,78.58254441706653,7.108212757285511,1,0,Low Risk
-1586.4899999999993,156.27547310359503,12.989730947271338,2,1,Medium Risk
779.7200000000003,85.32200588460083,10.46182633462408,1,0,Low Risk
847.7900000000004,78.80318331037275,15.79954045519438,1,0,Low Risk
785.0999999999999,80.81232937979172,6.399067378027172,1,0,Low Risk
-1839.4000000000005,169.06184177426684,22.319132240248408,0,2,High Risk
-2207.31,165.81342858591069,22.468834696427137,0,2,High Risk
-64.98000000000002,102.08062502001216,23.787582850373028,2,1,Medium Risk
-2365.8799999999997,179.1444208047315,7.622803848366852,2,1,Medium Risk
-1578.4599999999996,172.88889299353053,13.343369182247628,2,1,Medium Risk
-1071.08,135.7557042947038,18.55218574218424,2,1,Medium Risk
-626.9299999999998,116.0853155716569,16.3331648505592,2,1,Medium Risk
-25.480000000000473,100.6192748068412,12.922865288286033,2,1,Medium Risk
-930.0099999999998,124.5462295549262,10.181824900166543,2,1,Medium Risk
-597.5099999999998,117.21038078230312,8.228872630911917,2,1,Medium Risk
-728.6299999999997,120.87777007318093,18.786067541934337,2,1,Medium Risk
1102.9500000000007,73.95434838051516,9.72611862053331,1,0,Low Risk
2811.2499999999995,55.3231591711284,2.5203379945044904,1,0,Low Risk
-330.3899999999999,110.29611577871405,3.456657774675276,2,1,Medium Risk
-274.1299999999992,106.65630653052798,8.595189821166244,2,1,Medium Risk
810.6600000000003,76.79339751462113,20.357090715469635,1,0,Low Risk
-1199.2800000000002,147.91025815163115,22.263680598278988,2,1,Medium Risk
1080.2799999999997,77.42007629199979,4.660709620107645,1,0,Low Risk
1880.3999999999996,67.13437781832673,15.836636674426899,1,0,Low Risk
1804.9700000000003,68.00764993229207,13.26933575333045,1,0,Low Risk
890.21,78.66222114626353,12.506741387203709,1,0,Low Risk
-736.6599999999994,120.54490030984964,13.388795769757447,2,1,Medium Risk
0.2600000000002183,99.99295079655998,14.245355659425869,2,1,Medium Risk
-591.54,115.33730719469415,10.68690414766378,2,1,Medium Risk
400.96000000000004,88.66323042515714,23.906853916382275,2,1,Medium Risk
1548.0800000000004,69.01726977798857,14.363595972453213,1,0,Low Risk
1160.3300000000004,71.91028372228139,12.014379781156192,1,0,Low Risk
-498.5500000000002,109.1842073267334,4.616328380315161,2,1,Medium Risk
83.82000000000016,97.26200120208011,8.375362583949617,1,0,Low Risk
-264.2300000000005,106.58715774725837,7.8797593791523415,2,1,Medium Risk
325.21999999999935,94.21632666852805,9.147849840034002,1,0,Low Risk
1151.1400000000003,70.14701649105426,9.689239969606046,1,0,Low Risk
603.73,83.46927990756181,21.398784832031367,1,0,Low Risk
763.7200000000003,83.75710089815328,8.427710676815819,1,0,Low Risk
-147.03999999999996,103.87714635278236,15.892239378981564,2,1,Medium Risk
-393.69000000000005,110.30081660312983,10.373816370263192,2,1,Medium Risk
-366.74000000000024,109.34988782378137,13.05935141749949,2,1,Medium Risk
182.0300000000002,95.24794089621594,13.726488363289866,2,1,Medium Risk
3451.84,47.68718761650446,6.051563546645732,1,0,Low Risk
1027.5999999999995,79.56427925106146,20.783143911145583,1,0,Low Risk
33.05999999999949,99.26517167110099,18.20778349014561,2,1,Medium Risk
1594.6000000000004,75.01660754797388,5.222290462880563,1,0,Low Risk
27.670000000000073,99.36298400668556,12.13162081087739,2,1,Medium Risk
-684.7900000000009,115.03423807924267,6.312145022799773,2,1,Medium Risk
1135.0,78.54645118608828,11.400245723466591,1,0,Low Risk
-1953.8199999999997,184.369480825118,25.50878965709326,0,2,High Risk
1456.3799999999992,69.92677759468737,18.234567748276817,1,0,Low Risk
127.24000000000069,97.34271721991917,10.804139212881264,2,1,Medium Risk
-758.1099999999992,121.51417374005679,8.624569708011592,2,1,Medium Risk
-730.3099999999995,119.19090789646563,19.01327026671922,2,1,Medium Risk
1117.8400000000001,76.29092945223783,7.538994065521059,1,0,Low Risk
1147.8199999999988,79.82397702244496,9.67985755040842,1,0,Low Risk
380.21000000000004,91.98606345218322,12.266986485005354,1,0,Low Risk
-332.8600000000006,108.575572782617,6.160520830918024,2,1,Medium Risk
-338.8000000000002,116.6882576335972,10.283375283843226,2,1,Medium Risk
1148.7399999999998,77.99787015613748,5.8024837963317655,1,0,Low Risk
-3422.8899999999994,356.63655107778817,45.98388003748828,0,2,High Risk
-421.2900000000004,112.04983653821404,27.66436990701413,2,1,Medium Risk
-508.3499999999999,115.24447843101974,21.832876013974477,2,1,Medium Risk
-1106.6499999999987,124.0298698676093,9.970881439034505,2,1,Medium Risk
476.3599999999997,88.96502518057274,5.953919783544368,1,0,Low Risk
823.1000000000004,81.4528558681172,13.073359351762551,1,0,Low Risk
2831.1800000000003,58.97530270273402,7.70203849787572,1,0,Low Risk
-12.279999999999745,100.34480918967033,20.47458997750878,2,1,Medium Risk
-975.6599999999999,124.63738106300883,8.328367103694875,2,1,Medium Risk
-550.0799999999999,117.89733628759113,24.732473735411723,2,1,Medium Risk
861.4000000000001,80.82616224975403,14.959110355296957,1,0,Low Risk
1137.9000000000005,76.06315842617212,9.664349904075932,1,0,Low Risk
-792.7399999999998,124.25490382055887,13.511934083350416,2,1,Medium Risk
108.88000000000102,97.69615871282811,11.303168416553463,2,1,Medium Risk
-12.200000000000273,100.29936960613266,10.652650279861504,2,1,Medium Risk
1514.52,70.48323442570235,7.109266134611823,1,0,Low Risk
189.39999999999964,95.59242753918295,9.686187356736443,1,0,Low Risk
-215.3100000000004,106.23333535986939,19.076362773111917,2,1,Medium Risk
1635.38,66.3470204998827,13.280886668285474,1,0,Low Risk
-561.0700000000002,121.2363220705291,16.921836618055057,2,1,Medium Risk
-1348.46,136.26237690325982,21.256272488181104,2,1,Medium Risk
-879.1600000000003,123.71736420975392,2.5722856788298323,2,1,Medium Risk
-1182.8000000000002,134.0067795050789,16.195771865916452,2,1,Medium Risk
-1201.8000000000002,142.7349211654849,13.991081778808201,2,1,Medium Risk
1731.7199999999998,58.83335987885733,10.926137673803847,1,0,Low Risk
-1422.31,136.60417176019456,16.83759473961885,2,1,Medium Risk
-481.9599999999996,113.14263119861472,4.718650723313745,2,1,Medium Risk
-611.0999999999999,117.70945025646971,12.64178282667285,2,1,Medium Risk
405.0399999999995,88.43684428394023,12.549495410879713,1,0,Low Risk
-1509.4900000000002,146.4472753007785,23.457644850610787,0,2,High Risk
115.85999999999967,95.9209539602235,15.256110999623287,2,1,Medium Risk
-829.0499999999997,125.6372592979711,27.167671170182174,2,1,Medium Risk
-1946.1199999999997,195.5587090058284,25.85032677492058,0,2,High Risk
67.10999999999967,98.49952711963314,5.391954102656403,1,0,Low Risk
1328.77,70.34439045946253,11.980127971932768,1,0,Low Risk
350.27999999999975,92.48453588340175,9.896820066984352,1,0,Low Risk
326.33999999999924,92.73755822260007,4.508927279889086,1,0,Low Risk
1634.7399999999998,66.61915691287338,7.928751705042024,1,0,Low Risk
2083.6499999999996,68.32256210748118,7.166475870781776,1,0,Low Risk
377.6199999999999,89.84321836730852,11.108391542560202,1,0,Low Risk
-2616.8600000000006,206.40021142938463,28.88328691374088,0,2,High Risk
1500.3900000000003,71.67049644934774,5.965964340537857,1,0,Low Risk
-873.5899999999997,122.39509230134253,6.8929273663674975,2,1,Medium Risk
2059.3100000000004,65.70491683153806,9.53822684972388,1,0,Low Risk
725.1300000000001,86.96013393587694,10.833556619737559,1,0,Low Risk
29.750000000000455,99.27328421793166,16.14408270147737,2,1,Medium Risk
551.119999999999,90.6668608530427,13.071678481552858,1,0,Low Risk
-273.22000000000025,105.72333512785438,14.279220493570097,2,1,Medium Risk
-177.42000000000098,103.70988382304974,4.013499611070685,2,1,Medium Risk
1613.3899999999994,69.95795502789343,12.363605216704778,1,0,Low Risk
2907.4100000000003,49.67632611096302,11.355587788320737,1,0,Low Risk
2399.06,52.08702807202543,12.5882742974005,1,0,Low Risk
765.2000000000003,82.14798138276154,24.587586174717416,1,0,Low Risk
1055.9499999999998,79.89440253464382,13.415219287055265,1,0,Low Risk
-575.1700000000001,114.03110325059463,8.299323046898822,2,1,Medium Risk
-1849.4300000000003,157.55618904165863,28.35189184815421,0,2,High Risk
1021.9800000000005,78.31401998459458,3.915860146033107,1,0,Low Risk
313.4399999999996,92.42278097282558,18.418705171626044,2,1,Medium Risk
561.2800000000007,86.71963543354966,10.799050726506545,1,0,Low Risk
368.74000000000024,88.81640204418967,10.19274221676296,1,0,Low Risk
-776.7100000000005,127.20592098580352,19.970717320564777,2,1,Medium Risk
-1048.7299999999996,133.92619718492108,17.801119949793122,2,1,Medium Risk
-424.48,111.37677527599025,14.869837662250642,2,1,Medium Risk
-516.6700000000001,112.77684356298532,11.230031158811018,2,1,Medium Risk
1261.1900000000005,80.61726478729076,10.478009826688202,1,0,Low Risk
-3266.5999999999995,266.9068130026467,6.041468673676896,0,2,High Risk
442.4200000000001,88.62758303365558,7.957247403149894,1,0,Low Risk
-609.3300000000004,116.01489708970583,7.215416437787303,2,1,Medium Risk
1370.8400000000001,55.05943599729866,25.206698269701082,1,0,Low Risk
-1373.3200000000006,146.27556693735892,17.88758971594164,2,1,Medium Risk
-1161.52,145.47009751533585,31.80229166911336,0,2,High Risk
881.8800000000001,82.31642269901744,16.618808903148185,1,0,Low Risk
586.6899999999996,83.8676059746145,18.757286785894983,1,0,Low Risk
-221.0600000000004,106.31435826685063,23.80638176931141,2,1,Medium Risk
-1024.8599999999997,144.7015924664256,12.530804694962642,2,1,Medium Risk
933.9200000000005,80.8586080105594,13.81311154197735,1,0,Low Risk
-274.6100000000006,106.566679499841,12.413824437392842,2,1,Medium Risk
-524.3900000000003,118.18103020868367,23.309537595301407,2,1,Medium Risk
-67.63999999999987,101.93526974753371,25.265513058206874,2,1,Medium Risk
904.0400000000004,78.96157632258108,12.819140395011509,1,0,Low Risk
-943.27,133.3582063160873,38.73324610107154,0,2,High Risk
1070.25,78.8154045312568,10.261242037838329,1,0,Low Risk
34.070000000000164,99.1074375835058,15.289617772654635,2,1,Medium Risk
-120.86999999999989,103.69056306505735,12.02493962034863,2,1,Medium Risk
334.0100000000002,91.6461369542327,16.64194764235532,2,1,Medium Risk
-869.23,127.39388858774441,21.63859719893605,2,1,Medium Risk
-675.5199999999995,117.56458792694595,13.563984690269168,2,1,Medium Risk
-1037.08,125.0550225767719,0.4959883649295397,2,1,Medium Risk
1407.7199999999998,59.42784184086671,9.341234180772235,1,0,Low Risk
772.3299999999999,85.85794775169695,8.619853036770106,1,0,Low Risk
-596.6000000000004,119.45730872089233,14.392733676863873,2,1,Medium Risk
1065.1899999999996,79.94838335617366,6.1495715555020105,1,0,Low Risk
355.4899999999998,92.72114122611782,13.647578662003697,1,0,Low Risk
930.2800000000002,79.48046046986632,16.390397981308578,1,0,Low Risk
-1721.0499999999993,134.4005660637581,10.450992110686252,2,1,Medium Risk
2277.4400000000005,58.18187827530361,12.888767292317747,1,0,Low Risk
-2930.7,310.14778537061073,52.473486831255066,0,2,High Risk
-1061.9499999999998,130.8418597761972,12.396571803636721,2,1,Medium Risk
-718.9400000000005,124.19174652740392,21.025694519220416,2,1,Medium Risk
406.0300000000002,86.80259638105824,22.980962689211104,2,1,Medium Risk
-376.2600000000002,112.54363067198736,19.18149359416724,2,1,Medium Risk
-3469.2299999999996,310.36856020180454,51.96407781119628,0,2,High Risk
216.17000000000007,93.37830097072508,35.552308573564055,2,1,Medium Risk
19.48999999999978,99.4459747177996,7.571299841666454,2,1,Medium Risk
-344.75,115.28099748678011,31.772950307392943,2,1,Medium Risk
1271.6599999999999,78.69702147619526,9.56075987536436,1,0,Low Risk
1530.92,69.56415420308987,11.889486857826755,1,0,Low Risk
-964.75,141.71080222227027,15.127867009662985,2,1,Medium Risk
879.19,74.75231602465065,5.205527444820318,1,0,Low Risk
-701.3200000000006,120.90846212554858,23.620253768364815,2,1,Medium Risk
18.66000000000031,99.46381775550549,22.209036366144087,2,1,Medium Risk
-66.26999999999953,101.74244336467468,1.1734608022548958,1,0,Low Risk
-932.1199999999999,136.97172344586045,25.067329850823228,2,1,Medium Risk
1406.5900000000001,76.02167713076342,12.13755670301683,1,0,Low Risk
576.1999999999998,89.04352356631216,6.10554498107051,1,0,Low Risk
89.84999999999991,97.79125992826819,16.80658221749145,2,1,Medium Risk
300.8800000000001,92.31447116010922,10.6488304907673,1,0,Low Risk
1507.5500000000006,66.41567439321874,18.035577040890203,1,0,Low Risk
314.0799999999999,93.19737320880911,12.120752690035175,1,0,Low Risk
-225.9600000000005,105.63395733391845,4.909890592119042,2,1,Medium Risk
3131.6900000000005,52.69271845906805,7.778679101918612,1,0,Low Risk
1304.31,72.01375806237046,4.631652126148472,1,0,Low Risk
-2250.9799999999996,194.41040159379256,23.048757470902796,0,2,High Risk
-263.55999999999995,108.01840009248724,13.30720974523417,2,1,Medium Risk
1740.5399999999995,58.99652756510228,17.316000998855085,1,0,Low Risk
-93.40000000000009,103.10579660025006,13.178686387699182,2,1,Medium Risk
-609.19,120.15730366821302,16.222726641033955,2,1,Medium Risk
-69.13000000000011,101.76480349233499,10.258989316212041,2,1,Medium Risk
-1625.36,180.45779005415466,24.940845683962497,0,2,High Risk
214.98999999999978,95.03713091272562,7.757671452018365,1,0,Low Risk
2441.1199999999994,51.4420466141394,15.906373887807005,1,0,Low Risk
651.4000000000001,82.12148824749964,16.788345208427106,1,0,Low Risk
-26.770000000000437,100.61875209467348,8.172057922777336,2,1,Medium Risk
-1344.0200000000004,165.0000967248951,12.096898999864585,2,1,Medium Risk
-215.04999999999973,106.15066483238328,21.05726796649096,2,1,Medium Risk
-464.9599999999996,111.35267115929288,13.544291434710424,2,1,Medium Risk
-1032.7899999999995,128.89707137321173,13.222888448054434,2,1,Medium Risk
-444.02000000000044,115.80738641622821,13.969682513688436,2,1,Medium Risk
-343.27,111.58220779615154,15.030855970605007,2,1,Medium Risk
-99.91999999999962,103.94303280467543,31.5667557190155,2,1,Medium Risk
427.3199999999997,84.44089235844352,17.953124601755736,1,0,Low Risk
-575.0,114.46100683817002,12.795098850412831,2,1,Medium Risk
2181.2400000000002,58.791812922946704,9.388425192982721,1,0,Low Risk
369.1700000000001,92.38551562828727,12.538312714252124,1,0,Low Risk
-354.92999999999984,112.33175131506717,18.045084046168068,2,1,Medium Risk
-498.75999999999976,116.2583816592833,23.40671054304351,2,1,Medium Risk
3469.2200000000007,48.27895687850723,10.071769764265992,1,0,Low Risk
875.0699999999997,82.66474112109543,2.5822516997099796,1,0,Low Risk
-83.2800000000002,102.92061933402306,27.015728839713134,2,1,Medium Risk
90.69999999999982,97.54711725428578,9.81964415621645,2,1,Medium Risk
-923.5100000000002,127.67104324845842,12.277899959849705,2,1,Medium Risk
179.17000000000007,96.13306887613604,15.381610440735615,2,1,Medium Risk
-467.3599999999997,111.47444789531187,11.47813063920158,2,1,Medium Risk
140.37999999999965,96.68131603148,10.585840628464844,2,1,Medium Risk
-1128.2800000000002,129.11525023095462,16.3102998023338,2,1,Medium Risk
-1960.89,221.4383917954816,21.723890210067378,0,2,High Risk
2883.4299999999994,55.44438486725706,9.38696104321544,1,0,Low Risk
-972.4500000000007,123.92303888646983,6.022027547965392,2,1,Medium Risk
886.44,78.65779374304796,13.12881308595725,1,0,Low Risk
-181.77999999999975,104.44979719127664,11.363163473377835,2,1,Medium Risk
83.57000000000016,97.50451647580512,11.369276020126312,2,1,Medium Risk
1219.35,73.57660152643966,16.74771272423104,1,0,Low Risk
285.1400000000003,91.16469596688232,25.82670236236087,2,1,Medium Risk
139.67000000000098,97.03524926661315,10.697895572508713,2,1,Medium Risk
719.6100000000006,83.27025280258893,19.19848978699859,1,0,Low Risk
841.5099999999998,82.34621565262633,14.453693719397325,1,0,Low Risk
817.9499999999998,81.36626860639417,11.12328629813059,1,0,Low Risk
1631.44,64.11988774818998,10.762450186060015,1,0,Low Risk
1135.6599999999999,77.74943377299195,9.581579792945085,1,0,Low Risk
306.78999999999996,92.43142295366687,12.1187525749543,1,0,Low Risk
-1220.4499999999998,140.71912826467016,23.398526644512952,2,1,Medium Risk
-2160.4400000000005,163.91853230335002,13.575779809999439,2,1,Medium Risk
-2373.9299999999994,176.9993999448598,11.757837206662233,2,1,Medium Risk
258.1700000000001,92.32456987920644,8.495090067457687,1,0,Low Risk
855.77,78.88442282970497,2.6798822539534495,1,0,Low Risk
-1594.079999999999,136.4387795221593,14.142977314912175,2,1,Medium Risk
-1010.0900000000001,127.47519972146439,25.035836980499788,2,1,Medium Risk
1782.6,62.03655786198481,7.172718115159609,1,0,Low Risk
1003.2999999999997,74.31236350322729,11.829165567864978,1,0,Low Risk
1493.960000000001,73.9528558476881,8.64233907524932,1,0,Low Risk
-34.0,100.76745970836531,10.903570944878336,2,1,Medium Risk
-687.2799999999997,120.74156340348992,16.549068367969,2,1,Medium Risk
61.370000000000346,98.48768983965125,5.179853278561271,1,0,Low Risk
-620.3400000000001,117.02766577091677,0.0,2,1,Medium Risk
-1695.3200000000002,180.74490379119834,7.1985140026671735,2,1,Medium Risk
-715.5300000000002,120.4746016848274,9.00301025547111,2,1,Medium Risk
755.75,80.55943552266372,13.390645377865923,1,0,Low Risk
-479.3600000000001,112.77775408367809,11.235445899262166,2,1,Medium Risk
2070.98,59.200230104256136,11.549342390404968,1,0,Low Risk
-853.3299999999995,125.89788101900466,13.259261057730242,2,1,Medium Risk
-2588.8500000000004,212.63656179706842,23.32133953472183,0,2,High Risk
1822.56,61.02092930744652,11.58319324855531,1,0,Low Risk
-587.2000000000003,114.47606838660374,10.739457887016652,2,1,Medium Risk
-375.75,108.01897664413029,12.781277743631769,2,1,Medium Risk
935.44,81.2060634675078,7.025023355801782,1,0,Low Risk
-619.2299999999996,114.49050510723436,7.342015046743187,2,1,Medium Risk
-294.1999999999998,108.41783596951038,9.71341589031062,2,1,Medium Risk
-556.2799999999997,112.24267019970155,18.104089546588963,2,1,Medium Risk
2329.0,57.87306933307769,10.257880485409322,1,0,Low Risk
907.0800000000004,81.17216299691142,14.284854372156355,1,0,Low Risk
910.23,76.76686720387154,24.09483869815024,1,0,Low Risk
1406.9300000000003,72.63479541206424,12.389060375663012,1,0,Low Risk
-992.8799999999997,131.87262250613935,16.547517776030045,2,1,Medium Risk
908.0200000000004,80.54335971064242,10.526281956506367,1,0,Low Risk
-431.5300000000002,113.28540861721288,11.229776949956129,2,1,Medium Risk
-492.28999999999996,113.19249971191906,6.260870031273531,2,1,Medium Risk
-1761.1100000000001,153.95937826501256,15.252913042279328,2,1,Medium Risk
1126.3899999999999,75.5542871528652,9.091481253201149,1,0,Low Risk
-1061.4299999999994,121.99034557056434,9.497803928068285,2,1,Medium Risk
762.1899999999996,81.42445268193772,8.67763861775838,1,0,Low Risk
-2197.7299999999996,182.4998498453407,25.79769662752635,0,2,High Risk
258.2900000000009,94.61902559551338,14.970854530985028,2,1,Medium Risk
2876.27,53.21396097083304,14.602185203921461,1,0,Low Risk
-433.3099999999995,109.88114621387295,8.988830662999804,2,1,Medium Risk
147.0,96.50352145339338,8.972154235139373,1,0,Low Risk
630.8600000000006,86.91031472013809,10.163875240687869,1,0,Low Risk
-193.5300000000002,105.21575317545661,21.457812849515832,2,1,Medium Risk
954.52,76.65097051161311,18.23045217157324,1,0,Low Risk
1991.5500000000002,68.87566048675588,8.527683010116133,1,0,Low Risk
3046.5899999999997,50.30462292819708,6.155259006970034,1,0,Low Risk
-249.76000000000022,106.54385583395123,16.19405194526176,2,1,Medium Risk
446.12999999999965,89.91434210258602,22.58687302330103,2,1,Medium Risk
-1634.9299999999998,144.1059992122628,16.51685272012129,2,1,Medium Risk
89.08000000000038,97.08373300508414,11.295787650715807,2,1,Medium Risk
-123.11999999999989,102.90959964646188,13.30801534204102,2,1,Medium Risk
-1304.0299999999997,145.12339441922265,18.80778706677001,2,1,Medium Risk
1306.5499999999997,73.43665499672673,6.669553655293559,1,0,Low Risk
-150.8399999999997,104.61845114711133,13.748802062442783,2,1,Medium Risk
1910.999999999999,72.0901294574006,6.586057624900688,1,0,Low Risk
1220.0500000000002,75.08841209428445,11.447426452571912,1,0,Low Risk
-65.76999999999998,102.18735345862586,25.580761133818676,2,1,Medium Risk
269.0100000000002,93.96444765530873,12.361653006782452,1,0,Low Risk
-1198.1600000000003,137.1031223775033,22.388960972603716,2,1,Medium Risk
667.2000000000003,83.799022405039,12.999876161592125,1,0,Low Risk
449.6899999999996,88.21165491388577,9.513461084751096,1,0,Low Risk
-1961.7600000000002,245.6435231929679,30.366900279147114,0,2,High Risk
-121.03999999999996,102.91025899958646,11.415264914356058,2,1,Medium Risk
284.34000000000015,93.51631638114044,2.9080121400898875,1,0,Low Risk
-1418.15,153.41350789441967,14.005062070627938,2,1,Medium Risk
-535.4200000000001,113.03676649622597,17.175310445580717,2,1,Medium Risk
710.8700000000003,82.66952716457207,4.296110291697648,1,0,Low Risk
2998.8199999999997,48.389106504843014,11.786198635559444,1,0,Low Risk
-96.74999999999955,103.35586765221069,29.447695290685775,2,1,Medium Risk
-1400.9699999999998,143.70764853431172,17.16677274031922,2,1,Medium Risk
772.96,83.95932555123217,13.858158236057069,1,0,Low Risk
-1865.170000000001,167.69021393964692,20.062058828866427,0,2,High Risk
578.9899999999998,87.01533741643362,8.877491292949365,1,0,Low Risk
797.71,84.54655348100162,11.898830302865932,1,0,Low Risk
-357.9399999999996,109.02453167939892,13.536545394952473,2,1,Medium Risk
2138.7199999999993,50.762147042234076,10.373994221449703,1,0,Low Risk
758.5799999999995,82.14311776295813,9.698665994995421,1,0,Low Risk
-1864.3199999999993,158.2574512365084,4.092008474629235,2,1,Medium Risk
91.56999999999971,97.93998812180548,12.00867468144842,2,1,Medium Risk
324.4200000000001,92.23193569473676,9.846683571461067,1,0,Low Risk
1430.87,74.70083807772554,10.666041939248206,1,0,Low Risk
2017.6100000000006,69.09445170342707,7.780574145529242,1,0,Low Risk
3034.0000000000005,55.17285194630198,9.905706374792782,1,0,Low Risk
-735.1300000000001,124.6727660831275,27.50745086456879,2,1,Medium Risk
725.0199999999995,82.51801197905114,15.264850840559024,1,0,Low Risk
-12.950000000000728,100.25564542078843,12.08837632585217,2,1,Medium Risk
1887.5,58.075865469616936,12.983932228387134,1,0,Low Risk
458.53999999999996,88.60266154970397,6.081944313261517,1,0,Low Risk
48.08000000000084,98.86019624158718,19.207400190125334,2,1,Medium Risk
-513.0700000000002,113.03577871164117,14.72969058858801,2,1,Medium Risk
1176.06,70.29498905062475,17.79052468597899,1,0,Low Risk
-508.7000000000003,113.34830764870887,8.386578745043915,2,1,Medium Risk
1015.1400000000003,79.71772566163042,10.253423535382193,1,0,Low Risk
160.47000000000025,96.80312535485966,11.306102689661904,2,1,Medium Risk
1407.8999999999996,72.16741854240225,8.365391838622822,1,0,Low Risk
-1864.9499999999998,162.315596023724,22.898003508478823,0,2,High Risk
15.570000000000618,99.65453508676559,13.95815814172271,2,1,Medium Risk
-98.47000000000025,102.35859112085176,9.025736835171678,2,1,Medium Risk
-1948.44,222.37484219848133,31.35304203644037,0,2,High Risk
804.7800000000002,81.86550213617436,11.365664377264615,1,0,Low Risk
-1375.0299999999997,145.20329533051927,14.076820913382512,2,1,Medium Risk
1296.5800000000004,62.01689140694345,16.047422493166977,1,0,Low Risk
-184.3800000000001,105.09338423586804,21.80724256144354,2,1,Medium Risk
184.4100000000003,95.35588277513767,17.86754910182506,2,1,Medium Risk
789.9799999999996,83.49707849113521,13.264715651641664,1,0,Low Risk
1554.5400000000004,69.03214239469307,6.362739922507643,1,0,Low Risk
-2102.9500000000007,156.9294199179201,11.19828043617148,2,1,Medium Risk
-189.30999999999995,104.88024314855726,21.391504752378765,2,1,Medium Risk
893.0,82.21246641183816,3.6355886119947343,1,0,Low Risk
-500.8600000000006,112.04138007303781,10.761655876080962,2,1,Medium Risk
1048.7600000000002,81.09541878092526,10.216217677755445,1,0,Low Risk
-694.1900000000005,118.27099470707296,6.993980644363204,2,1,Medium Risk
-1710.5,160.13337973851384,10.808539959430622,2,1,Medium Risk
1283.4100000000003,67.16000481055866,10.48701788862533,1,0,Low Risk
1584.3899999999999,69.89877534890967,8.346854018398265,1,0,Low Risk
564.99,78.08986803274556,14.006445182981924,1,0,Low Risk
-540.1000000000004,117.18082974405304,24.467333838059307,2,1,Medium Risk
507.6900000000005,89.17105883406884,11.007258540996997,1,0,Low Risk
-110.72999999999956,102.59738736562103,8.590871026686965,2,1,Medium Risk
936.6199999999999,79.64090859689165,9.90370611890012,1,0,Low Risk
-281.40999999999985,108.32312943278144,27.04211105392983,2,1,Medium Risk
1761.33,66.84368058431535,4.402507435714017,1,0,Low Risk
763.3699999999999,82.8014815549117,15.690829048930063,1,0,Low Risk
1450.1499999999996,71.76614663341259,8.62795719022392,1,0,Low Risk
690.2600000000002,86.13027805350491,12.207790642066895,1,0,Low Risk
-1671.62,169.63023438899324,20.78801687834016,0,2,High Risk
-213.91999999999962,105.47645013798646,18.2111423436708,2,1,Medium Risk
-1094.85,128.70751295948145,15.290483794420803,2,1,Medium Risk
395.5,88.99622171152572,24.610624836543117,2,1,Medium Risk
3407.0600000000004,37.24112650838766,14.264452062238316,1,0,Low Risk
-1291.8600000000001,145.89559397182018,13.738551503137012,2,1,Medium Risk
-1473.7800000000002,167.01589250392198,24.930086624377598,0,2,High Risk
403.3299999999995,89.71340982879063,2.7429716929401953,1,0,Low Risk
2402.6399999999994,58.84558530072233,9.397733170495245,1,0,Low Risk
-1189.2399999999998,154.31435683131235,15.199470210773903,2,1,Medium Risk
108.83000000000038,97.34092719374117,15.55446420281569,2,1,Medium Risk
-147.07000000000016,103.6359456004984,12.659182326342618,2,1,Medium Risk
-20.56999999999971,100.48319959408414,10.182662131434048,2,1,Medium Risk
-219.08000000000084,104.73307840214316,7.74385896688055,2,1,Medium Risk
1642.5599999999995,62.264463037754844,13.089445462941265,1,0,Low Risk
-496.99999999999955,114.74663675799492,11.459353284316343,2,1,Medium Risk
399.53999999999996,88.58946165928889,21.15179208910467,2,1,Medium Risk
-136.47999999999956,103.36436894663797,7.600150864140924,2,1,Medium Risk
-93.55999999999995,102.58390225580523,14.1943394975807,2,1,Medium Risk
1134.5299999999997,76.34108805178339,15.069358713422975,1,0,Low Risk
-990.5300000000002,124.53240011491862,21.48111272921806,2,1,Medium Risk
-129.35000000000036,103.02515073132173,8.06278094026409,2,1,Medium Risk
-93.64000000000033,102.5083038679953,14.121129326047358,2,1,Medium Risk
1135.6000000000004,77.91009587983217,5.042006998897061,1,0,Low Risk
-470.3000000000002,110.5797134051695,6.40204260679819,2,1,Medium Risk
1411.6899999999996,74.48590090692538,11.669660833764084,1,0,Low Risk
-204.5,105.9625337123697,11.672570887090895,2,1,Medium Risk
-1558.1299999999997,161.98601253938446,9.73791413385952,2,1,Medium Risk
174.97000000000025,95.9863558579431,13.862292344324192,2,1,Medium Risk
97.27999999999975,97.90815942543195,8.595297229300392,1,0,Low Risk
1444.5500000000002,62.1560233893616,17.383262774028587,1,0,Low Risk
2028.2800000000002,64.6043582284379,14.844223087407137,1,0,Low Risk
113.9399999999996,97.3473454829908,11.292290213534733,2,1,Medium Risk
-1994.0100000000002,156.66024482558737,16.011979859287802,2,1,Medium Risk
1122.0699999999993,76.08918476025683,9.864407285311536,1,0,Low Risk
-81.17000000000053,101.9955648650775,11.954458736527416,2,1,Medium Risk
892.3800000000006,80.28460268960808,9.388000380000486,1,0,Low Risk
1154.9099999999999,78.80261216219193,8.051780719335728,1,0,Low Risk
1690.7200000000003,73.74067142446668,7.406947216376357,1,0,Low Risk
1586.0699999999997,67.17787729289452,7.791702536255878,1,0,Low Risk
2412.26,54.42916974438125,8.436684720493139,1,0,Low Risk
-3502.9599999999996,262.39511186522395,12.416437187653564,0,2,High Risk
-1187.3399999999997,138.39343456553792,16.714631244017898,2,1,Medium Risk
69.76000000000022,98.41513257588666,15.623530373975097,2,1,Medium Risk
-609.0000000000005,116.37638251357305,15.909023682561706,2,1,Medium Risk
-3121.7999999999997,333.5907335907335,64.44883421627607,0,2,High Risk
2857.42,45.64852681033991,16.153538888783213,1,0,Low Risk
389.8199999999997,90.56144190911557,15.104307906868634,1,0,Low Risk
1821.29,63.79375467167099,8.893469997932538,1,0,Low Risk
-169.44000000000005,104.50653878990497,6.8377364110993195,2,1,Medium Risk
3633.0000000000005,42.07607756352817,11.593553591984717,1,0,Low Risk
1966.0600000000004,63.32203427774036,10.590019644312942,1,0,Low Risk
-447.6700000000001,114.22023302796589,15.552139054419781,2,1,Medium Risk
-849.5299999999997,128.8225415189401,27.26051332507761,2,1,Medium Risk
-1257.4,133.57265486702033,3.37034851587719,2,1,Medium Risk
166.88999999999942,96.1237771398311,14.112712171465205,2,1,Medium Risk
723.1399999999994,84.10573028052461,13.360250918194428,1,0,Low Risk
1543.12,70.30079890989505,8.44196211192437,1,0,Low Risk
-559.56,116.78691750842256,12.738689170824196,2,1,Medium Risk
224.11000000000013,94.10125076330252,13.695489671727277,2,1,Medium Risk
-128.69999999999982,102.95867510207084,13.004836870563139,2,1,Medium Risk
1208.000000000001,75.092013155046,13.557738899141208,1,0,Low Risk
708.4199999999996,84.73624221374261,9.148946714097033,1,0,Low Risk
-2239.4099999999994,186.64971908808096,23.271966073888347,0,2,High Risk
-2019.6799999999994,180.19249247579944,8.527162562436967,2,1,Medium Risk
1165.96,72.10341708975542,4.12266304269807,1,0,Low Risk
-1206.9500000000003,170.58104583572126,22.457047285996655,0,2,High Risk
3062.74,48.613210697010324,8.945717991265349,1,0,Low Risk
577.1200000000003,87.25500804953833,13.044668864739048,1,0,Low Risk
-111.84999999999991,102.82438796510233,12.760122722624143,2,1,Medium Risk
3242.1800000000003,52.07625984991034,6.942643996044516,1,0,Low Risk
2613.7899999999995,56.25141223552491,13.989458655601993,1,0,Low Risk
-1.9600000000000364,100.07361585294858,18.406592374749764,2,1,Medium Risk
-3347.5800000000004,365.08976013810474,37.37933655894394,0,2,High Risk
-370.75,109.93533656873807,15.505288573626002,2,1,Medium Risk
-146.76000000000022,103.33230400348761,9.80936205769091,2,1,Medium Risk
-1704.0,158.72217244468948,21.859880074436557,0,2,High Risk
901.8600000000001,79.30830365992438,9.585275870929847,1,0,Low Risk
966.7599999999998,70.36741875070882,8.710524783217727,1,0,Low Risk
790.2600000000002,75.77190158657162,10.636008277765004,1,0,Low Risk
1559.37,60.353051251671694,14.187900761223856,1,0,Low Risk
951.54,79.15858087182026,0.6325537385941011,1,0,Low Risk
415.0699999999997,90.80020302633358,12.332076609194257,1,0,Low Risk
2205.37,59.571585701191566,4.689275893675527,1,0,Low Risk
-376.1400000000003,109.77825148828867,17.446902539839343,2,1,Medium Risk
-1817.1400000000003,155.72049295191604,23.29593366797806,0,2,High Risk
-2300.3299999999995,188.9611218321815,8.165459418277727,2,1,Medium Risk
-1172.5,148.82121234833156,26.96096801325772,0,2,High Risk
-317.8700000000008,107.86030628166739,14.264377508351902,2,1,Medium Risk
48.91999999999962,98.52137984397717,18.12035097582281,2,1,Medium Risk
-118.51999999999998,103.43248698915981,6.072594261618529,2,1,Medium Risk
-417.4100000000003,111.3135184362024,23.88358251027245,2,1,Medium Risk
445.92999999999984,88.89798987218236,17.11496616591895,1,0,Low Risk
-229.89999999999964,105.33871462143661,13.578541107405929,2,1,Medium Risk
-804.1400000000003,127.08955852380875,19.55195472384578,2,1,Medium Risk
-812.1800000000003,120.39561742082756,18.479557422786296,2,1,Medium Risk
669.75,84.66650945880048,22.07541856594374,1,0,Low Risk
-1857.7300000000002,198.19128412484474,6.338433890959064,2,1,Medium Risk
-131.40999999999985,102.98883253349102,12.120226533536515,2,1,Medium Risk
978.3000000000002,82.37179775949028,10.574398653603936,1,0,Low Risk
795.3199999999997,79.18735100082957,10.339332117351812,1,0,Low Risk
1654.3199999999997,64.59211759820899,7.689986259091046,1,0,Low Risk
422.6300000000001,88.00988419266798,11.93394272615339,1,0,Low Risk
-89.0900000000006,102.72837801005113,24.880945453877278,2,1,Medium Risk
696.73,80.73862945228959,15.964934591014144,1,0,Low Risk
2974.1299999999997,53.70002226162548,5.854651823507343,1,0,Low Risk
604.4400000000005,85.53919399021494,18.45951409739584,1,0,Low Risk
838.6899999999996,81.44885157134769,11.213547565118914,1,0,Low Risk
2115.43,64.12798703104545,7.103927992457386,1,0,Low Risk
391.7399999999998,91.68047096001428,5.0485486378348075,1,0,Low Risk
1509.7300000000005,70.30002341012772,8.729223511637194,1,0,Low Risk
1884.1100000000006,70.48260627756322,8.722789262186572,1,0,Low Risk
1340.7299999999996,74.6710924039537,9.594429163014237,1,0,Low Risk
2427.09,55.4443285872686,7.202440833290499,1,0,Low Risk
-1529.4499999999998,151.680210849989,10.355978306779976,2,1,Medium Risk
1852.3499999999995,61.86767784687785,14.35970595077084,1,0,Low Risk
1160.2799999999997,78.90093104451556,11.305098923479779,1,0,Low Risk
2522.2300000000005,42.63500128502255,13.35263520597888,1,0,Low Risk
458.6899999999996,90.45296834445826,8.888070217065977,1,0,Low Risk
762.6199999999999,86.03249840658174,3.9401387555952785,1,0,Low Risk
-1340.4100000000003,138.11740551054592,10.127597375822187,2,1,Medium Risk
1916.21,69.0437072398446,10.589736754953513,1,0,Low Risk
1138.2299999999996,74.25925507134943,8.461747212736608,1,0,Low Risk
-18.789999999999964,100.46442306741672,10.402681246107152,2,1,Medium Risk
-1467.2600000000002,135.55959478454753,20.60903494740924,2,1,Medium Risk
1565.63,63.433358713372165,13.861938816978778,1,0,Low Risk
1896.0100000000007,62.02610491234605,11.27714588428037,1,0,Low Risk
-370.6099999999992,109.26219347615285,13.010206631811503,2,1,Medium Risk
433.3200000000006,90.23424998985831,23.8027197699419,2,1,Medium Risk
-721.0500000000002,122.8756614763772,13.073120899480973,2,1,Medium Risk
1138.42,79.06431027824263,15.602184747227687,1,0,Low Risk
73.30000000000018,98.00784902050312,17.887504620268302,2,1,Medium Risk
849.1700000000001,81.6946222280665,13.939912608780942,1,0,Low Risk
-1827.7400000000007,157.9752713615977,17.09340167860383,2,1,Medium Risk
766.2299999999996,84.28381554819893,5.666178503595588,1,0,Low Risk
1012.8800000000001,79.78150257402184,11.802174594334556,1,0,Low Risk
-2049.26,173.73879125465982,25.373145069591374,0,2,High Risk
-523.7599999999998,115.22403243856003,7.147528594474399,2,1,Medium Risk
-1404.06,137.8476293678584,10.718993360774387,2,1,Medium Risk
1853.9800000000005,54.97742776033356,18.513850539961,1,0,Low Risk
814.5699999999993,82.56806324178342,11.99415347346165,1,0,Low Risk
-1212.0800000000004,131.07682288662068,14.544377696928674,2,1,Medium Risk
-535.75,115.54457513912504,8.633296001207007,2,1,Medium Risk
-888.5299999999997,127.30468665972164,21.473942344036654,2,1,Medium Risk
-1391.0900000000001,146.835997077569,9.528202469252186,2,1,Medium Risk
-915.6099999999992,125.11079785425143,16.393420143269307,2,1,Medium Risk
1556.0299999999997,69.55378369123906,17.851783006408063,1,0,Low Risk
912.5900000000001,79.47067689469776,12.689132342024163,1,0,Low Risk
393.8899999999999,87.8813890452852,25.46603533838519,2,1,Medium Risk
1037.62,80.10552916048333,7.886310735828148,1,0,Low Risk
-130.5,104.35458683146248,13.28365878725591,2,1,Medium Risk
1343.6099999999997,68.87587040820581,12.442841457143256,1,0,Low Risk
77.13999999999942,98.24160293598058,0.926155985365687,1,0,Low Risk
-1858.0100000000007,151.44134665965282,8.112073977684876,2,1,Medium Risk
517.1300000000001,86.29712656470264,13.400002119834229,1,0,Low Risk
1287.67,77.5732105349324,9.553508915540105,1,0,Low Risk
-731.4700000000003,116.62443153021498,11.496896569749339,2,1,Medium Risk
-305.5799999999999,108.9291871453367,23.45876701361089,2,1,Medium Risk
2008.3399999999997,60.281699054279095,12.847723506168347,1,0,Low Risk
82.10000000000036,98.4282448798306,15.246024665643079,2,1,Medium Risk
724.3700000000003,84.03623950158564,17.175637287635066,1,0,Low Risk
3088.89,37.441216142320734,17.8601663162926,1,0,Low Risk
871.2999999999997,76.10926180827087,15.089579985851465,1,0,Low Risk
611.3899999999994,88.39038858844262,6.537301756091633,1,0,Low Risk
441.2399999999998,87.63877799722654,13.521312210222575,1,0,Low Risk
-251.78000000000065,106.2192317477726,13.024125520883507,2,1,Medium Risk
613.3399999999997,86.86494670724213,16.61380579035398,1,0,Low Risk
-363.3300000000004,110.11148712582516,11.777393104830182,2,1,Medium Risk
548.3799999999997,87.15710635587168,3.5171701511273072,1,0,Low Risk
-1756.1699999999996,152.44552882433044,7.273574312540316,2,1,Medium Risk
-1221.3100000000004,136.52603277237287,26.52295232484067,0,2,High Risk
302.7099999999996,92.84095961554836,6.4696478067146606,1,0,Low Risk
223.55000000000064,94.77586827382815,12.811800391663821,2,1,Medium Risk
-96.60000000000082,102.44265080713681,19.268115062507587,2,1,Medium Risk
-2108.2400000000002,186.42630208867118,23.869473425297723,0,2,High Risk
-337.7999999999993,108.76812741558275,2.7482810265302042,2,1,Medium Risk
479.65000000000055,90.12348475332905,11.060502793181055,1,0,Low Risk
-490.8699999999999,115.24933518900514,8.04203842234759,2,1,Medium Risk
-413.44000000000005,112.71055390395146,20.874772883085903,2,1,Medium Risk
-1016.5699999999997,133.95232640083364,15.662083223395266,2,1,Medium Risk
-1139.3200000000002,132.71820849917583,4.254757022818777,2,1,Medium Risk
-179.1800000000003,105.1801398100018,11.632041815795409,2,1,Medium Risk
-1212.4499999999994,137.4807565087824,18.298164371873895,2,1,Medium Risk
1320.3099999999995,72.0760199905673,7.730376906368769,1,0,Low Risk
265.6800000000003,93.995416555546,12.558366594193398,1,0,Low Risk
-74.05999999999995,101.94060786147949,10.443279276163226,2,1,Medium Risk
-694.9000000000001,124.63188640053313,5.859333460941323,2,1,Medium Risk
-75.7199999999998,102.17597461937686,12.16815812312131,2,1,Medium Risk
432.0799999999999,90.81763198272674,13.045261542777236,1,0,Low Risk
-1521.94,143.68018643737014,4.318826271137795,2,1,Medium Risk
-482.00999999999976,119.22265514394756,21.34228776754629,2,1,Medium Risk
-1076.0500000000002,126.8169108154853,14.841074819692068,2,1,Medium Risk
-530.8400000000001,115.31731695915883,18.25560794316746,2,1,Medium Risk
1056.7400000000002,72.80648481729284,10.708697889861039,1,0,Low Risk
1136.9099999999999,74.16471807317622,8.866498053678923,1,0,Low Risk
135.55000000000018,96.75324675324674,18.12720661853823,2,1,Medium Risk
879.94,78.8949809802031,1.5964157396614331,1,0,Low Risk
-918.9800000000005,121.75548574499366,26.836295284472776,2,1,Medium Risk
-1672.979999999999,156.99344891138824,7.577528028643554,2,1,Medium Risk
-177.01999999999953,104.28247600753824,23.309036454994324,2,1,Medium Risk
927.7700000000004,81.8262843755448,8.348269640999725,1,0,Low Risk
-318.5699999999997,108.539537277545,19.223005846354273,2,1,Medium Risk
1046.6,75.19146848207153,15.129269373813322,1,0,Low Risk
-9.55999999999949,100.20885446819665,12.645526341660569,2,1,Medium Risk
1463.25,73.01292502452952,9.909369905054186,1,0,Low Risk
-1109.0999999999995,132.47407285951033,13.671552466225908,2,1,Medium Risk
2514.1199999999994,57.2430752904322,12.003850320491564,1,0,Low Risk
705.4800000000005,85.81584809760098,11.291347321521918,1,0,Low Risk
603.3900000000003,87.07714647357024,19.12738238273612,1,0,Low Risk
-1064.58,122.10961140267622,10.827184159534456,2,1,Medium Risk
-1598.42,164.29169012951493,23.15783122838066,0,2,High Risk
-719.3400000000001,127.25082395726788,13.956889040421261,2,1,Medium Risk
578.94,86.56623947985771,12.50002900507937,1,0,Low Risk
385.34999999999945,90.02345594631541,19.38118760614722,2,1,Medium Risk
-1134.79,132.01091111167528,20.91023720666514,2,1,Medium Risk
1058.5400000000009,78.66423184059144,8.119580597177373,1,0,Low Risk
1571.3200000000006,65.35905926340712,9.244447775803456,1,0,Low Risk
1060.13,80.57484090730021,14.770289014587238,1,0,Low Risk
2653.92,47.84731024318349,15.219847703267012,1,0,Low Risk
-539.2400000000002,114.61893814522426,5.627548364708945,2,1,Medium Risk
818.5699999999997,82.61225131379388,10.432606728493928,1,0,Low Risk
-130.8199999999997,102.70301542632103,11.529862927653737,2,1,Medium Risk
652.0599999999995,86.78255863686395,16.37271376534714,1,0,Low Risk
-296.4699999999998,110.68148655221486,19.302120300480986,2,1,Medium Risk
335.8299999999999,92.46320022801383,11.342566098203045,1,0,Low Risk
-711.0,124.82498559731847,10.421256612140152,2,1,Medium Risk
802.4999999999995,78.16445363517633,21.121843709185896,1,0,Low Risk
-647.1599999999999,120.3706093618682,13.320092038540354,2,1,Medium Risk
474.84999999999945,87.93841823982444,17.380260510861394,1,0,Low Risk
-1962.3200000000002,167.01271736309369,18.977010395180788,0,2,High Risk
225.73000000000047,93.57917163264202,7.006220861932136,1,0,Low Risk
1048.29,73.09289623096747,20.891384921816446,1,0,Low Risk
-2750.48,203.04896781686713,20.354801243864973,0,2,High Risk
383.96000000000095,92.81491808340428,12.959008954218397,1,0,Low Risk
690.46,85.20142657510523,6.320996545013418,1,0,Low Risk
-1049.9900000000002,128.74298869705422,18.62864526160475,2,1,Medium Risk
-629.46,116.15536831190695,11.321539207810508,2,1,Medium Risk
1037.13,77.73825877908475,8.453464411436421,1,0,Low Risk
1109.9299999999994,73.9168953978042,9.789771018198227,1,0,Low Risk
-604.3199999999997,116.82794186852752,16.82432187838504,2,1,Medium Risk
-293.9399999999996,106.84799701795053,9.84332591703845,2,1,Medium Risk
-689.4099999999999,120.9722412350749,10.944406418739067,2,1,Medium Risk
1028.06,75.51666817495511,15.727479268972283,1,0,Low Risk
-631.9199999999996,123.9085608780698,14.855073834593863,2,1,Medium Risk
109.26000000000022,97.69261471987633,10.12052212880895,2,1,Medium Risk
-1232.6800000000003,142.23922585862462,16.191109298811305,2,1,Medium Risk
493.8299999999999,87.73936942774786,11.752160624861897,1,0,Low Risk
-1987.58,190.34824151897124,25.688778177289073,0,2,High Risk
-1560.0,160.1872750211234,21.14965411607656,0,2,High Risk
-1688.2600000000007,149.25832127351666,14.339608328275991,2,1,Medium Risk
492.2899999999995,89.08890627528078,12.099081747317607,1,0,Low Risk
-419.3200000000006,110.33019065473977,13.546365389968884,2,1,Medium Risk
2231.1800000000003,67.32437352360114,4.2057505048863035,1,0,Low Risk
-1488.7999999999993,152.5148059442471,12.136817859548994,2,1,Medium Risk
-86.22999999999956,102.47495056126242,12.328830031198786,2,1,Medium Risk
242.89000000000033,94.88289586506636,10.186174190952316,1,0,Low Risk
1164.56,72.52236203491569,8.024850113609283,1,0,Low Risk
1073.8399999999997,77.26721354855782,13.633448002116962,1,0,Low Risk
-363.1700000000001,108.6196707070755,12.202398612004451,2,1,Medium Risk
2577.62,55.62560253408621,5.327606390304366,1,0,Low Risk
-1478.3400000000001,172.0846092332898,27.871018704530826,0,2,High Risk
-3039.41,250.56572181546173,24.575708638403693,0,2,High Risk
989.1200000000003,79.28856800649953,10.17040362500314,1,0,Low Risk
-2068.4300000000003,187.77588701840452,20.40110503333348,0,2,High Risk
-2080.5800000000004,173.42325174331611,20.25246322802857,0,2,High Risk
815.3299999999999,85.65829907669793,11.4599219353284,1,0,Low Risk
2500.1,50.573815054613746,9.96629269015964,1,0,Low Risk
686.9999999999995,85.06193751236685,18.13789549444552,1,0,Low Risk
1649.9099999999999,70.36373760597787,10.257400488575945,1,0,Low Risk
-549.1300000000001,116.55646710143486,21.493890029577503,2,1,Medium Risk
-863.4900000000002,125.36371727425737,5.87058626554225,2,1,Medium Risk
2590.8899999999994,56.52467929087417,8.32962773410298,1,0,Low Risk
2427.58,60.04720117443368,8.197665615557296,1,0,Low Risk
207.26999999999998,94.67120181405896,2.7748211907589946,1,0,Low Risk
699.1500000000001,80.85889268221902,11.468511557489029,1,0,Low Risk
945.3900000000003,78.14304044759382,12.647531413642824,1,0,Low Risk
1411.46,71.44955034043052,7.297511600529154,1,0,Low Risk
156.63999999999987,96.00011235639448,11.876070896884919,2,1,Medium Risk
854.4900000000007,82.50404899333118,9.760377400986501,1,0,Low Risk
-1020.9699999999993,128.77317280756634,9.46668019411894,2,1,Medium Risk
2169.9599999999996,57.49993145023875,7.161491486119652,1,0,Low Risk
392.27999999999975,88.94029484652926,21.456583580730378,2,1,Medium Risk
1376.2700000000004,71.38095168779749,18.09238229710143,1,0,Low Risk
-996.5600000000004,125.39226327885729,10.433770059062441,2,1,Medium Risk
-604.9100000000003,118.56018998643832,7.323928104615271,2,1,Medium Risk
1821.8000000000002,61.52188973184867,6.122112768869439,1,0,Low Risk
768.0,85.15213264094841,10.634784995920704,1,0,Low Risk
-675.7600000000002,115.1819333734734,20.317091582267675,2,1,Medium Risk
-141.8699999999999,104.51713147664063,28.233424926210954,2,1,Medium Risk
851.9499999999998,84.22691616262041,7.826093396207202,1,0,Low Risk
-683.1700000000001,118.48838877116637,14.711796337341312,2,1,Medium Risk
-1394.33,168.32572977052104,40.29234923139495,0,2,High Risk
915.7300000000009,80.1815781500238,13.45864173483963,1,0,Low Risk
-167.26999999999998,104.89974662038462,6.630929888542261,2,1,Medium Risk
-1508.9900000000007,140.22535947154887,17.983174012486206,2,1,Medium Risk
86.98999999999978,97.91749956310343,3.058754808854757,1,0,Low Risk
1749.5700000000006,67.48373787309964,13.38196483663532,1,0,Low Risk
2226.02,57.47512240597712,5.2141221060514304,1,0,Low Risk
1132.5,76.87619319864014,12.643260405713061,1,0,Low Risk
-117.07000000000016,103.10628553840601,14.772036796760782,2,1,Medium Risk
978.9499999999998,81.17269882664728,10.500170204418392,1,0,Low Risk
-2601.28,187.17367846060014,12.332692140133108,0,2,High Risk
290.7600000000002,91.28080102917494,15.273292130350166,2,1,Medium Risk
1361.21,68.76181864913988,12.559666966531418,1,0,Low Risk
1135.2800000000002,77.30429532723733,15.125005497603045,1,0,Low Risk
945.5199999999995,78.33875139460669,10.618712815261294,1,0,Low Risk
795.4000000000001,82.85960564594332,9.50694968214632,1,0,Low Risk
1113.2400000000007,76.12661105273315,9.693337050459993,1,0,Low Risk
-1618.0199999999995,148.59517237858114,25.07846311407711,0,2,High Risk
1915.08,59.89806367041983,11.62216549786097,1,0,Low Risk
1112.25,73.46630596587657,12.922726058246498,1,0,Low Risk
-73.80000000000018,102.56826075154689,17.73631130939538,2,1,Medium Risk
-1858.2399999999998,144.09954102531242,16.70701087395046,2,1,Medium Risk
770.7700000000004,83.16927027605392,18.146145682754163,1,0,Low Risk
-1203.96,143.90265247926953,14.539407950874072,2,1,Medium Risk
961.4299999999998,79.51667334225306,9.264719667981899,1,0,Low Risk
-480.6199999999999,109.40461444837754,6.101395762033629,2,1,Medium Risk
-1558.8900000000003,143.51511970991595,16.46712687827468,2,1,Medium Risk
200.28000000000065,95.44906097685673,8.198870672710953,1,0,Low Risk
1206.7800000000002,76.45559988684141,5.6471988371979585,1,0,Low Risk
-2689.56,192.4479336740832,9.858486836904103,0,2,High Risk
-544.7600000000007,115.17149954883199,16.956119732195575,2,1,Medium Risk
1000.9199999999996,76.89601684117224,11.160969844699279,1,0,Low Risk
-855.7700000000004,129.5330386137828,22.175402996200397,2,1,Medium Risk
-407.0199999999995,112.20310729212261,16.151682866719835,2,1,Medium Risk
-1082.31,132.85671350898443,3.717027470909494,2,1,Medium Risk
1784.06,63.13742830222987,9.167190108600426,1,0,Low Risk
2546.7400000000002,48.136110279547815,7.2979352113766005,1,0,Low Risk
-570.3500000000004,113.62618827481252,18.905843481003135,2,1,Medium Risk
429.2399999999998,89.25992463631769,15.040208976585214,1,0,Low Risk
1327.1100000000001,73.2731172401293,8.549879668509401,1,0,Low Risk
-1786.5900000000001,158.50957917144262,28.345505158015392,0,2,High Risk
75.56999999999971,98.46457988776419,10.379171763061331,2,1,Medium Risk
250.46000000000004,94.60910292338754,1.0684505744751378,1,0,Low Risk
-1100.19,129.41991277165266,16.889996550442426,2,1,Medium Risk
1447.63,70.10647129033457,8.657297082984003,1,0,Low Risk
412.75,91.48691738752007,4.326976623312337,1,0,Low Risk
-60.629999999999654,101.50007051296323,10.82485322170018,2,1,Medium Risk
-2908.2200000000003,276.4932211824394,26.420395926640694,0,2,High Risk
386.47000000000116,92.71672945402324,13.205886620922042,1,0,Low Risk
1573.48,70.55768036105893,9.198806948737717,1,0,Low Risk
1282.1999999999998,72.16868097520317,13.58963672987428,1,0,Low Risk
-1309.21,147.33139314184487,15.322210372191392,2,1,Medium Risk
-2514.33,326.6755017039,27.486882674311673,0,2,High Risk
-470.3100000000004,115.50423118384141,22.934433957599158,2,1,Medium Risk
887.1300000000001,81.83037753277527,10.389370997175622,1,0,Low Risk
-2402.41,199.34169447511297,18.561569347442244,0,2,High Risk
-237.01999999999998,106.43769946357031,5.007672981598424,2,1,Medium Risk
1480.08,65.56552085150933,6.851393008782644,1,0,Low Risk
-65.38000000000011,101.84884072765936,18.42987102229185,2,1,Medium Risk
162.15999999999985,96.69090263507488,8.250704530010632,1,0,Low Risk
1117.3899999999994,73.26677480632952,18.492839336041612,1,0,Low Risk
-1379.4000000000005,141.6967689084902,12.405952535691938,2,1,Medium Risk
-178.25,104.8758004382066,11.053911445069629,2,1,Medium Risk
1436.0900000000001,69.88678897120343,2.2581395982780346,1,0,Low Risk
784.8100000000004,80.297492029222,2.499184093590741,1,0,Low Risk
2027.0500000000002,56.01249066888877,11.185398329948095,1,0,Low Risk
-125.20999999999913,102.84529382356948,16.89815025223833,2,1,Medium Risk
140.61000000000013,96.6209916179637,9.004681251922486,1,0,Low Risk
1407.2800000000007,70.53908812858897,14.670792188026635,1,0,Low Risk
-1921.0599999999995,177.15224340953267,11.078892833619818,2,1,Medium Risk
805.3499999999999,83.38638440607897,16.22145711321023,1,0,Low Risk
509.7600000000002,90.3961657008071,3.2383927293005867,1,0,Low Risk
472.3299999999999,85.7676627364247,12.288208370119715,1,0,Low Risk
-469.24999999999955,112.07996849039652,11.35581395947515,2,1,Medium Risk
2490.38,58.23584260166091,12.982813904503804,1,0,Low Risk
12.159999999999854,99.69921241144576,14.330945502038233,2,1,Medium Risk
-75.77999999999975,101.69313162322125,16.852222989322414,2,1,Medium Risk
-698.9599999999996,120.4834247667276,11.543466028977353,2,1,Medium Risk
-2480.9999999999995,175.10853046421371,11.01319318725365,2,1,Medium Risk
-1285.2799999999997,149.44240349291223,27.382816256659808,0,2,High Risk
-333.5199999999995,108.07787231672079,12.39630789501091,2,1,Medium Risk
-998.94,126.7294225937392,8.75969635264621,2,1,Medium Risk
-1431.3100000000004,162.66132562822872,27.915243849049997,0,2,High Risk
-134.44000000000005,103.5798353339653,15.384717799056311,2,1,Medium Risk
305.2600000000002,93.31884429094522,11.483332129560928,1,0,Low Risk
-1925.67,209.19344046633475,30.85441781870556,0,2,High Risk
-670.48,118.9836036796163,10.643593090385036,2,1,Medium Risk
-1556.2300000000005,145.16388351994058,7.134316576410294,2,1,Medium Risk
-2098.93,180.10724576837202,14.279335152567599,0,2,High Risk
-1249.3899999999994,131.7782373034828,14.989101101589942,2,1,Medium Risk
1146.7399999999998,78.65648695833443,9.001857511381445,1,0,Low Risk
-1386.1599999999999,142.85480205901902,3.122227203165819,2,1,Medium Risk
1403.15,74.20879270350451,8.578014197433287,1,0,Low Risk
468.48,89.55383960166878,5.127421839985194,1,0,Low Risk
-839.0300000000002,124.95211981347545,4.1316734868671485,2,1,Medium Risk
1111.08,70.55774612058,11.090000423980326,1,0,Low Risk
-837.3400000000001,123.42268756416246,11.998623741576711,2,1,Medium Risk
1158.0800000000008,76.20473201352003,10.389060686070046,1,0,Low Risk
626.7600000000011,88.80345850155416,7.159777055271714,1,0,Low Risk
-95.77999999999975,102.23556788979475,9.262738745719908,2,1,Medium Risk
14.230000000000018,99.63304408370618,14.852302177753138,2,1,Medium Risk
-2660.68,269.51757180356276,45.79436275134432,0,2,High Risk
2006.9699999999998,59.215055904862155,6.178798014981122,1,0,Low Risk
251.17999999999938,95.26200626249671,12.55008111065002,2,1,Medium Risk
1013.56,75.44075599709232,16.55439786770051,1,0,Low Risk
-547.6899999999996,114.73802328741687,16.488481420387117,2,1,Medium Risk
2336.4300000000003,47.76114063663336,12.14955987470347,1,0,Low Risk
-134.1800000000003,104.32923897928303,16.983664527536064,2,1,Medium Risk
715.4000000000001,82.36780164393015,20.3997683216878,1,0,Low Risk
861.9000000000005,82.91833143074581,2.8717180365296806,1,0,Low Risk
-873.5099999999993,120.21382206949215,0.41260254318673556,2,1,Medium Risk
119.15999999999985,96.65749413041831,17.736655642792826,2,1,Medium Risk
-330.5500000000002,111.42802814223236,22.084046396653356,2,1,Medium Risk
1038.4499999999994,79.58615998851974,8.534123322436255,1,0,Low Risk
1041.54,72.79580003134305,11.871963642062372,1,0,Low Risk
-2007.2099999999996,182.26877392594534,31.322392635522288,0,2,High Risk
2538.9599999999996,53.860076979831874,7.905697888688181,1,0,Low Risk
-996.9199999999996,126.22831780643158,12.662690446811704,2,1,Medium Risk
200.26999999999953,95.39093191688167,11.552243546223012,2,1,Medium Risk
728.0100000000002,83.14409287292024,17.96449194493195,1,0,Low Risk
1560.7400000000002,70.54818560942012,1.2446926952616382,1,0,Low Risk
1910.5900000000001,69.21719824447209,0.0,1,0,Low Risk
991.3299999999999,82.8322397075352,5.822626537613627,1,0,Low Risk
804.5799999999999,83.26695547102632,11.579072151869777,1,0,Low Risk
-2022.5500000000002,182.2358657423408,21.16123523552014,0,2,High Risk
3545.94,40.22726161719515,5.361095144099239,1,0,Low Risk
211.27999999999975,94.70405843382706,12.621977355388058,2,1,Medium Risk
2394.29,57.3123593742757,3.9783485414148325,1,0,Low Risk
-1277.42,143.99010978415086,11.143711172637987,2,1,Medium Risk
193.80000000000018,95.65973971875651,11.402029485999412,2,1,Medium Risk
1018.69,75.09759871709939,11.817695130209033,1,0,Low Risk
50.60999999999967,98.73765339718648,7.023346303501945,1,0,Low Risk
-2878.0499999999993,246.26690451142719,10.369116772629557,0,2,High Risk
-203.77999999999975,104.14582193188222,10.737064396752187,2,1,Medium Risk
1929.5500000000002,56.06891275937909,7.218217666692469,1,0,Low Risk
-585.8599999999997,113.58462391047772,10.107195774311505,2,1,Medium Risk
1114.6200000000008,78.71074948429978,12.303460921384367,1,0,Low Risk
281.8800000000001,93.20901994796183,15.935723234075358,2,1,Medium Risk
-477.6500000000001,112.29795210068023,11.553097595765168,2,1,Medium Risk
-149.14000000000033,103.47698369216782,13.91306375091797,2,1,Medium Risk
-1515.85,158.5747462218255,13.737059921403153,2,1,Medium Risk
533.2399999999998,88.98744555575978,6.7344608032448665,1,0,Low Risk
-735.7299999999996,119.80878583582827,0.7705645421845048,2,1,Medium Risk
-1510.1,143.5754931495781,10.575158419612867,2,1,Medium Risk
-2002.9400000000005,160.73177461560152,18.74221121221585,0,2,High Risk
-1995.7899999999995,177.50941784146954,27.010369334731443,0,2,High Risk
384.9499999999998,89.33520614815184,10.883381261878245,1,0,Low Risk
469.0899999999997,88.8207298734292,0.0,1,0,Low Risk
904.2399999999998,78.34886900471936,8.600688150828104,1,0,Low Risk
977.9099999999999,75.45739282326191,8.627093717217043,1,0,Low Risk
-1167.87,137.94717996373822,21.21347014901125,2,1,Medium Risk
-1127.9299999999998,142.0307946847122,20.421973632237535,2,1,Medium Risk
392.6300000000001,89.4430178938736,18.05304975599263,2,1,Medium Risk
-1249.8500000000008,137.16594952555693,15.189316332083417,2,1,Medium Risk
-99.64000000000033,102.67670295957814,12.165781506464759,2,1,Medium Risk
-30.6899999999996,100.78018745853107,16.034644492293456,2,1,Medium Risk
851.5499999999997,80.51698457694711,11.771260178505653,1,0,Low Risk
-836.3799999999997,123.62194939404465,10.482984954909918,2,1,Medium Risk
-288.7599999999993,107.56510348441182,15.592088027246529,2,1,Medium Risk
235.1899999999996,92.71846313410425,8.026440037771483,1,0,Low Risk
-550.0100000000002,112.37802243306989,11.655834218533387,2,1,Medium Risk
-235.84000000000015,107.00189713885335,17.8437933276528,2,1,Medium Risk
-2669.3900000000003,275.59812389403817,34.5994198017327,0,2,High Risk
-548.5100000000002,113.162397264383,7.168756374107625,2,1,Medium Risk
2558.0499999999997,59.6259077285361,6.3421440149498025,1,0,Low Risk
1061.1,73.12289607063883,6.133278621671391,1,0,Low Risk
-582.4200000000001,116.23601629121238,10.267310807006002,2,1,Medium Risk
783.5799999999999,83.43844846681264,15.172932712224075,1,0,Low Risk
-57.5600000000004,101.40521854615055,13.438684035779854,2,1,Medium Risk
1862.3900000000003,61.82758783247828,15.512749826292454,1,0,Low Risk
-84.44999999999982,101.88225487224291,19.930950555426776,2,1,Medium Risk
269.6199999999999,94.13856822974412,8.87584512706798,1,0,Low Risk
-856.6700000000001,127.97024934781686,14.15604726409581,2,1,Medium Risk
1276.1500000000005,76.11610401374472,6.505350786241797,1,0,Low Risk
-1705.9600000000005,167.6517242473272,17.259128834745095,0,2,High Risk
-2724.1800000000007,190.3027128802143,23.683669680978017,0,2,High Risk
-824.4900000000002,131.16092384094696,29.622700696546744,0,2,High Risk
2528.5499999999997,58.63874516834524,11.511565709686865,1,0,Low Risk
-891.1199999999999,122.03904169047107,8.901732960377112,2,1,Medium Risk
-389.5500000000002,110.41716807059767,14.204572803850782,2,1,Medium Risk
-2068.4999999999995,158.04784141166962,12.393922726354308,2,1,Medium Risk
349.0699999999997,93.50834354618846,7.135112818729415,1,0,Low Risk
-512.04,110.53090538144814,6.7842937234948355,2,1,Medium Risk
-1446.8199999999997,136.95146930373443,12.708085384603596,2,1,Medium Risk
1405.1199999999994,68.79986321962356,11.979163197196891,1,0,Low Risk
1136.4899999999998,74.18898417485784,6.559666781736587,1,0,Low Risk
-306.5399999999995,109.49854829063932,17.926828890410658,2,1,Medium Risk
2739.88,63.01427927332024,8.637083993660857,1,0,Low Risk
113.85999999999967,97.1520546677439,12.962578508593111,2,1,Medium Risk
2108.83,50.84404020437847,12.680882407787267,1,0,Low Risk
-630.079999999999,114.35091970882718,11.997667702231169,2,1,Medium Risk
789.7800000000002,83.19009003256497,6.849711597811973,1,0,Low Risk
2306.94,61.34542206970739,7.4682184752575775,1,0,Low Risk
-70.12000000000035,102.29454015936126,13.188042998085702,2,1,Medium Risk
-217.30000000000018,107.72213120871076,25.188078138159696,2,1,Medium Risk
1866.71,55.99198444038428,18.490010019449517,1,0,Low Risk
1078.0600000000004,73.83533683308698,14.06381589645389,1,0,Low Risk
-215.02999999999975,105.8896838091899,18.01854854613581,2,1,Medium Risk
494.44000000000005,87.54574879409579,9.749751262578556,1,0,Low Risk
1165.0800000000004,75.95338786276416,17.61019919134629,1,0,Low Risk
1471.7799999999997,68.22005717789928,5.445503934219505,1,0,Low Risk
238.48999999999978,95.14725691519452,7.043792501434519,1,0,Low Risk
-438.77999999999975,111.32443613970881,23.782399867858352,2,1,Medium Risk
1406.4699999999998,70.83948415989386,8.271479515674242,1,0,Low Risk
-2030.4399999999996,195.0709600086154,39.949712273670116,0,2,High Risk
-1056.73,126.84829252552765,13.584083050257501,2,1,Medium Risk
-890.8800000000001,136.8381878628492,23.44894887444384,2,1,Medium Risk
-1117.2599999999998,136.1506129937196,9.564578702310577,2,1,Medium Risk
32.98000000000002,99.07958338449859,6.324864086448834,1,0,Low Risk
454.1100000000006,89.66506066323313,5.752026090538538,1,0,Low Risk
-1624.3499999999995,141.48946767507258,14.827756194621323,2,1,Medium Risk
496.34000000000015,87.16173922040299,24.815964408577116,2,1,Medium Risk
187.96000000000004,95.1782997837469,20.216714851175283,2,1,Medium Risk
-2128.7899999999995,192.26245167553694,7.335350103149975,2,1,Medium Risk
-518.8000000000002,113.87091599379713,6.326132292390782,2,1,Medium Risk
2004.6799999999998,55.074682055017085,13.199170821894784,1,0,Low Risk
372.97000000000025,90.28098803136392,5.827185715811994,1,0,Low Risk
-707.44,119.55053447265733,9.49255496722417,2,1,Medium Risk
1139.1500000000005,71.27428062769661,19.577315974087213,1,0,Low Risk
-1081.06,142.04495955196018,6.1632700684505295,2,1,Medium Risk
1604.3000000000006,70.04186631908782,10.630534402461933,1,0,Low Risk
467.85000000000036,87.26027061543363,16.40711584072411,1,0,Low Risk
313.2600000000002,92.54512051174656,4.131287362449073,1,0,Low Risk
-1246.7600000000002,146.93490340164738,22.888463913023834,2,1,Medium Risk
545.9100000000003,82.62689075095392,26.738631626181075,2,1,Medium Risk
-2739.9999999999995,175.8158504933564,5.032346251542603,2,1,Medium Risk
194.8699999999999,92.98998517921638,22.740909679554512,2,1,Medium Risk
850.1500000000001,82.65672494338929,12.74505803871968,1,0,Low Risk
541.79,90.19212422814503,6.289429999475021,1,0,Low Risk
-443.90000000000055,113.64083338454923,20.945547292729398,2,1,Medium Risk
1038.0700000000002,71.55684274844299,9.223126727914885,1,0,Low Risk
-2189.3799999999997,175.89022957229463,22.595695562803954,0,2,High Risk
942.75,77.02414201529531,13.938321610832466,1,0,Low Risk
1544.3199999999997,67.61691875082566,6.826507524780297,1,0,Low Risk
228.69999999999982,92.81262865457563,16.60009365267429,2,1,Medium Risk
707.2399999999993,84.46104495320122,17.33620424484774,1,0,Low Risk
160.42999999999984,95.33062265155904,15.025656399256066,2,1,Medium Risk
610.4200000000001,84.98296370099757,11.157361280244043,1,0,Low Risk
-621.4300000000003,118.61862131780158,16.944704105845975,2,1,Medium Risk
-848.4699999999993,125.14044777357685,15.641259644673058,2,1,Medium Risk
780.7299999999996,86.178173790349,6.4092781661777485,1,0,Low Risk
-112.44999999999982,102.24052632942214,9.944988055175328,2,1,Medium Risk
-242.8099999999995,107.01821828997227,8.998153024386436,2,1,Medium Risk
2804.55,55.17654166293744,15.545767219444834,1,0,Low Risk
656.3500000000004,87.87063987063986,7.8157542157542155,1,0,Low Risk
-2252.23,223.82101663606275,18.454154617524495,0,2,High Risk
139.42000000000007,97.3058781017088,5.063604233454493,1,0,Low Risk
-789.1800000000003,131.91081566305985,15.43379106215731,2,1,Medium Risk
2026.31,64.0751929820829,6.438704919137228,1,0,Low Risk
794.5299999999997,79.63156181183813,13.649030068268223,1,0,Low Risk
879.2199999999998,78.26118131671146,10.2203749811471,1,0,Low Risk
-625.48,118.17685145361341,14.066223394980645,2,1,Medium Risk
-582.9200000000001,117.6085886123555,21.209027226070333,2,1,Medium Risk
1236.8800000000006,72.1990712644918,14.390005978791025,1,0,Low Risk
2190.64,56.003912298636116,13.84066019035301,1,0,Low Risk
-1952.31,187.79280231318887,23.338744564410888,0,2,High Risk
-2091.69,155.27619732193114,24.969939773841393,0,2,High Risk
1565.98,65.5425684536645,11.479136044782031,1,0,Low Risk
-1149.7599999999998,144.27211083429916,22.107946384908914,2,1,Medium Risk
-1660.92,164.9410771119574,20.21481243988458,0,2,High Risk
-734.5700000000002,124.953969494174,17.54526616163332,2,1,Medium Risk
-1853.82,191.86194593791035,16.99264141126335,0,2,High Risk
-3138.8,347.2605815208401,39.44368732423213,0,2,High Risk
2150.0099999999998,63.24788078009856,0.012991386368958793,1,0,Low Risk
-0.01999999999998181,100.00062597025389,19.016037357904754,2,1,Medium Risk
-109.16999999999962,103.08818163045352,20.349128310736077,2,1,Medium Risk
650.5799999999999,86.67690606377096,11.627654563699288,1,0,Low Risk
-1962.7200000000007,172.06688526034804,26.960091354044657,0,2,High Risk
864.3600000000001,77.591695788786,19.266226291829557,1,0,Low Risk
-1870.6899999999994,206.11375509810478,35.53272713865143,0,2,High Risk
-1723.3599999999997,137.50397158737272,9.500689859286114,2,1,Medium Risk
526.9200000000005,87.27043441708096,16.929027332859828,1,0,Low Risk
-411.08999999999924,108.9907815455947,12.152831694861502,2,1,Medium Risk
1509.5400000000004,71.1842858779063,4.015194899400603,1,0,Low Risk
-673.6399999999999,117.64217528513625,15.894823680385507,2,1,Medium Risk
621.5100000000002,85.72488400937111,6.4173825164224345,1,0,Low Risk
-183.53999999999996,104.55025510583545,16.28661103425707,2,1,Medium Risk
-561.1599999999999,115.1721042656335,11.043278186788081,2,1,Medium Risk
1494.1000000000004,65.02755007934984,14.062712126248178,1,0,Low Risk
1407.0700000000002,72.89608370783162,10.360038448276859,1,0,Low Risk
288.3299999999999,93.17374711163302,7.1053827796507445,1,0,Low Risk
-598.4399999999996,117.52232600357215,10.816033730565396,2,1,Medium Risk
-700.56,122.70674985819625,20.549064095292117,2,1,Medium Risk
-301.28000000000065,106.58796157605524,14.667442201176861,2,1,Medium Risk
-828.9099999999999,130.98045664694516,11.473731027549064,2,1,Medium Risk
253.52999999999997,88.51074243090268,30.48484821019908,2,1,Medium Risk
-165.03999999999996,103.86079251047424,3.732364548268094,2,1,Medium Risk
-21.210000000000036,100.69021174954523,17.253015812064547,2,1,Medium Risk
117.84999999999945,96.82187392129791,18.24705514325164,2,1,Medium Risk
960.0999999999995,77.28552434217687,16.167710004211205,1,0,Low Risk
-495.1800000000003,115.9718481580993,19.597268677850423,2,1,Medium Risk
366.3099999999995,91.35447570091033,6.1928397282032766,1,0,Low Risk
-871.7700000000004,129.83266032441315,18.641434535623848,2,1,Medium Risk
945.69,77.81981250894182,14.056200409506362,1,0,Low Risk
-507.5999999999999,114.67879296135104,18.02547678604994,2,1,Medium Risk
1530.44,71.63819255651735,10.426546432350591,1,0,Low Risk
1807.3300000000004,63.484077964533284,9.086298826329497,1,0,Low Risk
-226.4900000000007,105.14323345406653,16.051003145118255,2,1,Medium Risk
-1290.62,138.69588551520258,11.593594559993283,2,1,Medium Risk
-600.4499999999998,117.68047065474718,11.191595114424697,2,1,Medium Risk
-448.0799999999999,111.0184600025082,8.184418056228376,2,1,Medium Risk
-2029.5999999999995,179.340755566675,18.483393795346508,0,2,High Risk
-351.0799999999999,109.33227006911217,24.790005316321107,2,1,Medium Risk
114.88999999999987,96.78198201226259,13.516291758748084,2,1,Medium Risk
-1088.1200000000003,131.8254938549643,5.660978876988143,2,1,Medium Risk
925.4700000000003,82.41497445290841,8.007858889608823,1,0,Low Risk
275.44000000000005,92.85478963083253,12.394387388485795,1,0,Low Risk
1313.7500000000005,72.21940275152144,3.7049959611082213,1,0,Low Risk
-2633.86,172.07110079818747,6.448708862699169,2,1,Medium Risk
-446.2599999999993,110.68614914536667,6.798752891481444,2,1,Medium Risk
-939.3100000000004,130.27658964102332,16.090935170173058,2,1,Medium Risk
366.0100000000002,91.6578156837897,17.47731033445319,2,1,Medium Risk
351.1199999999999,92.61574181174264,14.018145186730543,1,0,Low Risk
3213.55,42.404853438001275,11.342671003934008,1,0,Low Risk
940.3199999999997,79.7703642031483,12.926640893415344,1,0,Low Risk
-1280.7600000000002,144.459255402239,20.557493708235704,2,1,Medium Risk
-3247.2799999999997,258.2017129327396,24.481394510430572,0,2,High Risk
1725.8199999999997,68.60215914507461,13.440987370420368,1,0,Low Risk
492.3199999999997,88.92159245357745,10.102251145374845,1,0,Low Risk
-1681.0,169.02328560694093,30.618253189401372,0,2,High Risk
-398.1699999999996,112.86993341521752,15.304479927597129,2,1,Medium Risk
2201.05,52.313841887471014,3.3256060835842884,1,0,Low Risk
1929.3700000000003,50.88799570320553,16.356328480772607,1,0,Low Risk
-1932.63,191.47461838835642,13.688320908768192,0,2,High Risk
794.9400000000005,84.770272393221,13.613530383205038,1,0,Low Risk
1503.62,69.60289815812509,6.811156776688588,1,0,Low Risk
-1812.0999999999995,160.94493061674748,22.51071185939045,0,2,High Risk
-1696.5900000000006,194.80010057832538,45.52566144218143,0,2,High Risk
2097.2400000000002,59.85582674708619,10.095381747114907,1,0,Low Risk
2919.5199999999995,48.7764866472383,12.03722386074739,1,0,Low Risk
-2122.7,184.77778132788038,24.870598760304173,0,2,High Risk
-371.1700000000005,110.49709694479249,17.95991436482057,2,1,Medium Risk
603.6399999999999,84.71333063209076,15.896221636952998,1,0,Low Risk
369.69000000000005,89.16179760128291,6.214031703405757,1,0,Low Risk
64.29999999999927,98.56573100876177,10.017130926676064,2,1,Medium Risk
-34.22000000000071,100.87947221386958,5.409191024346114,1,0,Low Risk
-547.2000000000003,114.34819546269786,15.455513252152752,2,1,Medium Risk
-1484.5099999999998,163.93624077248413,35.38714651184826,0,2,High Risk
-729.4900000000007,117.35298525392321,10.3320067652593,2,1,Medium Risk
-111.44000000000005,102.99636746908585,24.575913443053153,2,1,Medium Risk
1436.8400000000001,71.94586921843852,11.737382533431477,1,0,Low Risk
-597.0999999999999,118.57376156777354,14.152577960961196,2,1,Medium Risk
-627.1999999999998,118.28294252766345,13.92121311054884,2,1,Medium Risk
1768.8100000000004,62.28156033359561,20.92265503218886,1,0,Low Risk
-613.48,121.86065737335727,10.84195672624647,2,1,Medium Risk
1146.1300000000006,76.32050874141044,3.19099702903611,1,0,Low Risk
-60.94999999999982,101.43732372444889,13.01868638751851,2,1,Medium Risk
-980.94,132.51957592674856,20.107675884977755,2,1,Medium Risk
866.0099999999998,78.41531348528844,13.817030769039043,1,0,Low Risk
-1192.1999999999998,142.70806839309188,20.036825947247188,2,1,Medium Risk
673.8299999999999,84.83051591509249,8.18998606486703,1,0,Low Risk
-718.6200000000008,116.52353261731821,7.037366609413047,2,1,Medium Risk
677.0,86.5535069129275,11.853967509935906,1,0,Low Risk
-214.8800000000001,105.14332765256688,7.757836585412557,2,1,Medium Risk
-181.42000000000007,104.8866155433269,16.319335019487742,2,1,Medium Risk
2044.28,48.208707548484355,5.053519628086088,1,0,Low Risk
2119.24,58.574854911128796,14.76534599468708,1,0,Low Risk
-197.84999999999945,106.35215703649479,29.999775258532953,2,1,Medium Risk
1759.3600000000006,55.818841580553205,12.913627060758634,1,0,Low Risk
912.6800000000003,79.64394524018752,4.246606506407826,1,0,Low Risk
515.8899999999994,88.87143988109749,6.337944617136891,1,0,Low Risk
838.54,80.6294829000104,11.781840862102818,1,0,Low Risk
548.6299999999997,87.64655682926116,13.895400023867907,1,0,Low Risk
284.75,95.03687268075109,10.138374952721744,1,0,Low Risk
-901.4300000000003,124.59704375966973,10.247244726164393,2,1,Medium Risk
689.2999999999997,84.78295903342098,18.947677486152777,1,0,Low Risk
1404.2999999999997,68.49508682191411,0.9175752680935074,1,0,Low Risk
1190.0699999999997,72.64936246885888,9.210187628126752,1,0,Low Risk
2974.3300000000004,56.90245008614207,4.557487694507918,1,0,Low Risk
-2285.0199999999995,190.96127511862676,17.137591159517214,0,2,High Risk
11.970000000000255,99.66832917705734,11.303408146300914,2,1,Medium Risk
-3560.7300000000005,325.9346446700508,25.773477157360407,0,2,High Risk
322.75,92.28186555260886,12.971009467418831,1,0,Low Risk
917.1700000000001,79.01289655298662,15.054826367913302,1,0,Low Risk
-2288.3599999999997,257.592953507751,36.48859903448181,0,2,High Risk
1637.21,65.63053682539949,6.283955696999721,1,0,Low Risk
495.1899999999996,84.49886368616453,10.175799958679496,1,0,Low Risk
-1366.85,152.3821750760717,13.238393794694526,2,1,Medium Risk
1506.2200000000003,69.96666108359454,5.32046833999314,1,0,Low Risk
-102.98000000000002,102.58147644007931,8.789002278658074,2,1,Medium Risk
1019.5100000000002,73.0454508199972,18.097310388041237,1,0,Low Risk
-1062.8700000000008,128.97816965344632,12.753044715812893,2,1,Medium Risk
219.3499999999999,94.19871676196622,11.500214225640429,1,0,Low Risk
-838.1899999999996,123.61038734229273,19.64936100211544,2,1,Medium Risk
2235.25,60.63917645587943,2.111159438409402,1,0,Low Risk
188.07000000000016,94.94993434672982,14.024827408427784,2,1,Medium Risk
-1827.48,167.43194925667225,25.318160517469767,0,2,High Risk
1698.37,67.06957895859388,5.16786396378055,1,0,Low Risk
1430.6800000000003,75.06335777008537,7.055807127444111,1,0,Low Risk
-1330.1500000000003,171.5869521928432,13.299678702323353,2,1,Medium Risk
1288.27,74.22109185213051,8.89145912458128,1,0,Low Risk
-1900.08,166.572301482748,24.77436443647168,0,2,High Risk
-544.1099999999997,114.38603356238812,21.36264247622422,2,1,Medium Risk
-1876.92,149.14792663894505,16.77568527227593,2,1,Medium Risk
-1991.9400000000005,173.75069883853962,24.76720808912552,0,2,High Risk
35.74000000000024,99.0560456394274,9.307485077386298,2,1,Medium Risk
-282.0500000000002,107.11440815842643,10.378131865637194,2,1,Medium Risk
-2607.0200000000004,208.36800778148654,24.29802428389124,0,2,High Risk
-1338.4399999999996,146.26397746323084,14.484713364788027,2,1,Medium Risk
-2351.05,198.95699608136948,15.90644111742002,0,2,High Risk
881.5500000000006,77.90745465207779,18.82007688722038,1,0,Low Risk
-2310.7599999999993,170.36226169197553,33.41991236537366,0,2,High Risk
17.960000000000036,99.58758909545153,18.346774193548388,2,1,Medium Risk
-384.9699999999998,110.5599109058092,15.658139445575191,2,1,Medium Risk
282.34000000000015,94.02889747992995,10.08577881923002,1,0,Low Risk
1427.8899999999994,77.81098099180747,12.882588048086127,1,0,Low Risk
-2239.2,178.974934134651,40.29372242384485,0,2,High Risk
-582.4699999999998,121.49549955161582,38.900185627350325,0,2,High Risk
-330.8100000000004,110.49537430678056,25.248099595172523,2,1,Medium Risk
547.8500000000004,87.12144185313953,9.881357884517286,1,0,Low Risk
-2.0200000000004366,100.04925351662794,6.076225912713991,1,0,Low Risk
58.44999999999982,98.67473840537814,6.328152456098585,1,0,Low Risk
-1157.6400000000003,133.001222964363,13.377918794026003,2,1,Medium Risk
1687.5300000000002,64.73564217604908,13.515778299274665,1,0,Low Risk
507.96000000000004,87.8834718018076,16.334747834715632,1,0,Low Risk
-63.690000000000055,101.62841298128183,13.955926231792533,2,1,Medium Risk
-939.1800000000003,124.3140178786396,13.299212211116032,2,1,Medium Risk
-2604.2,230.3703555373109,37.909128227720096,0,2,High Risk
589.96,85.82562900032676,7.123945259192342,1,0,Low Risk
-517.75,112.22642560949114,12.344970576289116,2,1,Medium Risk
-2149.0399999999995,202.9430925464648,38.015424410806666,0,2,High Risk
-553.5200000000004,113.81472219310463,8.815895216560097,2,1,Medium Risk
-497.59000000000015,113.51981415316061,6.791560814574306,2,1,Medium Risk
861.4399999999996,79.96818870978244,10.979080821140556,1,0,Low Risk
665.5899999999997,86.00813961799292,17.29542693053156,1,0,Low Risk
-1055.3400000000006,133.79402214636585,23.117270706980136,2,1,Medium Risk
-1549.38,141.6154323424897,24.60241358656385,0,2,High Risk
-1075.2900000000009,129.6169291533771,23.73755735871715,2,1,Medium Risk
-886.0999999999999,126.69192976537249,22.519000039159813,2,1,Medium Risk
250.14000000000033,92.63325607489847,21.5377275417976,2,1,Medium Risk
2415.8099999999995,51.38031593204785,10.966251340869707,1,0,Low Risk
-287.69000000000005,108.84568554139815,9.012950755153245,2,1,Medium Risk
533.9099999999999,88.46236129269268,15.152726604790873,1,0,Low Risk
-235.90000000000055,105.63015222175021,8.338782894265789,2,1,Medium Risk
615.6700000000001,86.75870286173924,8.99406833246588,1,0,Low Risk
1016.79,77.88341696737946,2.9845064938737247,1,0,Low Risk
998.5900000000006,80.15051254171792,13.033686424253748,1,0,Low Risk
294.27,91.39420489904779,18.31294013054769,2,1,Medium Risk
2032.9100000000003,63.28592016817346,7.174281307678693,1,0,Low Risk
-2271.0,321.6864176802483,50.91759239374475,0,2,High Risk
-1354.5200000000004,159.8360221228774,32.91440637534678,0,2,High Risk
-253.90999999999985,107.83752666166615,16.17263486713153,2,1,Medium Risk
2685.5000000000005,58.14135456478231,4.298246160944192,1,0,Low Risk
-1768.23,155.99385667690552,20.184616358972736,0,2,High Risk
-1052.71,135.05165966883206,13.478129130858955,2,1,Medium Risk
1056.1499999999996,74.55612035944013,13.240502059794263,1,0,Low Risk
735.0600000000004,79.28171189555452,23.727127185812368,1,0,Low Risk
-2042.1799999999998,166.99647987822283,15.135539451280925,2,1,Medium Risk
601.52,87.06425293437074,4.4208031724321835,1,0,Low Risk
1808.1699999999996,62.7848247161272,7.751266287826556,1,0,Low Risk
334.71999999999935,93.14540818938596,6.108556976541783,1,0,Low Risk
1750.1299999999997,65.8565848976359,8.942764279666473,1,0,Low Risk
1282.5899999999997,74.75936986490078,9.731277489692904,1,0,Low Risk
-1372.5399999999995,147.01316672832147,19.078397522846537,2,1,Medium Risk
3231.84,46.940470893798526,8.576302296678525,1,0,Low Risk
-1290.69,150.96424933071145,23.66398951250523,0,2,High Risk
-594.4700000000003,116.74445461587213,18.00239419759172,2,1,Medium Risk
-681.9999999999995,121.38977054609776,14.556334759318037,2,1,Medium Risk
-230.32000000000062,104.79626494407621,7.951154397999197,2,1,Medium Risk
-35.340000000000146,101.08149793891097,7.263234884582075,2,1,Medium Risk
-53.30999999999949,101.26090370678725,12.01891237298719,2,1,Medium Risk
128.1300000000001,96.66203820693643,8.864238505485115,1,0,Low Risk
-399.6899999999996,110.67973098268273,2.668529943807765,2,1,Medium Risk
506.6099999999997,89.01396539012015,4.463720345231383,1,0,Low Risk
329.21000000000095,93.32288121498775,14.985538757347244,2,1,Medium Risk
734.1799999999998,82.55843511024216,17.03722884897265,1,0,Low Risk
2736.2500000000005,51.81224695375912,12.036503818917952,1,0,Low Risk
1331.27,71.43191294401919,6.665250354614495,1,0,Low Risk
791.4800000000005,80.07231051221623,13.935887364795455,1,0,Low Risk
-961.1900000000005,127.36156815412821,26.687769718638627,2,1,Medium Risk
-1124.87,143.78033354739526,25.10051180259599,0,2,High Risk
1730.9000000000005,63.39508522607113,14.460305375798333,1,0,Low Risk
-887.8400000000006,122.28967234804267,6.527431531009066,2,1,Medium Risk
334.8000000000002,92.51294803789145,14.20549587183455,1,0,Low Risk
-1700.0499999999997,158.0969370145204,16.270423035783242,2,1,Medium Risk
99.09000000000015,97.05760956388244,15.033836450721122,2,1,Medium Risk
-355.1199999999999,111.22884236554447,19.392456135358266,2,1,Medium Risk
-1960.8200000000002,173.9368481384002,9.146989841705569,2,1,Medium Risk
974.5000000000005,78.66457070795529,6.87200056047921,1,0,Low Risk
138.09999999999945,96.5240285024629,16.06397197073237,2,1,Medium Risk
-661.3999999999996,117.55345124100299,16.547060447143252,2,1,Medium Risk
-830.1299999999997,128.02164417409853,20.462385990021808,2,1,Medium Risk
-1141.8799999999997,142.1165223292663,13.548044437231674,2,1,Medium Risk
530.0,84.64311171122097,19.916145594891084,1,0,Low Risk
481.6500000000001,86.56275457254131,16.051321824329605,1,0,Low Risk
-1236.2399999999998,137.33442858609712,24.151229441360687,2,1,Medium Risk
247.76999999999998,93.34339914619699,9.602463079332756,1,0,Low Risk
-921.1299999999992,131.58329647421058,24.358222670246285,2,1,Medium Risk
-496.4499999999998,114.89333617330209,20.520974269283037,2,1,Medium Risk
-374.7600000000002,108.72161623119871,12.431026016369904,2,1,Medium Risk
-209.98999999999978,104.70500457079352,8.133547832009896,2,1,Medium Risk
-155.39999999999964,103.51934849023571,16.133970771742845,2,1,Medium Risk
276.2000000000003,92.8479132841854,6.040949710110026,1,0,Low Risk
2926.7699999999995,41.50297404902384,11.274204122095908,1,0,Low Risk
-1639.27,165.77390983356602,24.298634182355112,0,2,High Risk
1919.88,63.39781059470836,13.133572025028311,1,0,Low Risk
-138.35999999999967,102.61063992377142,14.348141928545147,2,1,Medium Risk
-1741.5099999999998,160.46426847855898,11.824750106762307,2,1,Medium Risk
-336.0799999999999,109.13350219043167,12.474046374101814,2,1,Medium Risk
-1104.73,133.88638385325604,16.078341155179288,2,1,Medium Risk
-2176.24,170.961262553802,18.156710577800965,0,2,High Risk
946.8299999999999,73.1021845970285,19.84148177608591,1,0,Low Risk
1235.4800000000005,72.65814492856256,12.440026202574225,1,0,Low Risk
-2190.08,159.7836946611562,14.699973248456327,2,1,Medium Risk
-1697.94,156.96886732629417,18.92620962465652,2,1,Medium Risk
1793.13,64.55010764677624,12.71319300701236,1,0,Low Risk
-1007.81,128.87376804950722,14.298074719229886,2,1,Medium Risk
686.9799999999996,82.1787212406254,0.9460858196081281,1,0,Low Risk
480.96000000000004,89.15699319381288,10.693085824689392,1,0,Low Risk
2273.75,53.767621170007054,9.528292487530729,1,0,Low Risk
-496.0100000000007,112.26045021640742,13.06403731452117,2,1,Medium Risk
897.8600000000001,77.35210358109488,14.230545122501848,1,0,Low Risk
1851.6999999999998,65.76099819531966,9.75636815478832,1,0,Low Risk
-249.27000000000044,105.9142578528162,6.859039606333027,2,1,Medium Risk
-2455.9800000000005,186.03104989561294,5.041404531379169,2,1,Medium Risk
-755.4799999999996,121.40776423916122,14.890053839614623,2,1,Medium Risk
45.89000000000033,98.71985851214585,3.1184793403184594,1,0,Low Risk
3706.2700000000004,34.57911096911533,10.120082537990244,1,0,Low Risk
251.69999999999936,93.57940921381564,10.121677465435438,1,0,Low Risk
-787.8800000000001,119.31395596825949,15.057374617890684,2,1,Medium Risk
-961.0400000000004,127.46267974304462,15.889399446768623,2,1,Medium Risk
-968.3400000000001,124.61752009640172,14.698210771976386,2,1,Medium Risk
-1239.8500000000004,137.59593429618872,25.327867112616474,0,2,High Risk
679.1500000000001,85.00583958687959,11.244019666933807,1,0,Low Risk
-1415.9499999999998,162.18598482186775,24.42203639940974,0,2,High Risk
474.21000000000004,89.07928977730695,14.759228980033622,1,0,Low Risk
2550.3300000000004,59.13456608127162,9.931579284707087,1,0,Low Risk
-67.80000000000018,101.72520400919092,8.503627254152066,2,1,Medium Risk
1424.2000000000003,73.85090499149905,2.5974669785512057,1,0,Low Risk
354.22999999999956,91.8515928533802,19.397409384826663,2,1,Medium Risk
-4.519999999999982,100.11794637614979,7.9981733968295385,2,1,Medium Risk
2059.8399999999997,64.47191856193233,10.355687866735199,1,0,Low Risk
946.3499999999999,76.76750814432205,7.693837319775421,1,0,Low Risk
471.9400000000005,87.93612490765615,7.115523733323791,1,0,Low Risk
1964.1200000000003,53.76637438945448,21.300770905667036,1,0,Low Risk
480.4300000000003,87.05085805618671,18.012576378725274,1,0,Low Risk
-2218.4500000000003,175.6724029130353,23.83128954684222,0,2,High Risk
2572.9200000000005,54.04728650880683,5.573256939557711,1,0,Low Risk
1210.8999999999996,67.32331273443614,6.644088836117333,1,0,Low Risk
837.1799999999998,79.58904042792848,6.813649241031593,1,0,Low Risk
-2080.0999999999995,160.57138198029776,13.854163936717596,2,1,Medium Risk
1010.4100000000003,73.55875164209412,8.140599894277923,1,0,Low Risk
-180.84999999999945,104.01738906363845,11.274013257272838,2,1,Medium Risk
1753.25,65.01511538576659,11.178601003701525,1,0,Low Risk
-2041.8500000000004,198.3374832038606,29.239008461883,0,2,High Risk
985.2399999999998,82.27835806264198,14.979683534399491,1,0,Low Risk
-331.75,108.94445942302507,15.419520086276622,2,1,Medium Risk
-465.3000000000002,113.19898901360747,11.241124793278244,2,1,Medium Risk
-820.8399999999997,124.74325004596932,7.811167078129758,2,1,Medium Risk
585.3599999999997,88.8964342485138,8.622638860962628,1,0,Low Risk
-121.46000000000004,103.22100735374065,13.151341732809671,2,1,Medium Risk
-1884.9899999999998,159.2041785494428,18.180961594029927,0,2,High Risk
353.94000000000005,91.0550284821803,12.466703396127233,1,0,Low Risk
1094.4499999999998,72.02419142513158,19.406819303039523,1,0,Low Risk
-2159.3,172.46264950266453,7.889579446152194,2,1,Medium Risk
-349.6899999999996,108.14020075235575,4.463155052329696,2,1,Medium Risk
1240.369999999999,72.30222654932867,0.5640621406225228,1,0,Low Risk
-939.1999999999994,123.45548901398038,16.57867528432788,2,1,Medium Risk
1914.67,61.744625841913134,12.557717628677095,1,0,Low Risk
1897.5900000000001,67.92493014812148,8.802435392294573,1,0,Low Risk
503.6199999999999,89.93257330878546,0.9401355730269246,1,0,Low Risk
1271.2800000000002,71.16795108476252,6.435320212461955,1,0,Low Risk
156.30999999999995,95.56183364329421,10.785502349550676,2,1,Medium Risk
-994.1399999999999,131.81858916912046,20.08193573166048,2,1,Medium Risk
-1823.0300000000002,151.20410524896639,18.460138414524536,2,1,Medium Risk
-1730.9100000000005,186.3649971559441,15.797483259986628,0,2,High Risk
-1802.4599999999998,201.74594841746963,29.18607079755917,0,2,High Risk
2188.53,61.502414311723264,3.5186504481208822,1,0,Low Risk
583.0300000000002,86.72983516708622,10.620820568379939,1,0,Low Risk
-644.1100000000001,119.39465292812257,30.87498908484314,0,2,High Risk
812.6100000000001,82.12987458519432,5.85730904644724,1,0,Low Risk
1142.1499999999996,76.5429411124415,8.235591309294717,1,0,Low Risk
-1204.0800000000004,136.4925807390166,27.426716613325574,0,2,High Risk
139.76000000000022,96.53352382086234,13.783558545151497,2,1,Medium Risk
-1782.7199999999998,177.5591356214624,30.55692116265613,0,2,High Risk
-646.0499999999997,116.13467162490541,12.558346299177595,2,1,Medium Risk
421.6100000000001,87.18128804324692,25.85846239913409,2,1,Medium Risk
-309.52999999999975,109.51208793910394,7.096036655634329,2,1,Medium Risk
-192.54999999999927,104.14877411320087,11.031580671086568,2,1,Medium Risk
32.000000000000455,98.81152670536632,10.757540305957592,2,1,Medium Risk
-386.8399999999997,109.46277170855328,12.42753215493075,2,1,Medium Risk
540.4300000000003,85.72888499239478,3.1572164948453607,1,0,Low Risk
992.3000000000002,78.22136382591137,17.63448412088756,1,0,Low Risk
17.849999999999454,99.53943328362138,22.662720672091982,2,1,Medium Risk
4.119999999999891,99.90458656106344,0.19661652829402163,1,0,Low Risk
962.5,79.17586174070324,10.377668735017439,1,0,Low Risk
75.12000000000035,97.4259162805998,9.86903423887716,2,1,Medium Risk
794.3800000000006,80.83684127998842,10.468114875704101,1,0,Low Risk
699.0900000000001,82.72324672179359,5.293321009682632,1,0,Low Risk
2111.2200000000003,63.58634535381897,7.308016033446707,1,0,Low Risk
817.81,78.95074152815027,3.6551340722018315,1,0,Low Risk
-1304.6400000000003,131.60472772463112,4.969246534027456,2,1,Medium Risk
1176.3600000000001,72.95369738103614,14.893445807841484,1,0,Low Risk
-2235.4399999999996,223.14099209518824,29.37339906905005,0,2,High Risk
10.949999999999818,99.73463937612385,14.505411418019317,2,1,Medium Risk
470.1099999999997,87.91245522869684,19.23501173760224,2,1,Medium Risk
1614.2600000000002,77.06339372996567,3.279377998044877,1,0,Low Risk
35.5,99.07398470900948,10.52944598200661,2,1,Medium Risk
904.2599999999993,81.7803756112599,7.7729488163671565,1,0,Low Risk
-634.3400000000001,118.76157181475632,4.608022336190426,2,1,Medium Risk
-485.3299999999999,111.08975911598169,9.697055557332773,2,1,Medium Risk
-1460.38,145.19215594044852,13.974049122850452,2,1,Medium Risk
1745.0699999999997,53.906681282108856,10.216458220525892,1,0,Low Risk
-1524.3299999999995,140.74855245641328,13.070396330216369,2,1,Medium Risk
1161.3099999999995,75.75269760138973,17.88559831629585,1,0,Low Risk
1876.1899999999996,60.801728226374266,11.54539623642772,1,0,Low Risk
-484.75000000000045,113.77201106874783,10.336039911131818,2,1,Medium Risk
102.3100000000004,97.53853630604816,11.012710304657558,2,1,Medium Risk
2648.41,52.48278485282351,11.220795251884786,1,0,Low Risk
1773.92,64.75401204457806,12.13299503076712,1,0,Low Risk
17.23999999999978,99.69585505482196,10.627254844884312,2,1,Medium Risk
-108.0,102.95662791111499,10.66466638012927,2,1,Medium Risk
-318.5800000000004,111.31851578154534,22.012804297468985,2,1,Medium Risk
1450.5500000000002,69.26104010866871,10.459786434636664,1,0,Low Risk
1236.81,68.68954343505943,16.50519600521499,1,0,Low Risk
310.9299999999994,93.03038182380607,14.319625573273678,2,1,Medium Risk
353.78000000000065,91.43704980249399,14.262305398497405,1,0,Low Risk
1398.1999999999998,73.81515544793463,7.870248121159684,1,0,Low Risk
-1462.4599999999996,154.3881767096949,10.34314764608971,2,1,Medium Risk
2651.99,64.07899940944137,9.622448813735634,1,0,Low Risk
1368.2599999999998,66.51903256433094,17.634852741100353,1,0,Low Risk
-265.05999999999995,108.81066347560164,15.100053184416964,2,1,Medium Risk
261.4200000000001,92.66308923740135,16.215745927680544,2,1,Medium Risk
-1359.42,142.11599231674825,13.11667389553256,2,1,Medium Risk
1489.35,66.66189134196324,16.093665009479764,1,0,Low Risk
489.02,87.09372632956894,2.0628079630299205,1,0,Low Risk
-728.0399999999995,119.31360871399124,13.163570380706552,2,1,Medium Risk
1575.8799999999997,67.6617191075104,20.019864111419608,1,0,Low Risk
466.67999999999984,87.43169546072743,15.751316267858826,1,0,Low Risk
1210.6299999999997,75.55739508777599,14.517610716845516,1,0,Low Risk
211.9000000000001,94.24192606078722,18.257904104563796,2,1,Medium Risk
1315.4299999999998,71.87304886288798,11.355724903565717,1,0,Low Risk
858.6500000000001,80.84512132278307,4.657045912369191,1,0,Low Risk
-1232.4699999999998,135.13292398561012,6.780463053232308,2,1,Medium Risk
-48.57999999999993,101.31102415328566,1.4079071650249628,1,0,Low Risk
-280.09999999999945,106.30486651960562,4.796515553954891,2,1,Medium Risk
-1133.1500000000005,142.88596039723873,24.454629405353035,0,2,High Risk
1404.2799999999997,73.46805748952822,18.698455823866052,1,0,Low Risk
873.9100000000003,81.02901080198673,13.722387204334687,1,0,Low Risk
214.39999999999964,95.43359544722651,8.30174051576517,1,0,Low Risk
-1337.8299999999995,136.63139967252076,14.623481027561924,2,1,Medium Risk
2298.9300000000007,57.103672701692574,8.02161488411668,1,0,Low Risk
-224.99000000000024,107.13635484167689,17.939373178166225,2,1,Medium Risk
-799.0199999999995,124.17360997658334,19.517205491719462,2,1,Medium Risk
762.0199999999995,84.84178782640524,4.996707850037099,1,0,Low Risk
-1696.9099999999999,151.07774643986986,13.116870998522067,2,1,Medium Risk
-1053.94,147.4085736134227,19.281183932346725,2,1,Medium Risk
1560.6600000000003,64.62933164109421,11.580808195272308,1,0,Low Risk
-776.9899999999993,120.63017088479877,22.050139660354514,2,1,Medium Risk
1866.4299999999998,63.898420484570416,12.123738379942514,1,0,Low Risk
1196.4699999999998,72.08767931170435,9.583275983137877,1,0,Low Risk
-492.0299999999993,113.54215978774232,13.480783415718955,2,1,Medium Risk
1319.4,72.89206752944706,4.65585006605427,1,0,Low Risk
2166.12,53.46461057235787,8.995054546079514,1,0,Low Risk
2183.48,56.00962216482591,4.656354134347664,1,0,Low Risk
192.65000000000055,95.38633598681876,18.566016227452558,2,1,Medium Risk
3917.0200000000004,35.11257918312173,11.385804023430254,1,0,Low Risk
-2290.6299999999997,213.31674449897102,45.85246161152446,0,2,High Risk
-1193.29,136.73413474118425,11.419600116978867,2,1,Medium Risk
235.61000000000013,94.03082255118301,9.710395707238966,1,0,Low Risk
-431.75,116.58007012208,18.302400509978764,2,1,Medium Risk
-1170.3600000000006,138.28784914647633,12.633393746278717,2,1,Medium Risk
565.1099999999997,83.94988795510253,27.384397783527554,2,1,Medium Risk
-419.4400000000005,109.89259281970973,3.020561611720921,2,1,Medium Risk
1632.31,69.79044248966834,9.286379224509512,1,0,Low Risk
718.4100000000003,83.95216991163093,10.272121304180777,1,0,Low Risk
-272.65999999999985,107.50306826124525,7.29310563074095,2,1,Medium Risk
2212.0800000000004,58.451257123323174,13.459465145020905,1,0,Low Risk
563.6199999999999,89.7099499208556,6.850235424924188,1,0,Low Risk
1297.4900000000007,78.42758762872884,3.7673453507975623,1,0,Low Risk
1012.6600000000008,83.02518078469103,8.563679458769021,1,0,Low Risk
1358.9,68.71834772840279,15.411088193587597,1,0,Low Risk
613.9500000000003,84.9822781342263,10.544815895620777,1,0,Low Risk
1014.7999999999997,77.7712063961448,8.529872405673293,1,0,Low Risk
160.35999999999967,96.8274129249884,6.758860828362565,1,0,Low Risk
-1647.2600000000002,155.6484196586625,23.361890734159427,0,2,High Risk
-298.8099999999995,105.83656599513245,11.909087002550972,2,1,Medium Risk
1248.5599999999995,72.99937935076198,16.06227252772918,1,0,Low Risk
13.039999999999964,99.56924601536048,17.313733586588487,2,1,Medium Risk
-1487.1599999999999,148.80943394368646,23.856613508288834,0,2,High Risk
-1074.5199999999995,138.6769803361181,21.94270370277051,2,1,Medium Risk
174.57999999999993,96.71438196580007,3.739559533712496,1,0,Low Risk
-102.7199999999998,103.5429485941337,29.786015838415054,2,1,Medium Risk
-1285.6800000000003,175.68967750291415,11.107840482273847,2,1,Medium Risk
778.6899999999996,81.00978422038396,13.053105977836744,1,0,Low Risk
961.3600000000001,79.01341023351664,22.34464060006593,1,0,Low Risk
-962.1199999999999,128.52636135604877,18.886424687346196,2,1,Medium Risk
914.96,83.94964705221943,9.48591015619518,1,0,Low Risk
-1469.880000000001,142.18193088485978,17.328431794571575,2,1,Medium Risk
1919.75,67.47928228270959,8.028581302217795,1,0,Low Risk
623.2799999999997,87.97216507975716,11.921118954530895,1,0,Low Risk
2174.25,67.6065738877028,9.878709954246194,1,0,Low Risk
-310.1099999999997,111.3034445051941,29.736832513213052,2,1,Medium Risk
-30.01000000000022,100.62561107045995,8.327235657954809,2,1,Medium Risk
687.7400000000002,83.88809235988117,5.815598849249857,1,0,Low Risk
119.48000000000047,97.6651795572283,9.941551322862988,2,1,Medium Risk
296.6199999999999,92.77518103454575,1.4952856728785529,1,0,Low Risk
1004.8099999999995,78.1663193622056,1.5269083094493614,1,0,Low Risk
831.1799999999998,78.70260048735118,17.245107911641337,1,0,Low Risk
2291.3,53.191871855267216,18.203546819363893,1,0,Low Risk
328.6400000000003,91.90791012619268,13.654662973222528,1,0,Low Risk
-277.4000000000001,107.66823680311374,6.9743912956942875,2,1,Medium Risk
421.7000000000003,89.89242878920068,15.952321601487974,1,0,Low Risk
-969.6500000000005,123.03234005154458,3.4489720780531834,2,1,Medium Risk
1029.3600000000001,76.89080063668385,3.8811673136027194,1,0,Low Risk
-221.44999999999982,106.2184444481885,19.03189392280087,2,1,Medium Risk
-181.29999999999973,104.83368703942666,2.9967259968646354,2,1,Medium Risk
-1017.0300000000002,126.98365109602925,17.184390803011894,2,1,Medium Risk
182.38999999999987,94.13193573087788,11.846482507448089,2,1,Medium Risk
356.2300000000005,88.84082123636544,20.084203667621058,2,1,Medium Risk
2667.58,60.78478068802087,6.889617062188254,1,0,Low Risk
1206.0,75.96575418905346,13.197511279753837,1,0,Low Risk
-1299.1100000000001,141.67580954580743,10.154691099006154,2,1,Medium Risk
-39.40000000000009,101.21870872552144,14.73678675381156,2,1,Medium Risk
-302.3299999999999,107.00463840375892,9.442464794932508,2,1,Medium Risk
-423.2000000000003,113.23207088788072,18.042141269240748,2,1,Medium Risk
855.3900000000003,82.2928849852094,10.542625709772976,1,0,Low Risk
-175.2499999999991,103.99470260265416,16.67403682648516,2,1,Medium Risk
-1564.2200000000003,168.01459238291528,22.091198045072897,0,2,High Risk
-842.0699999999997,119.4230764795025,6.757377041617747,2,1,Medium Risk
202.4699999999998,95.08099939748499,7.9055800664710105,1,0,Low Risk
-782.5799999999999,123.1529119391725,14.024644605849026,2,1,Medium Risk
1315.5499999999997,62.14353543782914,17.792293746942534,1,0,Low Risk
-23.259999999999764,100.60039596191123,13.991084403901798,2,1,Medium Risk
544.9199999999996,87.92051641277556,12.892807107769247,1,0,Low Risk
-307.5700000000006,106.46117455275741,2.3397783323670036,2,1,Medium Risk
1565.6600000000008,73.92022787277102,6.617471911516069,1,0,Low Risk
2699.29,59.99961470978755,8.883310413505312,1,0,Low Risk
122.25999999999976,96.59477044084717,13.829253890974721,2,1,Medium Risk
-594.1999999999998,114.69137481301999,15.70162317192271,2,1,Medium Risk
-1069.19,132.2260668278186,23.258624743051072,2,1,Medium Risk
1041.2000000000003,72.80773459596817,6.762548217172496,1,0,Low Risk
295.7999999999993,93.06670541936121,12.905819232743527,1,0,Low Risk
2695.5,52.91949766824446,8.148743297294466,1,0,Low Risk
587.7700000000004,85.54398512513772,8.321609869353063,1,0,Low Risk
33.61999999999989,99.19342649793079,9.512865111257723,2,1,Medium Risk
-182.1900000000005,105.43331742812838,26.841226291303826,2,1,Medium Risk
583.4499999999998,88.21441701309352,3.974919907727238,1,0,Low Risk
184.71000000000095,96.26641063216937,9.935418666936176,1,0,Low Risk
1129.7200000000003,76.60003272664756,15.978889241011048,1,0,Low Risk
43.50999999999976,98.75197558450053,11.78093743815094,2,1,Medium Risk
1343.1800000000003,69.22819629917272,8.261454259708543,1,0,Low Risk
-667.96,116.6722826670261,14.1263625040872,2,1,Medium Risk
-440.6800000000003,113.85398426226622,18.398624284398394,2,1,Medium Risk
1296.2200000000003,68.92467911066785,0.0,1,0,Low Risk
719.6599999999999,85.98282474343267,21.541526996784267,1,0,Low Risk
1488.77,67.42418772168213,2.35921202055941,1,0,Low Risk
-613.1599999999999,115.72725337355176,5.796789194374549,2,1,Medium Risk
1032.1399999999999,73.38754799002685,11.999504951771474,1,0,Low Risk
305.7099999999996,92.7630270720691,9.088886153379985,1,0,Low Risk
1234.25,72.35134015075995,14.076231225008682,1,0,Low Risk
192.92999999999938,95.71178043462318,3.985045798353882,1,0,Low Risk
1005.8899999999999,75.35809388955985,11.23656612028819,1,0,Low Risk
-1842.8999999999992,152.5626764781381,13.718946978123842,2,1,Medium Risk
2373.13,59.02603681066335,9.995165578921924,1,0,Low Risk
193.4400000000005,95.78985857372318,7.78170991289813,1,0,Low Risk
1625.58,63.5570022934083,14.28504173196043,1,0,Low Risk
-9.569999999999709,100.35603208381076,17.735754996354114,2,1,Medium Risk
-675.4299999999998,117.29937813111495,15.989048141052567,2,1,Medium Risk
514.5500000000002,88.19276168447333,17.725887579395675,1,0,Low Risk
-975.7399999999998,127.89326838416062,22.672464066412818,2,1,Medium Risk
1267.6000000000004,72.1847968717771,11.083950303035623,1,0,Low Risk
240.90999999999985,95.64470670332989,11.975745874032572,2,1,Medium Risk
38.4399999999996,99.11382424949399,10.509620216979348,2,1,Medium Risk
1369.250000000001,76.4810053092724,4.8686938434082405,1,0,Low Risk
520.9100000000003,88.17717778377973,13.812168489572102,1,0,Low Risk
-1394.52,138.19660905530142,18.941630830754058,2,1,Medium Risk
-439.0999999999999,113.01654117507557,14.083120886938993,2,1,Medium Risk
272.9899999999998,92.5447807457131,17.341529823334874,2,1,Medium Risk
-584.8699999999999,117.80746009176686,10.571152809789277,2,1,Medium Risk
-708.96,129.5350774870855,19.972504582569574,2,1,Medium Risk
2871.3000000000006,44.28198017957529,13.378495596000207,1,0,Low Risk
-568.1500000000001,115.78716297887357,5.375110105840541,2,1,Medium Risk
1171.0199999999995,80.82950666699409,7.790519689937709,1,0,Low Risk
1217.38,79.51121650574163,5.71706029765942,1,0,Low Risk
1589.29,75.80447984556666,9.654519352122925,1,0,Low Risk
1380.6899999999996,72.7976625561753,7.542117924277381,1,0,Low Risk
-521.0899999999997,114.70817362244061,5.835680777676791,2,1,Medium Risk
990.2099999999996,74.21200528151134,0.947442712009188,1,0,Low Risk
-669.8200000000002,118.38745364155695,14.47536379882563,2,1,Medium Risk
-959.4299999999994,131.44311314447518,27.677857451856898,0,2,High Risk
1125.2900000000004,77.31123782179495,20.575319375443577,1,0,Low Risk
1119.1600000000008,78.5151255696805,14.541971104191543,1,0,Low Risk
-679.4999999999995,119.39317485822573,14.524189382415143,2,1,Medium Risk
-753.1299999999997,123.26953082757875,12.627025690936335,2,1,Medium Risk
494.03999999999996,89.45492344766203,12.4276685528161,1,0,Low Risk
1017.3699999999999,80.88936392427652,12.746309814072484,1,0,Low Risk
-944.1700000000005,123.79502662597378,10.924587883354798,2,1,Medium Risk
1476.0699999999997,67.82471842514262,17.1408081367341,1,0,Low Risk
428.2000000000003,87.46769609894724,20.016858026732848,2,1,Medium Risk
-2539.12,303.97323329289947,34.22475358081024,0,2,High Risk
143.66999999999916,96.62084132042857,5.307821669234297,1,0,Low Risk
23.04000000000042,99.41697601858388,9.944810099675845,2,1,Medium Risk
-106.78999999999996,103.90438480072245,13.326606047975782,2,1,Medium Risk
1784.4800000000005,65.0531601345013,16.281943571334846,1,0,Low Risk
-2585.17,221.311960056499,12.034669006715124,0,2,High Risk
1073.6000000000004,76.88000689120508,11.82616935136532,1,0,Low Risk
-1726.08,187.7389708685552,10.830635036014009,2,1,Medium Risk
-1214.7599999999993,136.1131590838823,16.150082051038122,2,1,Medium Risk
3146.020000000001,43.25974822349672,3.19824694297154,1,0,Low Risk
-473.7800000000002,114.06948325577666,8.055698262473161,2,1,Medium Risk
321.619999999999,93.19188750378383,7.167548321680246,1,0,Low Risk
-2782.249999999999,259.12847526066236,27.639081919207513,0,2,High Risk
826.6500000000005,81.226366888094,8.427184466019417,1,0,Low Risk
-1069.8500000000004,135.69045696862136,18.51660339340401,2,1,Medium Risk
726.9200000000001,81.32760684507143,19.621527759939582,1,0,Low Risk
-399.75,108.61287007331981,20.665932678489476,2,1,Medium Risk
691.6500000000005,87.04018077978144,10.205963034582002,1,0,Low Risk
-109.09999999999945,102.30337885198415,19.673093325901718,2,1,Medium Risk
1858.3300000000004,64.42570542516941,10.531796776293119,1,0,Low Risk
1627.4499999999998,69.6113305137757,10.299041163674387,1,0,Low Risk
-899.1299999999997,129.4590025359256,13.301486825637095,2,1,Medium Risk
1641.13,65.38817639032126,6.9441720288598825,1,0,Low Risk
1188.980000000001,76.90879500335981,3.7678721941480577,1,0,Low Risk
-324.6699999999996,108.004309462821,12.150811475793786,2,1,Medium Risk
1362.9999999999995,71.67144698008896,11.162239680758198,1,0,Low Risk
2240.77,52.666855370888285,11.031381230407856,1,0,Low Risk
-97.74999999999955,102.87258365022363,23.323909887565165,2,1,Medium Risk
-739.0399999999995,120.3106062896262,14.77674657637776,2,1,Medium Risk
1951.62,62.573065770700055,12.486575842653536,1,0,Low Risk
730.0499999999993,83.85895015189236,16.05946574573176,1,0,Low Risk
-1361.54,131.36495153145847,19.035651100217464,2,1,Medium Risk
41.910000000000764,99.20798253819768,11.888388090446089,2,1,Medium Risk
-395.21000000000004,108.3436606040134,8.040492753317219,2,1,Medium Risk
1984.4099999999999,67.72414398823736,11.304299739114029,1,0,Low Risk
-365.1199999999999,108.18186911071024,15.459994845996123,2,1,Medium Risk
44.76999999999998,98.49297315492721,19.42405116553059,2,1,Medium Risk
-534.0599999999995,111.2744860024193,11.527605665320493,2,1,Medium Risk
-145.53000000000065,103.46673336668334,17.518997594035113,2,1,Medium Risk
-22.309999999999945,100.5504360805793,9.28092964731135,2,1,Medium Risk
291.4900000000007,93.82027950679262,15.686216312477738,2,1,Medium Risk
-3052.92,259.5372097762867,28.13478190435878,0,2,High Risk
1337.0100000000002,71.32707265969972,15.97329598946594,1,0,Low Risk
-1972.4199999999996,183.3630592630787,23.25469345663255,0,2,High Risk
173.92999999999984,95.02126831279018,25.02476055257538,2,1,Medium Risk
-959.06,128.3254475967701,10.804345129450125,2,1,Medium Risk
-1088.2700000000004,134.80603965240977,24.185795111092634,2,1,Medium Risk
23.329999999999927,99.37170603490762,9.09989416222534,2,1,Medium Risk
938.3800000000001,82.50475890395124,13.621558534052497,1,0,Low Risk
-343.8599999999997,106.43943437248942,11.973610042116816,2,1,Medium Risk
296.25,92.10307453631387,25.55991533962777,2,1,Medium Risk
-1659.6599999999999,143.93482548212467,11.06219639713571,2,1,Medium Risk
-1368.48,140.51382404575745,8.597286407465193,2,1,Medium Risk
-381.96000000000004,109.09848834938043,3.9475376721628557,2,1,Medium Risk
1087.15,74.49842484406777,12.407490376653445,1,0,Low Risk
-30.75,100.67416912765803,6.277117493976327,2,1,Medium Risk
-410.3899999999999,111.80879869018125,21.13809207289176,2,1,Medium Risk
1689.5499999999997,67.77814013185875,13.022052106516844,1,0,Low Risk
966.2700000000009,79.26352430168076,9.004970213058183,1,0,Low Risk
443.5199999999995,89.31091659275828,19.267198164500833,2,1,Medium Risk
1653.1899999999996,66.22165284426764,15.780214660937474,1,0,Low Risk
498.4100000000003,88.84452253320949,13.603187215327281,1,0,Low Risk
1538.8399999999997,72.65839877758431,8.78522440567144,1,0,Low Risk
-478.03999999999996,109.939019445998,1.6745222704808795,2,1,Medium Risk
-2445.5600000000004,204.9281331788733,19.86055691423178,0,2,High Risk
-576.77,115.95318900588872,14.449616777166503,2,1,Medium Risk
-1375.6099999999997,142.05845214036094,16.464009343537032,2,1,Medium Risk
-1326.3100000000004,141.5233569078278,22.266783130304653,2,1,Medium Risk
289.7000000000003,91.43160516174065,17.44320517712058,2,1,Medium Risk
3.1700000000000728,99.88138979727758,25.974137737501028,2,1,Medium Risk
93.26999999999953,97.23969138524463,2.190904328833935,1,0,Low Risk
-1799.1400000000003,198.59327820430622,31.529857903014562,0,2,High Risk
1503.6399999999994,66.64307755788391,9.505671368959543,1,0,Low Risk
-407.0100000000002,108.4283134675756,10.69913938058595,2,1,Medium Risk
924.9699999999998,77.07121786767806,9.936293101311321,1,0,Low Risk
1971.23,55.832123395712344,20.78628020362802,1,0,Low Risk
182.03999999999996,95.25234005596836,13.787878392722549,2,1,Medium Risk
44.349999999999454,98.98079716139947,19.453330391778355,2,1,Medium Risk
1246.0800000000004,71.39728819628554,15.34186768766742,1,0,Low Risk
-807.4599999999996,130.95614169605886,21.986275111179264,2,1,Medium Risk
1527.7499999999995,70.89484422954924,2.324792772814994,1,0,Low Risk
-382.1799999999994,113.33007795469207,30.7556547670951,2,1,Medium Risk
-650.1700000000005,121.17403764736537,23.920406435224386,2,1,Medium Risk
-379.48,110.30003311384104,3.9714895257120832,2,1,Medium Risk
396.7499999999991,91.00684771595468,18.135907101360253,2,1,Medium Risk
672.7099999999996,84.33959321260544,18.008152509189614,1,0,Low Risk
1002.7000000000003,75.30222568154723,16.174862311201316,1,0,Low Risk
-507.5100000000002,112.97581304970343,8.877070975659644,2,1,Medium Risk
-232.54000000000087,104.91088021625276,14.262755533029228,2,1,Medium Risk
1373.4799999999996,72.68109110148421,6.6182934930921045,1,0,Low Risk
207.04000000000042,95.02857417278969,9.77909042885271,1,0,Low Risk
326.25,93.60676458196568,7.543723851422188,1,0,Low Risk
944.4200000000005,79.90227999165805,12.619543150448804,1,0,Low Risk
433.5699999999997,90.84756639456558,0.8249581504725354,1,0,Low Risk
-1275.48,143.73099274852999,10.028628735021343,2,1,Medium Risk
1666.4300000000003,73.72568558107854,0.022388895108026417,1,0,Low Risk
441.57000000000016,89.52269998623812,11.655601797586451,1,0,Low Risk
2371.7899999999995,59.85677823814554,8.338072413139438,1,0,Low Risk
1040.7599999999998,68.04691217782418,0.0,1,0,Low Risk
-1024.9299999999998,143.24179510005357,0.0,2,1,Medium Risk
-290.74999999999955,107.13141674208921,20.894867096881796,2,1,Medium Risk
-94.94000000000005,103.06466659565059,25.81305340086317,2,1,Medium Risk
-851.7199999999998,123.37841287443148,9.754912590339785,2,1,Medium Risk
-486.44999999999936,112.81656075120932,8.738025230010432,2,1,Medium Risk
-832.3500000000004,123.99401554919444,21.686139193252217,2,1,Medium Risk
-581.7200000000007,118.09174003775593,10.374169229860142,2,1,Medium Risk
-1405.1299999999997,150.11645201214097,16.82472991336541,2,1,Medium Risk
1056.6999999999994,77.90458427079065,9.82720117764154,1,0,Low Risk
125.40000000000009,96.9841124776935,15.139081958066178,2,1,Medium Risk
-2496.0800000000004,203.11653116531167,26.792088042831647,0,2,High Risk
-316.21999999999935,107.04164820262274,7.376784517370304,2,1,Medium Risk
1040.7999999999993,79.42940717243289,8.545650390837311,1,0,Low Risk
-1685.1600000000008,157.68389488493415,36.08546675018913,0,2,High Risk
-202.48000000000002,105.811243642876,8.198824434316416,2,1,Medium Risk
2669.2500000000005,55.531176905699596,8.096766024936192,1,0,Low Risk
-677.5899999999997,118.22321073184374,12.452262874232172,2,1,Medium Risk
941.4500000000003,80.91414253017103,11.530173069164821,1,0,Low Risk
-456.6199999999999,110.88538190140173,7.921235815771907,2,1,Medium Risk
505.2000000000003,85.52982825979858,19.348842271690934,1,0,Low Risk
-557.1299999999997,115.81928764509459,20.561411080571517,2,1,Medium Risk
272.6399999999994,94.27420557332499,11.729856078091235,1,0,Low Risk
-1161.1099999999997,139.31528139422278,7.100798082164879,2,1,Medium Risk
69.38000000000011,98.47118319138856,3.1768451902206847,1,0,Low Risk
-171.95000000000027,104.30294537173745,9.69720477465529,2,1,Medium Risk
588.3499999999999,86.66362923370554,16.680720460964455,1,0,Low Risk
-2143.36,190.157528340379,28.496855742738763,0,2,High Risk
254.98999999999978,94.73313504358244,15.809889701326064,2,1,Medium Risk
523.6500000000001,87.01599785769544,19.621427012873667,1,0,Low Risk
716.48,75.84584058146905,28.78386396429197,2,1,Medium Risk
-2342.74,267.392376120896,30.781322567968278,0,2,High Risk
270.0699999999988,94.13728652772022,15.988034481186652,2,1,Medium Risk
-275.50999999999976,107.60430352076133,13.346655331927531,2,1,Medium Risk
734.25,84.56916607297099,9.71580365380291,1,0,Low Risk
-1660.3100000000004,149.9762205767263,8.839022334597555,2,1,Medium Risk
-41.73999999999978,100.90254112681416,2.2944091750419484,1,0,Low Risk
-1003.7599999999998,124.88163524319928,13.277922927811131,2,1,Medium Risk
6.529999999999745,99.83423030056865,17.26365759545085,2,1,Medium Risk
-216.42000000000007,106.47247061638305,13.141729222119212,2,1,Medium Risk
1742.7499999999995,66.35604770674792,13.97553658508334,1,0,Low Risk
1038.0100000000002,78.40291287386215,9.897945383615085,1,0,Low Risk
-729.1800000000007,119.95173364854219,9.192496278784695,2,1,Medium Risk
-3380.63,235.91346579076443,17.781244220733793,0,2,High Risk
-1427.0299999999993,135.94959604789483,10.615614443019702,2,1,Medium Risk
1305.7200000000003,74.23131270870007,8.888945901781698,1,0,Low Risk
1433.7200000000003,67.40352719972536,7.596643317213799,1,0,Low Risk
353.3299999999999,91.94184389075775,12.118136723872514,1,0,Low Risk
674.1200000000003,84.00508709032195,3.455852170673779,1,0,Low Risk
-1941.6999999999994,157.85705133744332,5.615265656147293,2,1,Medium Risk
1606.71,63.348419386186215,12.489791821595258,1,0,Low Risk
1284.5300000000002,73.11815805609793,4.32568856297989,1,0,Low Risk
-104.2199999999998,103.38015561299781,0.9509322833726312,1,0,Low Risk
2567.2700000000004,50.61850216874886,9.01430123969724,1,0,Low Risk
-83.7199999999998,102.24169739227294,19.769350437923567,2,1,Medium Risk
1032.8200000000002,73.98530026648935,4.481454054516969,1,0,Low Risk
793.23,82.52462476289509,5.155613520652636,1,0,Low Risk
-975.6600000000008,130.2585589301609,16.587530742058238,2,1,Medium Risk
-278.4400000000005,106.95759078051756,12.813471399014482,2,1,Medium Risk
738.48,84.04566283046464,13.42253025140914,1,0,Low Risk
1103.5499999999997,77.26532949872684,7.779911166780661,1,0,Low Risk
1756.5099999999998,65.29767961040372,8.773621249987652,1,0,Low Risk
380.4800000000005,89.83489179802297,13.944429601923591,1,0,Low Risk
-2137.54,196.8676642527621,5.904851676289053,2,1,Medium Risk
458.1900000000005,88.35976282054537,5.826850868590998,1,0,Low Risk
-952.6399999999999,134.83755832833552,27.100185773005865,0,2,High Risk
-1014.4000000000001,136.44895744627337,28.371905844984134,0,2,High Risk
2452.460000000001,59.52348336433418,9.02628664608011,1,0,Low Risk
719.7200000000003,83.95215882840859,11.001284326754131,1,0,Low Risk
-1931.1199999999994,154.44406227269394,15.403526380188218,2,1,Medium Risk
855.8499999999999,73.3158109704957,1.8903574000804408,1,0,Low Risk
1129.77,77.85090427878252,12.965348233102974,1,0,Low Risk
-964.5699999999997,124.8916151408487,20.80189312220651,2,1,Medium Risk
-969.0899999999997,127.77406790687809,15.654636176304528,2,1,Medium Risk
910.0699999999997,82.1211698535031,7.160018938314922,1,0,Low Risk
-685.3600000000001,121.9161611542631,19.418711367073954,2,1,Medium Risk
-2132.61,188.86245260219175,22.74428101170882,0,2,High Risk
603.4100000000003,83.11473895998141,13.451459176906136,1,0,Low Risk
987.98,79.54738354400507,7.971506527166509,1,0,Low Risk
-1894.8999999999996,198.062960260411,33.05077290110902,0,2,High Risk
-1467.4899999999998,160.98989244094227,29.267866939304778,0,2,High Risk
-302.90999999999985,111.96256145962917,33.56515214343542,0,2,High Risk
1426.0500000000006,73.70512418638097,14.984787859790163,1,0,Low Risk
-920.1199999999999,130.57323994205132,9.156155717114794,2,1,Medium Risk
-253.33999999999924,106.29916952608282,15.578845293152318,2,1,Medium Risk
489.0300000000002,88.12244065227846,12.946716991397189,1,0,Low Risk
-1113.5100000000002,150.1569784464314,10.218238327965585,2,1,Medium Risk
-337.6099999999997,108.78124780540332,13.261476277547878,2,1,Medium Risk
-2419.5299999999993,187.3703634157615,17.618659001617747,0,2,High Risk
167.98999999999978,96.48074243995434,5.664037540981889,1,0,Low Risk
2392.9799999999996,58.23004215432148,8.807896735003796,1,0,Low Risk
-485.72000000000025,110.40486697228053,17.086885737543376,2,1,Medium Risk
-319.6100000000001,110.82568683040175,23.127157194487065,2,1,Medium Risk
-965.0400000000004,126.73352078341208,13.277560009418673,2,1,Medium Risk
1083.2600000000002,78.05544582535678,17.44203713269926,1,0,Low Risk
-1423.9400000000005,156.57874869871344,20.587347123659974,0,2,High Risk
-364.47000000000025,110.54307831158012,14.745614644080348,2,1,Medium Risk
93.0300000000002,97.43502787473737,12.745179131719853,2,1,Medium Risk
865.4599999999996,73.42916264989961,18.02049625749882,1,0,Low Risk
-843.9099999999999,124.69797361366378,21.59781323531133,2,1,Medium Risk
2039.33,60.70064479825484,7.327305452457209,1,0,Low Risk
1111.9999999999998,63.16929538092621,31.323653128953836,1,0,Low Risk
-67.09999999999991,101.82027312235165,22.065453874658868,2,1,Medium Risk
-1291.67,137.25398015689893,19.357406552838025,2,1,Medium Risk
430.7800000000002,88.60979053521663,5.772047741683016,1,0,Low Risk
800.7999999999997,76.5197096044005,21.413156937944947,1,0,Low Risk
-447.97000000000025,113.12090493443503,26.88266840842723,2,1,Medium Risk
298.60000000000036,93.11954615733795,5.523488247235491,1,0,Low Risk
654.6500000000005,87.7921201226289,6.928831967060262,1,0,Low Risk
46.679999999999836,98.45970078334841,14.938394630730754,2,1,Medium Risk
-427.5799999999999,110.79897460505879,12.97983305762164,2,1,Medium Risk
-482.86999999999944,111.84369956487825,10.192248259758353,2,1,Medium Risk
-30.079999999999927,100.64103247144868,19.12378021622059,2,1,Medium Risk
2584.7900000000004,52.64772910468542,7.789669221637623,1,0,Low Risk
-1595.6999999999998,161.1074943514724,12.540880021445258,2,1,Medium Risk
-1127.8600000000001,144.5810325268488,18.038981623852234,2,1,Medium Risk
172.85000000000036,96.05061428542051,17.80365258200945,2,1,Medium Risk
-1011.6800000000003,138.25368856488168,18.106675338228733,2,1,Medium Risk
1614.2799999999997,64.92845690250759,14.783980255582449,1,0,Low Risk
1999.7000000000007,67.97282406754903,7.784892436608709,1,0,Low Risk
144.6300000000001,96.6294570030296,11.316243299930086,2,1,Medium Risk
-1326.7700000000004,130.02992195846235,14.759764245749363,2,1,Medium Risk
3006.1099999999997,46.80769366882543,9.22213964681318,1,0,Low Risk
3985.2999999999997,38.53156247638232,6.4557823024327945,1,0,Low Risk
-137.60000000000036,103.31449658674299,7.604794457853381,2,1,Medium Risk
-212.0399999999995,105.2889016375042,14.032400882980184,2,1,Medium Risk
-139.27999999999975,104.01503620681703,17.71222498962225,2,1,Medium Risk
-375.1399999999994,108.3354812332797,10.472567614409002,2,1,Medium Risk
1571.6499999999996,64.40792349169901,12.341334275419921,1,0,Low Risk
-1105.2399999999998,135.7481547607496,13.452618913621459,2,1,Medium Risk
-657.2700000000004,113.71864740026759,19.97486991423628,2,1,Medium Risk
796.1300000000001,82.5992782939586,10.40703608748773,1,0,Low Risk
-1259.4,134.2292440702197,17.394837619010087,2,1,Medium Risk
1914.4400000000005,60.517241379310335,7.651583897046692,1,0,Low Risk
-75.96000000000004,101.78560094780713,13.840052844009094,2,1,Medium Risk
-707.7900000000004,117.38499288919675,11.177347608977053,2,1,Medium Risk
1404.3999999999992,73.786183056213,15.432255463389504,1,0,Low Risk
1272.81,71.85088695106012,8.511235892933364,1,0,Low Risk
-1383.2399999999998,149.699626329405,3.4233975280252946,2,1,Medium Risk
-3009.1299999999997,309.83877491248376,33.138310483814735,0,2,High Risk
-678.9700000000003,114.86140416925676,17.07867480322544,2,1,Medium Risk
574.04,86.79119812052308,8.69672265059631,1,0,Low Risk
-1059.6999999999998,125.09317887976962,6.061718280109683,2,1,Medium Risk
1700.37,60.42190380425675,18.77990987468112,1,0,Low Risk
-474.92999999999984,113.60788055390805,13.327946683628882,2,1,Medium Risk
-2753.21,253.07176533380775,20.469910599119334,0,2,High Risk
-78.73000000000047,102.42378156719198,10.789260612702918,2,1,Medium Risk
-164.0599999999995,104.20897620745741,16.88311021945375,2,1,Medium Risk
741.77,80.24733109826406,16.21525900795944,1,0,Low Risk
354.5,90.51014972280001,16.6247721231298,2,1,Medium Risk
-732.1899999999996,116.37166558594012,20.777452317599447,2,1,Medium Risk
-466.5499999999997,116.153212292437,23.773664603154817,2,1,Medium Risk
413.0,91.36115195796458,16.1694971270078,1,0,Low Risk
1974.12,64.48907124958852,10.450443319980069,1,0,Low Risk
1457.8200000000002,69.41503757505569,9.981411781489827,1,0,Low Risk
-588.4299999999998,119.14969783161231,14.110954539685434,2,1,Medium Risk
897.2299999999996,76.4871288893082,12.212028061458472,1,0,Low Risk
3727.2599999999998,46.57414667218997,6.943299730094273,1,0,Low Risk
1344.1999999999998,71.2457671895422,9.343093486552338,1,0,Low Risk
441.3699999999999,90.32074842761779,3.87656909271134,1,0,Low Risk
-1654.9900000000002,147.67335345900358,16.302657049361663,2,1,Medium Risk
-561.2199999999998,121.15352722119196,6.1498334011790075,2,1,Medium Risk
-882.0299999999997,122.86556438692817,3.996412146853111,2,1,Medium Risk
-1381.4,140.11884052078403,18.289010156043528,2,1,Medium Risk
1052.88,69.34347375409091,17.011215802285086,1,0,Low Risk
181.76000000000022,95.648155685698,11.326862391120091,2,1,Medium Risk
-144.41999999999962,103.53716571187847,15.19105152427301,2,1,Medium Risk
944.2300000000005,77.24226027644882,23.467781781371638,1,0,Low Risk
-1834.9499999999998,152.81009146323913,21.202030725662087,0,2,High Risk
1783.79,68.74535680744593,4.61025216915939,1,0,Low Risk
1590.3899999999999,67.55332496863238,7.9923697605859365,1,0,Low Risk
-146.9300000000003,103.2329113144195,9.408293397758328,2,1,Medium Risk
1038.8600000000001,71.24135601853646,11.925510887679454,1,0,Low Risk
-177.8699999999999,104.00365544298612,16.375214115772202,2,1,Medium Risk
-803.54,127.29999966025338,18.812109928415392,2,1,Medium Risk
280.14999999999964,93.8400817950945,9.235149902703416,1,0,Low Risk
-848.7600000000002,130.59509691186915,23.272185915066487,2,1,Medium Risk
201.04000000000042,94.61021656720338,11.496989292282613,1,0,Low Risk
-72.52999999999975,102.00322039843455,16.875329704170774,2,1,Medium Risk
-115.26999999999998,103.10081481461555,9.595928347962696,2,1,Medium Risk
-1515.9,159.97744762507665,25.813764861817244,0,2,High Risk
61.679999999999836,98.35591462910789,21.5287754922527,2,1,Medium Risk
-2008.2400000000002,179.3761338798354,11.933455334521724,2,1,Medium Risk
1109.27,65.4392108723151,18.636785663100305,1,0,Low Risk
-349.0199999999995,107.71603095962912,4.960305616904435,2,1,Medium Risk
599.9699999999998,80.46928152659729,11.155202104214615,1,0,Low Risk
-734.2800000000002,120.08853092289931,15.83652967536838,2,1,Medium Risk
-1474.4000000000005,143.44303111197542,11.455064572302415,2,1,Medium Risk
-2807.0200000000004,234.4300293569722,29.110335282483035,0,2,High Risk
-2044.8200000000002,186.2680408891664,33.882487944614844,0,2,High Risk
-1296.2500000000005,144.30139645520478,15.480283528937314,2,1,Medium Risk
386.7399999999998,90.04455931073363,7.240952349081399,1,0,Low Risk
752.44,80.31508834717273,19.001051689767216,1,0,Low Risk
1863.7399999999998,64.59198154878496,7.922889423798496,1,0,Low Risk
472.8899999999994,89.63544668903711,5.929333686935214,1,0,Low Risk
2464.63,52.85477089526257,12.630888299724162,1,0,Low Risk
471.4399999999996,86.0196431960524,14.473809071930157,1,0,Low Risk
406.3899999999999,86.97150587963735,11.35693309908824,1,0,Low Risk
-416.6500000000001,111.3461522750853,15.71577568576618,2,1,Medium Risk
-1862.7500000000002,196.00121628168262,42.83321479740664,0,2,High Risk
1292.77,75.21624937694106,8.434300832023311,1,0,Low Risk
1012.94,74.09764717013458,11.297981644807331,1,0,Low Risk
-1553.0600000000004,143.95606261728005,10.971892415112604,2,1,Medium Risk
1892.42,62.580354300425725,0.0,1,0,Low Risk
1914.38,63.03072436900141,8.590657165479017,1,0,Low Risk
-763.4700000000003,121.35054867613009,17.796738145575354,2,1,Medium Risk
-1216.8200000000002,150.5592673846563,24.446134157691798,0,2,High Risk
225.80000000000018,94.86951108121985,12.773963109557979,2,1,Medium Risk
623.5599999999995,84.4795229063684,14.616468292488664,1,0,Low Risk
-1795.2899999999997,214.58761504780622,22.894673015305667,0,2,High Risk
173.25,96.32682656896979,13.521094510275343,2,1,Medium Risk
-1180.1,145.93598312190298,21.191042463828477,2,1,Medium Risk
-130.73000000000047,104.117778610734,1.5953911621944268,1,0,Low Risk
747.5799999999999,85.7125929776548,7.747246026710293,1,0,Low Risk
989.9300000000003,79.1097155132937,9.374492214125786,1,0,Low Risk
-395.5,110.17114788669006,5.922154071673804,2,1,Medium Risk
1270.9300000000003,71.94606991574528,9.596915001401669,1,0,Low Risk
-186.92000000000007,105.39303798381397,16.756156320777855,2,1,Medium Risk
-208.60999999999967,105.02629886010162,9.552401352168602,2,1,Medium Risk
3108.4100000000003,45.54902743910984,13.332597606435156,1,0,Low Risk
2139.31,59.260162059739294,10.531026537044267,1,0,Low Risk
1553.0699999999997,64.75054131467974,15.043100904687762,1,0,Low Risk
-2598.81,188.0856991783942,9.363730036063883,2,1,Medium Risk
630.1399999999999,86.17898839512293,11.459679028971617,1,0,Low Risk
405.48,88.91979778658286,5.488181445552671,1,0,Low Risk
1290.4100000000003,75.14446302131888,11.565131634705024,1,0,Low Risk
685.5699999999997,83.87800742641198,11.741867514503609,1,0,Low Risk
-2658.5600000000004,183.84191338791268,9.337983928954372,2,1,Medium Risk
-2003.31,274.5302004652257,77.70488661212897,0,2,High Risk
-1102.37,140.50105994863748,24.08269436371853,2,1,Medium Risk
-1582.4299999999994,152.85266729903407,15.53686657492886,2,1,Medium Risk
-547.4000000000001,115.38154607860494,21.106212469898647,2,1,Medium Risk
656.29,85.83518229144185,10.802591706883305,1,0,Low Risk
1077.8200000000006,80.15038867904374,8.107286834268582,1,0,Low Risk
-130.9300000000003,102.96834864777244,5.939417847272761,2,1,Medium Risk
54.749999999999545,98.58548331257849,17.45836541293553,2,1,Medium Risk
1348.1100000000006,74.11507865647482,10.579310265375598,1,0,Low Risk
565.6999999999998,88.14684750564162,8.148020877640349,1,0,Low Risk
-90.38999999999942,102.16740240215036,12.229913941727832,2,1,Medium Risk
761.1999999999998,86.96939039274997,8.036455578323173,1,0,Low Risk
-1294.2999999999997,158.77544718474553,27.921402654726602,0,2,High Risk
1556.6799999999998,66.70367019376587,7.185956626732802,1,0,Low Risk
597.6300000000001,87.50940509630819,15.50294275013376,1,0,Low Risk
793.5700000000006,84.87553674243796,9.573979450840776,1,0,Low Risk
-1380.7199999999998,146.77457603002853,20.174398514834714,2,1,Medium Risk
-949.5099999999993,124.92315768751227,13.076448585865213,2,1,Medium Risk
780.8300000000004,82.9564454378375,8.693232170219453,1,0,Low Risk
1547.7600000000007,67.3802122301021,11.110572515464133,1,0,Low Risk
36.75999999999976,98.62264836692408,21.562896934680712,2,1,Medium Risk
719.6400000000003,83.84689974680816,13.771121765519222,1,0,Low Risk
-587.4100000000003,118.70958905854849,11.44597116848536,2,1,Medium Risk
-135.6900000000005,102.96941950901397,14.660647149190954,2,1,Medium Risk
-1909.4899999999993,183.11851687408313,27.336754726179752,0,2,High Risk
-117.17000000000007,103.24882019886097,12.384168760085844,2,1,Medium Risk
796.94,79.57166476551785,19.681632339182034,1,0,Low Risk
328.5899999999997,91.90930064781735,18.380678250720823,2,1,Medium Risk
1198.0100000000002,71.4786007965927,17.555274629260616,1,0,Low Risk
1651.9900000000007,69.97484560216066,5.718626977001174,1,0,Low Risk
790.4400000000005,84.1529452097363,8.257333202350473,1,0,Low Risk
-1649.6,168.26288826172956,25.744659720095676,0,2,High Risk
-230.47000000000025,105.63532156078381,11.544254646994675,2,1,Medium Risk
2170.8600000000006,49.35021301813803,13.97100340175734,1,0,Low Risk
-579.4099999999999,122.430887038392,11.648839180980916,2,1,Medium Risk
1799.800000000001,70.33019567761822,11.385733832281037,1,0,Low Risk
-1638.3000000000002,161.02835175396447,20.543566934501527,0,2,High Risk
-464.8399999999997,112.8465620163608,8.008235684280345,2,1,Medium Risk
-730.4399999999991,122.2735866317009,23.32286393852534,2,1,Medium Risk
-1.3500000000003638,100.02647572764126,7.425166846113266,2,1,Medium Risk
1539.4400000000005,70.7031703469131,10.00793585847148,1,0,Low Risk
-4076.4699999999993,347.18162965837564,27.001903976521664,0,2,High Risk
1407.88,62.83786637384914,10.649389728862236,1,0,Low Risk
1460.4500000000003,67.789567476605,6.138387195666605,1,0,Low Risk
-348.25000000000045,109.10628928844123,18.39169726066083,2,1,Medium Risk
829.4499999999998,81.27876348879253,10.634167921219358,1,0,Low Risk
1030.0300000000002,77.65361068082909,8.80508875380203,1,0,Low Risk
1240.12,76.73010851351681,7.048593715110268,1,0,Low Risk
69.64000000000033,98.26332432243713,8.353948667817136,2,1,Medium Risk
-315.2600000000002,108.08636813674441,12.76438571201387,2,1,Medium Risk
-2214.18,182.7069185772877,16.889292304474175,0,2,High Risk
-553.8499999999995,117.70744745474424,14.67974090249314,2,1,Medium Risk
1608.46,60.423310105901336,6.526071808196527,1,0,Low Risk
-850.6100000000006,136.8296400211294,13.291161163501592,2,1,Medium Risk
1279.9,73.36521433313148,17.01346618470586,1,0,Low Risk
-1237.4,152.47845558797584,23.040221890479742,0,2,High Risk
-310.5100000000002,106.66957354766929,14.169970916870364,2,1,Medium Risk
1142.4299999999998,77.10795089079072,14.458642503471586,1,0,Low Risk
4078.8200000000006,39.459939234629424,14.803655421461425,1,0,Low Risk
78.91999999999916,98.2173794212582,12.345980181559863,2,1,Medium Risk
1723.6199999999994,69.8161778226082,7.427662812302444,1,0,Low Risk
-247.52000000000044,105.96315908663831,16.007198577630444,2,1,Medium Risk
-1635.3800000000006,150.06183572513103,21.726992212372043,0,2,High Risk
-1183.4399999999991,144.64076226975925,23.101964142239055,2,1,Medium Risk
939.81,78.64388523539651,7.798830175473678,1,0,Low Risk
1595.9000000000005,72.77109050426117,9.346618779911447,1,0,Low Risk
1161.0399999999995,77.17027321974577,9.482956947489505,1,0,Low Risk
567.98,85.53447907009912,5.629527001558664,1,0,Low Risk
151.5,95.59502106539432,18.92599926147548,2,1,Medium Risk
-866.3199999999997,131.9059527185542,10.182562803151114,2,1,Medium Risk
2470.32,55.754564570265906,2.7113386182167276,1,0,Low Risk
1553.3000000000002,69.12339708229719,10.518280865173029,1,0,Low Risk
-1741.1899999999996,157.9430948419301,10.818635607321132,2,1,Medium Risk
-272.5500000000002,106.13260190627054,5.468152321635901,2,1,Medium Risk
1486.2800000000002,70.43264448670715,14.93466964804367,1,0,Low Risk
-1924.8200000000002,172.4507194935127,17.87159402724402,0,2,High Risk
-1513.6799999999998,154.0289333633161,22.07195148503896,0,2,High Risk
444.8900000000003,90.57664038770297,12.980974934020173,1,0,Low Risk
528.5699999999997,86.86978338632751,10.029809220985692,1,0,Low Risk
-127.36000000000013,103.85163231669515,17.324482482270575,2,1,Medium Risk
-1414.58,136.58431243744553,24.950409012499257,0,2,High Risk
1233.38,76.10140886552513,6.258222903413946,1,0,Low Risk
1183.4700000000003,73.95228756875252,8.796360490990367,1,0,Low Risk
-401.09999999999945,109.58553494741219,8.446789646379555,2,1,Medium Risk
-198.23999999999978,104.80881421879813,3.6301404753992186,2,1,Medium Risk
-881.0900000000001,134.5312885791885,19.716096364199295,2,1,Medium Risk
440.84999999999945,91.02197005490478,16.174098633082977,1,0,Low Risk
-237.8499999999999,107.15383527982219,26.279554498178832,2,1,Medium Risk
-2356.37,191.64297520661157,18.912980068060282,0,2,High Risk
45.720000000000255,99.02458173501564,3.0651430912139817,1,0,Low Risk
910.8299999999999,83.30210678379983,11.689240223217887,1,0,Low Risk
641.1099999999997,88.01210924498596,15.529040871506627,1,0,Low Risk
-1836.95,197.88504987637478,47.92235058402251,0,2,High Risk
-173.6800000000003,104.64124422115925,11.42887683386334,2,1,Medium Risk
894.5499999999997,73.7116643744637,13.548095120546366,1,0,Low Risk
-374.0100000000002,110.322187141217,10.855393888545438,2,1,Medium Risk
1156.75,72.88634179499802,3.289267046386799,1,0,Low Risk
-550.3900000000003,114.34102770547206,14.210747107119314,2,1,Medium Risk
-416.0800000000004,112.92386635067264,17.65507987339531,2,1,Medium Risk
-698.02,118.62345153639073,18.099448516169655,2,1,Medium Risk
967.4699999999998,77.80079988435408,16.66724030719598,1,0,Low Risk
-704.69,127.4784365105361,17.396627828989438,2,1,Medium Risk
-2050.7900000000004,182.61219853127784,33.84224328581269,0,2,High Risk
1648.2000000000003,62.09875663133785,7.113669236801138,1,0,Low Risk
-234.2499999999991,105.13851506237508,9.385988580102705,2,1,Medium Risk
-1777.1500000000005,165.90995909254434,20.099171837275115,0,2,High Risk
-1242.1100000000001,140.96587798394492,29.848353924394637,0,2,High Risk
-1492.1400000000003,157.6839663670629,29.206919880158498,0,2,High Risk
-1816.52,152.3988092490885,17.550595375455764,2,1,Medium Risk
164.6199999999999,95.4712392606307,8.005799190644266,1,0,Low Risk
-217.85999999999967,105.61754005069348,11.476428558536025,2,1,Medium Risk
86.5,97.44195606078976,16.206760924917717,2,1,Medium Risk
-74.16000000000031,101.99259494113033,16.592598165393976,2,1,Medium Risk
754.1000000000004,81.62157156156931,20.438050487670537,1,0,Low Risk
-953.9300000000003,126.04195956921144,20.459453187917173,2,1,Medium Risk
-1039.7999999999997,130.30576823869217,21.383957587080264,2,1,Medium Risk
-915.3299999999999,120.05227045689549,6.729657021679314,2,1,Medium Risk
1275.6599999999999,71.84072968725167,17.639553569851838,1,0,Low Risk
163.57000000000016,95.09918774212684,16.245756694161393,2,1,Medium Risk
-206.96000000000004,104.18056248522885,7.177211328888018,2,1,Medium Risk
39.57999999999947,98.90205912458772,24.94084489851398,2,1,Medium Risk
-979.5500000000002,129.38573597086474,22.927503884898993,2,1,Medium Risk
589.73,85.25682371588142,21.197894010529946,1,0,Low Risk
-2083.4899999999993,193.70738508590443,13.5859494467932,0,2,High Risk
389.0300000000002,88.27502441259087,17.02100085594763,2,1,Medium Risk
-320.5100000000002,107.01740173754641,16.345985427030058,2,1,Medium Risk
2583.74,45.44732836032034,6.118157268544813,1,0,Low Risk
-543.8199999999997,112.13166319030037,12.103554816905179,2,1,Medium Risk
387.02999999999975,91.41055687235347,3.015837083988033,1,0,Low Risk
184.57000000000016,95.01243041668918,6.218451061989947,1,0,Low Risk
-1631.9700000000003,167.6927224837713,17.877097289337787,0,2,High Risk
-275.8800000000001,109.18277680140598,22.729269851413964,2,1,Medium Risk
-661.0500000000002,117.52592898956478,11.175712649529142,2,1,Medium Risk
-5.890000000000327,100.12437364461235,9.050558203275948,2,1,Medium Risk
-415.28999999999996,111.333746339573,4.635949555017616,2,1,Medium Risk
454.5799999999999,88.3009962348448,15.9554563867378,1,0,Low Risk
-34.590000000000146,100.752316325199,8.539301405019792,2,1,Medium Risk
1179.0800000000008,77.33379726370788,13.15127270070916,1,0,Low Risk
1055.6399999999994,79.77499674297057,8.179742043268678,1,0,Low Risk
-911.3099999999995,126.401314112221,16.217813521218158,2,1,Medium Risk
1625.6599999999999,63.70306199456102,10.215951665408884,1,0,Low Risk
-3400.6200000000003,262.12574850299404,29.092452038597965,0,2,High Risk
-698.21,119.36556628631338,12.767721929761302,2,1,Medium Risk
381.47000000000025,89.70194018286904,15.36812722546021,1,0,Low Risk
-1783.5400000000004,175.27645062718418,25.68331842047507,0,2,High Risk
-349.47000000000025,118.00537889248399,34.18997176596665,0,2,High Risk
822.0899999999997,76.96536496933255,10.810803237945267,1,0,Low Risk
-887.9499999999994,123.87828916407835,12.992349374100815,2,1,Medium Risk
575.7699999999995,86.413148641952,3.4209594827382777,1,0,Low Risk
2888.56,54.34514260425639,8.663890184053928,1,0,Low Risk
-9.490000000000236,100.2793082338537,16.111876339149063,2,1,Medium Risk
74.22000000000025,98.19971038186416,17.48308741664989,2,1,Medium Risk
953.9299999999998,76.7829066818538,14.031065484795826,1,0,Low Risk
27.089999999999236,99.36100653853777,15.36839423702907,2,1,Medium Risk
2980.91,47.32239104541968,12.242744902611518,1,0,Low Risk
-387.0100000000002,107.82983596209405,7.718966731138067,2,1,Medium Risk
898.8999999999996,80.87914659179137,6.54754687682801,1,0,Low Risk
609.9700000000003,85.44196547905449,12.501193340206973,1,0,Low Risk
-1038.8000000000002,129.20200489698618,9.695020647740273,2,1,Medium Risk
-1514.56,151.74409467649693,17.00569179575131,2,1,Medium Risk
-1432.3000000000006,149.32553198083872,25.565385688260434,0,2,High Risk
-8.74999999999909,100.20218264833849,16.57088985782516,2,1,Medium Risk
465.4300000000003,90.44879950749025,7.759285860865997,1,0,Low Risk
669.4899999999998,84.08719255378824,7.100379346079616,1,0,Low Risk
1486.73,68.87250694057694,12.194897262711828,1,0,Low Risk
-1007.4900000000002,129.1618666095484,23.067482531651432,2,1,Medium Risk
519.8699999999999,88.49684801200168,10.652148418916797,1,0,Low Risk
-493.8499999999999,121.90896588438844,13.79131360631738,2,1,Medium Risk
1118.6399999999994,79.08263056526862,7.180014585164271,1,0,Low Risk
626.8299999999999,81.9538849975097,27.535706162965777,2,1,Medium Risk
-1413.9399999999996,161.77215853488045,24.639137424856706,0,2,High Risk
1189.4400000000005,74.81984537610188,2.8562234848805597,1,0,Low Risk
837.9100000000003,76.3877890904377,11.482741226896014,1,0,Low Risk
67.14000000000033,98.34493571034156,13.365494596513372,2,1,Medium Risk
1599.3899999999994,67.22299528036054,8.976537059314166,1,0,Low Risk
-977.1399999999999,138.9878185510739,32.06956951964473,0,2,High Risk
-278.6500000000001,109.98044384590038,6.350377512571814,2,1,Medium Risk
-498.1600000000003,121.04240499110843,28.28914298748422,2,1,Medium Risk
-405.71000000000004,111.0418611486845,9.190619140024332,2,1,Medium Risk
745.9700000000003,85.0743909466338,5.056103338989018,1,0,Low Risk
2487.28,56.98273103829956,6.846879566935601,1,0,Low Risk
1557.8100000000004,69.71727492214562,7.669578672762829,1,0,Low Risk
1512.69,61.88171081113091,11.1598851933142,1,0,Low Risk
-1910.4699999999998,157.89689009570333,12.972076926340542,2,1,Medium Risk
425.0499999999993,89.61169414559515,9.537542587043763,1,0,Low Risk
506.6800000000003,89.47663563048178,10.730433807356883,1,0,Low Risk
32.399999999999636,99.28740779188789,7.9841118329895,2,1,Medium Risk
544.5299999999997,86.39151297046035,12.445394112060779,1,0,Low Risk
2147.0000000000005,62.934381598051246,7.320934391956397,1,0,Low Risk
376.6399999999999,90.18647878956844,9.282250773195205,1,0,Low Risk
-1326.2100000000005,135.66576306192923,9.823205430234182,2,1,Medium Risk
320.47999999999956,93.7632939647103,14.907144149877109,2,1,Medium Risk
1939.7300000000005,68.09407964102488,7.354680378252924,1,0,Low Risk
251.10999999999967,93.34141206293985,12.176430969288452,1,0,Low Risk
-726.7900000000004,120.24501597506388,7.159391304105606,2,1,Medium Risk
-717.7200000000003,119.07586811784876,11.765206182141956,2,1,Medium Risk
1816.2900000000004,66.44150094876309,7.052626327760235,1,0,Low Risk
-1041.8599999999997,134.33473283197446,23.541895980121406,2,1,Medium Risk
343.90999999999985,92.99129796816727,10.62136990768102,1,0,Low Risk
1052.37,76.34677107588848,15.402457992070412,1,0,Low Risk
2269.26,64.50154554669804,9.295180647502722,1,0,Low Risk
-1345.0100000000002,145.3870865419009,17.93232143941797,2,1,Medium Risk
-1632.03,182.07713700896696,8.725061732741235,2,1,Medium Risk
682.8500000000004,83.11895715030889,16.783640332552956,1,0,Low Risk
-1015.1499999999992,132.690672780905,11.43907874228743,2,1,Medium Risk
-764.4099999999999,119.73648878928398,11.783645057680193,2,1,Medium Risk
-931.3000000000006,128.165223071712,8.190687602825896,2,1,Medium Risk
-370.5,108.40370443457019,14.655561528498875,2,1,Medium Risk
-1527.8800000000006,165.4627094607043,38.34796505524921,0,2,High Risk
-3473.8200000000006,312.48165002935997,17.17618418477197,0,2,High Risk
-1241.9,141.36991412220098,28.622157671372513,0,2,High Risk
-1350.13,134.5279713573301,15.158365833386615,2,1,Medium Risk
-1273.6400000000003,158.65605585413817,22.057502866853646,0,2,High Risk
-75.39999999999964,102.12856053976229,20.401151794032124,2,1,Medium Risk
-1419.3100000000004,138.5945305085806,13.438241844301412,2,1,Medium Risk
1350.79,73.9723651834453,7.367293341015024,1,0,Low Risk
1663.4799999999996,70.62494481626022,9.891928164014905,1,0,Low Risk
342.02,90.4122223000911,4.343121452098956,1,0,Low Risk
-2079.82,175.21871372100847,14.664578684498903,0,2,High Risk
-1216.5500000000002,156.86194776300783,28.09280759810795,0,2,High Risk
199.40999999999985,95.76060751657192,9.976741911755326,1,0,Low Risk
2517.88,62.52993060712442,11.965992580036938,1,0,Low Risk
-894.9500000000003,128.45049020231178,16.68213781615188,2,1,Medium Risk
-731.1000000000004,122.00001203666369,9.302234606611739,2,1,Medium Risk
595.2000000000003,86.46559094795437,10.740435866183986,1,0,Low Risk
555.0999999999999,85.05912023491985,15.412442030409307,1,0,Low Risk
-327.57000000000016,110.39492264974217,25.892582308607697,2,1,Medium Risk
1880.42,66.76405451598593,5.932881920325781,1,0,Low Risk
-625.7900000000004,115.97482992328997,16.890499955326945,2,1,Medium Risk
3088.0799999999995,47.34937930822833,6.570927312313413,1,0,Low Risk
1084.1000000000008,76.54361857037453,13.256609480783336,1,0,Low Risk
-1576.4299999999998,148.70696047655537,9.433472575821241,2,1,Medium Risk
1697.96,65.6451697751304,8.087333735295664,1,0,Low Risk
1458.37,69.09558653689258,11.716327927492651,1,0,Low Risk
2523.0,52.94516983940184,13.242493700844674,1,0,Low Risk
-67.48000000000002,101.69167748825502,18.58864761064343,2,1,Medium Risk
-1050.2600000000002,133.34730398227,11.32479853689204,2,1,Medium Risk
-302.9899999999998,108.10584496190394,8.049128927317867,2,1,Medium Risk
1184.04,78.29468732756867,4.276205438243689,1,0,Low Risk
1441.2800000000007,74.07252167249216,4.0387559386856005,1,0,Low Risk
1236.5300000000002,75.96488022578663,16.084576688929143,1,0,Low Risk
1333.3600000000001,69.75479187932403,12.44572984008166,1,0,Low Risk
279.21000000000004,93.92455137508676,2.2869154058894057,1,0,Low Risk
1403.29,62.18026287774864,12.346414335650202,1,0,Low Risk
982.2799999999997,78.140952889601,10.42882257382558,1,0,Low Risk
-303.52,108.86052669221988,9.365266104807139,2,1,Medium Risk
-590.2999999999997,116.70212886358749,0.0,2,1,Medium Risk
1238.3000000000002,79.5636459657056,4.554981598534484,1,0,Low Risk
491.8899999999994,88.83955311927106,10.029404824569365,1,0,Low Risk
-93.2199999999998,102.40020804206156,16.254573449404326,2,1,Medium Risk
-113.73000000000047,102.62313004248489,13.5379619250587,2,1,Medium Risk
-440.45000000000005,121.95673956500282,25.497634584419664,2,1,Medium Risk
-966.4700000000003,130.2151233496841,19.392677490050424,2,1,Medium Risk
620.9700000000003,87.01820257181622,10.051030754339495,1,0,Low Risk
-2139.82,170.23517634122726,17.183792033873267,0,2,High Risk
-21.59999999999991,100.55992928300537,14.533016385708322,2,1,Medium Risk
-1119.4099999999999,127.24380971851073,18.024464206616923,2,1,Medium Risk
1119.7199999999993,77.49718142008196,5.918314438966943,1,0,Low Risk
359.27,87.04885293651137,27.035298697927935,2,1,Medium Risk
-771.8500000000004,122.76138659117383,4.871057637015084,2,1,Medium Risk
1315.1999999999994,68.30064256757083,7.688636725171007,1,0,Low Risk
-1428.8399999999997,145.79659419802113,2.8442581178665183,2,1,Medium Risk
738.2199999999993,79.82035076976909,6.840174510146955,1,0,Low Risk
955.5099999999998,70.09414533686379,19.105431509893396,1,0,Low Risk
1007.5000000000005,69.62506934227345,13.5838498830226,1,0,Low Risk
293.27999999999975,93.49133042905112,12.641395120717092,1,0,Low Risk
-1534.6000000000004,137.0011380514245,19.8857608548888,2,1,Medium Risk
163.84000000000015,96.03936461584206,7.435135651278431,1,0,Low Risk
-1335.23,134.73154667922162,9.453156904924787,2,1,Medium Risk
-1469.7799999999997,170.12141885928293,22.501848715440946,0,2,High Risk
35.970000000000255,99.04456060944123,13.612023077168267,2,1,Medium Risk
263.0699999999997,94.23339967908532,5.663355224508764,1,0,Low Risk
-541.1199999999999,111.16143989835234,16.392952319662054,2,1,Medium Risk
59.309999999999945,98.54948408981411,6.963992672828079,1,0,Low Risk
-2201.0000000000005,196.1584670566597,18.030695565176742,0,2,High Risk
1268.0099999999998,71.9906164887378,14.000826137761784,1,0,Low Risk
-497.4699999999998,112.17564332881358,12.011170449706054,2,1,Medium Risk
849.1700000000001,74.52242867558154,15.229477259294152,1,0,Low Risk
409.0600000000004,91.13875241536475,15.992097533078583,1,0,Low Risk
-775.1000000000004,123.81918195507207,10.504286899603576,2,1,Medium Risk
-1365.3700000000003,154.15856822130377,20.639730906840775,2,1,Medium Risk
-199.15999999999985,104.39921628743785,16.08090705672639,2,1,Medium Risk
-1301.6100000000001,132.69440411540415,8.175296523106448,2,1,Medium Risk
2255.1000000000004,56.92074341375074,10.072266785360197,1,0,Low Risk
384.94000000000005,90.83679090106239,24.314616049303368,2,1,Medium Risk
816.7500000000005,82.79022725117734,7.001064087571246,1,0,Low Risk
564.7299999999996,89.41021380968276,9.6992562978409,1,0,Low Risk
1438.75,67.1340428496698,6.085484611536378,1,0,Low Risk
611.79,86.14618527006095,8.184255577395133,1,0,Low Risk
868.8100000000004,82.26545579989264,15.653086260989554,1,0,Low Risk
1667.48,64.28331223506682,11.857225781439096,1,0,Low Risk
714.79,84.03196332751017,15.023746866887977,1,0,Low Risk
-629.3600000000006,115.34264742091112,10.72152080799019,2,1,Medium Risk
1747.0800000000004,61.18298706232878,9.969094451887548,1,0,Low Risk
913.69,81.07255977942258,9.827793003585834,1,0,Low Risk
1254.29,71.99257773947062,15.74416870235485,1,0,Low Risk
-1889.1799999999998,166.70668450991678,13.953044945922946,2,1,Medium Risk
738.5600000000004,84.90195757764076,12.438876805076292,1,0,Low Risk
-1272.02,164.2314315001742,27.769053257724565,0,2,High Risk
25.649999999999636,99.43572674655222,14.974910189257029,2,1,Medium Risk
1276.3899999999999,73.29286639423671,10.442730074635765,1,0,Low Risk
148.3199999999997,96.4643201945196,2.9826338812143174,1,0,Low Risk
1539.6399999999999,60.00550702275284,15.67942893213114,1,0,Low Risk
-13.63000000000011,100.28504864439816,9.113609556553817,2,1,Medium Risk
-3420.3,290.5948042395266,43.10519687496517,0,2,High Risk
1423.7099999999996,66.34573562783662,14.79694591527988,1,0,Low Risk
-609.1199999999999,112.9558651494204,9.815378070828459,2,1,Medium Risk
970.6400000000008,79.05403947328668,16.998631857436955,1,0,Low Risk
831.5699999999997,83.59631594209188,17.671681714440144,1,0,Low Risk
1208.2199999999998,75.46098743417005,4.623583627659855,1,0,Low Risk
180.51999999999953,95.8358995651823,16.303011429823652,2,1,Medium Risk
-606.9099999999999,116.15449930927278,12.236385753185463,2,1,Medium Risk
-1290.9900000000002,134.8541298819108,3.5974816278705606,2,1,Medium Risk
54.99000000000024,98.4716848986126,16.430429562433297,2,1,Medium Risk
70.77999999999975,98.44280761039829,10.060149251104423,2,1,Medium Risk
-611.2600000000002,121.13075792930603,14.388039063175178,2,1,Medium Risk
319.0799999999999,93.34427740938284,7.373067143366701,1,0,Low Risk
198.77000000000044,95.15211675698878,14.042691225177675,2,1,Medium Risk
771.4399999999996,78.65494972524584,13.920877442489775,1,0,Low Risk
989.1100000000006,81.31396045196672,10.639656472037345,1,0,Low Risk
-736.2499999999995,122.10197679480058,5.821413025531723,2,1,Medium Risk
2046.9899999999998,65.54613928045445,6.317862402693036,1,0,Low Risk
153.97999999999956,96.47925002858125,6.414999428375443,1,0,Low Risk
-2173.4500000000003,166.4555897667962,18.47254114776504,0,2,High Risk
711.9699999999998,84.41986725692765,11.880132961903659,1,0,Low Risk
-1343.4099999999994,132.96727836701038,7.495006110459439,2,1,Medium Risk
-619.1099999999997,112.84625823238675,11.692375367785896,2,1,Medium Risk
-1221.79,134.93413697564768,28.03131460137645,0,2,High Risk
-524.6500000000001,119.19018270268293,13.376250480074617,2,1,Medium Risk
200.48999999999978,96.1706102117061,15.779209864847314,2,1,Medium Risk
-2028.1599999999994,196.17328793755863,18.035336627372132,0,2,High Risk
-505.9100000000003,114.13891016002728,11.355341043111784,2,1,Medium Risk
-881.7700000000004,125.94593481222545,24.374060244402663,2,1,Medium Risk
1699.9700000000003,64.26412222726738,7.90764845366026,1,0,Low Risk
-1316.2800000000007,139.52448585558616,15.350915385747188,2,1,Medium Risk
1000.5699999999997,81.59454920377391,8.069871437584961,1,0,Low Risk
-313.50000000000045,108.55521868339689,32.11631822684565,2,1,Medium Risk
596.9999999999995,84.5474099440135,7.191278216507094,1,0,Low Risk
-3192.54,241.63069565641732,28.500130870890317,0,2,High Risk
578.7499999999995,86.45641246454682,3.814435884715111,1,0,Low Risk
-426.8199999999997,108.84833935564386,6.77566945081918,2,1,Medium Risk
972.4299999999998,79.99543307604957,9.693398943435973,1,0,Low Risk
1628.5199999999995,71.16867666116663,2.1434236709604777,1,0,Low Risk
700.6099999999997,82.33432679263933,13.900361578843853,1,0,Low Risk
-170.29000000000042,104.62886701623053,27.399989670741288,2,1,Medium Risk
32.88999999999942,99.307643081483,0.8515000715723177,1,0,Low Risk
-723.6100000000001,119.08641786438703,10.736357329943052,2,1,Medium Risk
541.7600000000002,87.91151413997616,5.652643463747484,1,0,Low Risk
957.2799999999997,82.7365323022766,9.059858037337335,1,0,Low Risk
1659.98,59.62091856219548,15.030199538310724,1,0,Low Risk
-512.4700000000003,110.77230944508322,10.636097442031073,2,1,Medium Risk
338.1900000000005,91.52089376734669,11.281907278657945,1,0,Low Risk
1392.1499999999996,75.00287292341505,6.89411840753855,1,0,Low Risk
-786.54,118.37517083484212,6.0161898865773455,2,1,Medium Risk
1397.3899999999999,68.10609466901906,11.246710503792192,1,0,Low Risk
-2270.55,431.33171842166706,84.85144758346954,0,2,High Risk
-458.77000000000044,112.12195676184136,20.312739456008792,2,1,Medium Risk
1155.12,67.28298552103868,7.898567965014842,1,0,Low Risk
-191.86000000000058,104.67638699990741,8.647148003529349,2,1,Medium Risk
-981.1500000000001,128.49463302432565,6.839408935665993,2,1,Medium Risk
127.65999999999985,97.1088277458323,10.601946321036527,2,1,Medium Risk
232.49000000000024,94.3390253939112,13.502431280117069,2,1,Medium Risk
79.40999999999985,98.04790631130254,17.4447017409303,2,1,Medium Risk
866.8299999999999,80.74318770521303,15.714374575134068,1,0,Low Risk
2497.8699999999994,56.28302352403772,7.4541499160793405,1,0,Low Risk
-269.78999999999996,107.50292007341899,12.62278213471272,2,1,Medium Risk
-553.2800000000007,113.06177951636856,21.93008756170515,2,1,Medium Risk
338.3699999999999,91.94217090113283,16.233535828846442,2,1,Medium Risk
1617.54,61.09924677498485,9.926601444883746,1,0,Low Risk
-1321.9899999999989,140.61974773778246,8.76188720406815,2,1,Medium Risk
-693.29,125.1850856225343,15.150502401208959,2,1,Medium Risk
-606.6699999999996,116.43602178212456,16.824523854677466,2,1,Medium Risk
-449.57000000000016,114.34840612273558,20.752639440323755,2,1,Medium Risk
-63.9099999999994,101.56256876427238,2.8642611599829833,1,0,Low Risk
