date,user_id,monthly_income,monthly_expense_total,savings_rate,budget_goal,financial_scenario,credit_score,debt_to_income_ratio,loan_payment,investment_amount,subscription_services,emergency_fund,transaction_count,fraud_flag,discretionary_spending,essential_spending,income_type,rent_or_mortgage,category,cash_flow_status,financial_advice_score,financial_stress_level,actual_savings,savings_goal_met,surplus,expense_ratio,debt_pressure
2019-01-01,1584,3119.58,4270.05,0.38,3676.11,inflation,721.0,0.56,125.77,689.22,3,510.58,68,0,857.55,1910.85,Freelance,1501.65,Investments,Positive,8.3,Low,0.0,0,-1150.4700000000003,136.87900294270383,4.031632463344424
2019-01-31,1045,3262.44,5302.88,0.1,2607.17,inflation,670.0,0.42,454.19,360.34,4,1154.41,41,0,534.51,3165.2,Salary,1603.17,Investments,Positive,22.6,Low,0.0,0,-2040.44,162.54337244516375,13.9217885999436
2019-03-02,1756,2931.2,2956.05,0.15,3004.14,inflation,691.0,0.24,971.82,0.0,5,1433.02,90,0,353.67,1504.56,Freelance,1097.82,Healthcare,Positive,58.8,Low,0.0,0,-24.850000000000364,100.84777565502185,33.15433951965066
2019-04-01,1724,3506.79,3200.44,0.17,3346.97,normal,717.0,0.16,482.76,182.06,5,227.37,94,0,594.08,1450.72,Freelance,1155.64,Groceries,Positive,74.5,Low,1179.2,0,306.3499999999999,91.26409052153109,13.76643597135842
2019-05-01,1600,4606.87,2727.72,0.34,2670.09,inflation,795.0,0.25,263.74,342.78,9,589.81,73,0,556.86,1000.0,Salary,1170.86,Utilities,Negative,38.7,High,2424.29,0,1879.15,59.209832272236895,5.724928205050284
2019-05-31,1985,4028.39,3309.7200000000003,0.26,2079.72,recession,643.0,0.43,323.2,451.11,8,1131.03,56,0,431.04,2330.01,Salary,548.67,Healthcare,Positive,53.7,Medium,151.82,0,718.6699999999996,82.15987032040097,8.023056357502625
2019-06-30,1194,4145.45,3940.84,0.15,2215.8,normal,683.0,0.3,609.88,730.42,8,995.12,69,0,443.5,2860.3,Freelance,637.04,Transportation,Positive,74.7,High,1109.84,0,204.60999999999967,95.0642270441086,14.712033675475523
2019-07-30,1600,3202.37,5582.610000000001,0.25,3650.48,normal,655.0,0.24,524.64,224.15,4,732.71,65,0,602.88,3526.55,Salary,1453.18,Entertainment,Neutral,83.1,Medium,512.86,0,-2380.2400000000007,174.32745123143175,16.382866439543214
2019-08-29,1835,4765.11,4913.07,0.06,2813.81,normal,715.0,0.52,103.3,0.0,7,1623.05,99,0,733.67,2503.65,Salary,1675.75,Education,Negative,71.6,Low,2136.55,0,-147.96000000000004,103.10506997739822,2.167840826339791
2019-09-28,1454,3581.79,2837.76,0.13,2195.92,normal,749.0,0.52,643.48,261.39,9,1057.1,91,0,464.34,1691.26,Salary,682.16,Entertainment,Positive,77.9,High,210.99,0,744.0299999999997,79.22742539344854,17.96531901646942
2019-10-28,1045,3832.71,4869.530000000001,0.23,3178.17,normal,611.0,0.19,316.34,452.59,9,1095.63,73,0,585.69,3029.36,Mixed,1254.48,Investments,Positive,62.5,Medium,601.94,0,-1036.8200000000006,127.05187713132484,8.253689947843693
2019-11-27,1357,2136.79,3549.63,0.34,2685.16,normal,669.0,0.39,285.31,528.05,5,1967.83,53,0,283.44,2492.21,Freelance,773.98,Entertainment,Negative,36.1,High,0.0,0,-1412.8400000000001,166.11974035820086,13.352271397750831
2019-12-27,1403,5462.92,3569.32,0.29,2973.21,recession,670.0,0.23,679.87,275.58,2,1431.37,41,0,582.65,1483.81,Salary,1502.86,Groceries,Positive,39.0,Low,2413.63,0,1893.6,65.33721892321323,12.445175840026945
2020-01-26,1884,2110.66,4335.99,0.24,1420.73,recession,647.0,0.32,331.5,563.48,6,1153.64,86,0,309.46,3236.23,Salary,790.3,Insurance,Positive,17.2,Medium,0.0,0,-2225.33,205.4328977665754,15.705987700529695
2020-02-25,1675,3507.29,4083.45,0.26,3493.12,normal,739.0,0.4,650.88,220.05,7,1405.48,74,0,248.39,2825.21,Salary,1009.85,Investments,Neutral,11.2,Medium,845.89,0,-576.1599999999999,116.42749815384528,18.55791793664054
2020-03-26,1750,2098.58,2696.25,0.16,2896.61,normal,620.0,0.29,655.47,284.89,1,1381.6,58,0,494.7,1332.65,Salary,868.9,Dining Out,Positive,94.2,Low,0.0,0,-597.6700000000001,128.47973391531417,31.23397726081446
2020-04-25,1222,3677.65,4223.360000000001,0.3,2068.33,normal,631.0,0.13,511.94,347.32,7,1729.56,66,1,362.3,2576.38,Mixed,1284.68,Groceries,Negative,50.0,Low,187.83,0,-545.7100000000005,114.83855179258495,13.920302367000668
2020-05-25,1050,1884.19,4338.37,0.29,3904.13,normal,676.0,0.41,550.79,394.33,6,1692.29,59,0,633.22,2517.59,Mixed,1187.56,Dining Out,Positive,68.6,Low,0.0,0,-2454.18,230.25119547391716,29.232189959611286
2020-06-24,1234,3697.31,3612.89,0.17,3122.47,normal,743.0,0.52,351.55,247.39,6,493.09,62,0,516.89,2177.0,Salary,919.0,Dining Out,Negative,90.6,Medium,173.75,0,84.42000000000007,97.71671837092373,9.508264116344044
2020-07-24,1447,4726.33,3258.65,0.14,2539.69,normal,691.0,0.48,369.67,409.83,7,1320.35,96,0,478.5,1850.42,Salary,929.73,Transportation,Negative,73.7,Low,777.95,0,1467.6799999999998,68.94673033833863,7.821502095706394
2020-08-23,1347,2911.22,3994.5600000000004,0.17,2330.65,normal,631.0,0.52,448.13,112.31,7,1431.26,35,0,755.99,1737.44,Salary,1501.13,Investments,Neutral,43.5,High,1024.55,0,-1083.3400000000006,137.21257754480942,15.393202849664403
2020-09-22,1918,3972.53,4056.09,0.22,2700.51,normal,759.0,0.44,469.72,955.5,7,1359.6,82,0,563.8,2305.04,Mixed,1187.25,Insurance,Neutral,79.7,Low,1178.8,0,-83.55999999999995,102.10344541136254,11.824202712125523
2020-10-22,1879,5136.85,4278.82,0.28,2837.11,inflation,694.0,0.25,428.59,529.61,7,1045.61,64,0,435.07,2900.43,Salary,943.32,Healthcare,Neutral,81.4,Low,2662.01,0,858.0300000000007,83.29657280239834,8.343440045942552
2020-11-21,1057,4124.22,3164.37,0.26,3029.37,normal,706.0,0.21,308.5,258.74,5,615.45,94,0,643.02,1682.26,Salary,839.09,Utilities,Neutral,78.3,Low,1411.52,0,959.8500000000004,76.72650828520301,7.480202317044192
2020-12-21,1129,4622.48,2815.19,0.18,2541.05,normal,661.0,0.46,318.48,591.38,3,2306.84,27,0,260.55,1651.01,Salary,903.63,Groceries,Negative,64.1,Low,2402.97,0,1807.2899999999995,60.90215641819976,6.889808068396186
2021-01-20,1680,4859.63,3719.4199999999996,0.4,2665.05,normal,609.0,0.32,787.17,459.74,2,768.35,31,0,186.89,1921.24,Salary,1611.29,Healthcare,Positive,39.8,Low,2028.92,0,1140.2100000000005,76.53710261892365,16.198146772490908
2021-02-19,1621,5414.37,3893.4300000000003,0.1,2707.47,inflation,665.0,0.56,540.72,512.29,5,1233.88,41,0,468.01,2460.65,Salary,964.77,Transportation,Positive,47.7,Medium,2085.87,0,1520.9399999999996,71.90919719191707,9.986757462087002
2021-03-21,1998,6042.51,2782.68,0.05,2185.71,inflation,620.0,0.5,419.3,579.51,5,1513.09,22,0,383.93,1975.73,Salary,423.02,Dining Out,Positive,27.9,Medium,3796.15,1,3259.8300000000004,46.051723538728105,6.939169318710271
2021-04-20,1058,4422.94,3428.06,0.32,2506.2,normal,662.0,0.38,440.32,326.25,9,322.35,90,0,809.16,1000.0,Salary,1618.9,Groceries,Negative,27.3,High,1433.8,0,994.8799999999997,77.50636454485026,9.955369053163734
2021-05-20,1334,4012.76,2048.44,0.3,3328.25,normal,617.0,0.53,720.24,0.0,6,1168.02,96,0,183.69,1375.03,Freelance,489.72,Entertainment,Negative,65.4,Medium,1819.07,0,1964.3200000000002,51.04815638114415,17.948743508208814
2021-06-19,1256,3163.61,3808.42,0.22,2749.02,recession,619.0,0.29,377.91,686.52,6,1411.56,96,0,220.76,2389.84,Salary,1197.82,Entertainment,Negative,89.5,Low,0.0,0,-644.81,120.38209513814915,11.94553058057093
2021-07-19,1421,2980.36,3933.94,0.15,3026.26,recession,690.0,0.23,365.45,213.49,6,453.89,78,0,96.31,2709.84,Salary,1127.79,Rent,Positive,84.0,Medium,896.61,0,-953.5799999999999,131.99546363526554,12.26194151042156
2021-08-18,1456,3515.99,4060.94,0.06,3289.32,inflation,633.0,0.12,479.01,353.98,8,347.98,38,0,482.87,2536.01,Salary,1042.06,Groceries,Positive,98.8,Low,239.87,0,-544.9500000000003,115.49919083956439,13.623758884410936
2021-09-17,1974,3855.03,3377.2200000000003,0.4,3054.35,normal,736.0,0.52,247.74,223.91,9,497.88,22,0,352.05,2030.87,Freelance,994.3,Insurance,Positive,80.7,Low,1344.75,0,477.80999999999995,87.6055439257282,6.426409133002855
2021-10-17,1730,3725.58,2510.59,0.08,2739.51,normal,771.0,0.43,588.68,736.18,9,890.21,70,0,0.0,1675.65,Salary,834.94,Healthcare,Positive,88.5,Medium,294.67,0,1214.9899999999998,67.38789664964919,15.801029638338191
2021-11-16,1340,5423.61,4602.09,0.39,2646.35,recession,718.0,0.2,330.56,610.25,4,735.81,86,0,546.81,2287.09,Salary,1768.19,Groceries,Positive,62.6,Medium,1998.87,0,821.5199999999995,84.85289318369131,6.094833514946687
2021-12-16,1794,5273.97,4491.9,0.16,3373.36,recession,602.0,0.44,426.18,621.56,7,898.01,71,0,547.92,2573.98,Salary,1370.0,Transportation,Positive,72.8,Medium,2690.86,0,782.0700000000006,85.17113294159806,8.080819572352516
2022-01-15,1776,4276.99,3451.9100000000003,0.31,3381.24,inflation,731.0,0.22,480.68,282.26,7,2344.53,29,0,482.68,2102.28,Freelance,866.95,Education,Positive,46.9,High,1491.78,0,825.0799999999995,80.70886300879826,11.238745005249019
2022-02-14,1173,4781.39,4018.4700000000003,0.29,2503.33,recession,691.0,0.36,742.09,0.0,7,0.0,62,0,119.8,2368.1,Salary,1530.57,Utilities,Positive,22.2,High,1501.57,0,762.9200000000001,84.04397047720433,15.520382148287423
2022-03-16,1482,4457.69,4409.99,0.3,2887.95,normal,632.0,0.13,390.65,0.0,3,1154.66,35,0,469.88,2333.02,Salary,1607.09,Entertainment,Neutral,51.5,Medium,935.42,0,47.69999999999982,98.92993904914877,8.76350755660443
2022-04-15,1913,3782.73,3534.96,0.16,3606.0,normal,689.0,0.5,564.04,278.85,9,790.98,25,0,260.49,2092.8,Salary,1181.67,Rent,Negative,4.2,Low,1541.25,0,247.76999999999998,93.44996867341841,14.910924120939109
2022-05-15,1529,3933.49,5068.01,0.37,3058.63,normal,635.0,0.13,880.34,552.72,3,210.08,52,0,598.5,3256.12,Salary,1213.39,Transportation,Negative,98.0,Low,0.0,0,-1134.5200000000004,128.84257999893225,22.380633991696943
2022-06-14,1737,4047.29,3610.9100000000003,0.07,3092.41,normal,599.0,0.4,602.42,342.41,3,857.38,21,0,662.09,1979.19,Salary,969.63,Rent,Neutral,77.9,Low,1687.32,0,436.37999999999965,89.2179705432524,14.884527671602479
2022-07-14,1205,4076.19,3971.67,0.32,2422.02,normal,728.0,0.59,358.86,160.08,5,471.82,70,0,482.28,2970.22,Salary,519.17,Education,Negative,4.2,High,958.64,0,104.51999999999998,97.43584082194403,8.803809439697364
2022-08-13,1756,4155.26,4873.57,0.17,2270.44,normal,720.0,0.27,743.05,245.03,2,1347.98,27,0,697.79,2778.93,Salary,1396.85,Insurance,Positive,11.9,Low,998.03,0,-718.3099999999995,117.28676424579929,17.88215418529767
2022-09-12,1957,1900.97,5108.46,0.4,3450.97,recession,744.0,0.31,548.82,237.28,9,1398.07,35,0,719.91,2969.82,Salary,1418.73,Education,Positive,5.2,Low,0.0,0,-3207.49,268.7291225006181,28.87052399564433
2022-10-12,1983,2402.19,5075.51,0.06,2919.87,normal,705.0,0.18,686.61,461.51,6,1569.13,54,0,702.66,2610.4,Salary,1762.45,Insurance,Positive,39.9,Low,0.0,0,-2673.32,211.28678414280304,28.58266831516241
2022-11-11,1206,3764.31,4022.15,0.22,2831.01,normal,662.0,0.44,671.29,0.0,4,789.59,96,0,619.13,2275.19,Salary,1127.83,Groceries,Positive,66.0,Low,846.24,0,-257.84000000000015,106.84959527775344,17.833015878075926
2022-12-11,1983,3549.62,4152.2,0.07,2304.84,normal,690.0,0.16,639.79,313.85,7,713.24,94,0,722.47,2522.92,Salary,906.81,Insurance,Positive,71.6,High,752.47,0,-602.5799999999999,116.97590164580998,18.02418287027907
2023-01-10,1984,4722.51,3626.39,0.34,2922.43,normal,655.0,0.33,632.85,130.94,3,662.47,82,0,738.87,1951.17,Salary,936.35,Healthcare,Positive,32.4,High,1647.5,0,1096.1200000000003,76.78946153634402,13.400712756563776
2023-02-09,1368,3393.56,4594.9,0.4,3043.73,normal,614.0,0.19,415.4,249.76,4,1264.6,96,0,626.21,3048.68,Mixed,920.01,Education,Neutral,41.1,Low,0.0,0,-1201.3399999999997,135.4005822793762,12.240832635933945
2023-03-11,1443,4264.95,5136.85,0.09,2964.82,normal,561.0,0.27,153.88,30.37,8,1429.66,35,0,466.6,3184.95,Salary,1485.3,Entertainment,Negative,27.8,Medium,2446.3,0,-871.9000000000005,120.44338151678215,3.6080141619479713
2023-04-10,1506,3170.26,4081.9700000000003,0.36,2228.47,recession,661.0,0.28,306.82,466.11,2,1084.61,40,0,925.74,2129.03,Salary,1027.2,Utilities,Negative,67.7,Medium,956.05,0,-911.71,128.75820910587774,9.678070568344552
2023-05-10,1942,4573.38,2911.43,0.27,2182.29,normal,749.0,0.55,146.4,464.62,5,1591.2,86,0,293.81,1930.96,Salary,686.66,Education,Neutral,54.3,Medium,804.54,0,1661.9500000000003,63.66035623543199,3.201133516130302
2023-06-09,1353,2800.92,4529.3099999999995,0.24,2369.23,normal,657.0,0.17,125.73,553.6,4,1420.61,82,0,487.92,2253.56,Freelance,1787.83,Education,Positive,23.0,Low,1137.0,0,-1728.3899999999994,161.70793882010196,4.488882224411979
2023-07-09,1477,5578.55,4105.84,0.06,1942.39,recession,700.0,0.45,262.58,813.12,3,1379.9,74,0,473.79,2580.57,Freelance,1051.48,Healthcare,Negative,53.8,Medium,2977.84,1,1472.71,73.60048758189852,4.7069579012467395
2023-08-08,1657,4078.42,3513.8199999999997,0.33,2892.13,recession,630.0,0.37,589.78,690.28,8,1376.49,22,0,784.24,1158.34,Salary,1571.24,Groceries,Positive,6.3,Low,1531.83,0,564.6000000000004,86.15640370535648,14.46099224699761
2023-09-07,1275,4116.03,3890.48,0.14,2697.48,normal,688.0,0.53,485.74,386.86,9,897.14,76,0,228.4,2745.38,Salary,916.7,Healthcare,Positive,64.1,Low,1196.12,0,225.54999999999973,94.52020514913643,11.801177348075695
2023-10-07,1908,4268.09,4063.96,0.13,1820.82,recession,750.0,0.5,470.08,499.18,3,928.08,80,0,430.83,2556.3,Freelance,1076.83,Utilities,Positive,76.0,Low,1733.1,0,204.1300000000001,95.21729860429372,11.013825856530673
2023-11-06,1585,5466.77,3823.62,0.15,3075.67,normal,675.0,0.33,300.01,419.52,8,872.66,29,0,555.2,2010.92,Salary,1257.5,Education,Positive,87.6,Low,1948.62,0,1643.1500000000005,69.94294620040718,5.487884070484033
2019-01-01,1177,3593.89,4431.599999999999,0.25,2155.52,normal,619.0,0.13,725.61,698.79,7,1860.17,96,0,348.61,3220.52,Salary,862.47,Insurance,Positive,68.3,High,192.07,0,-837.7099999999996,123.30928325574794,20.190100420435797
2019-01-31,1900,5216.32,2683.25,0.25,3287.03,normal,695.0,0.25,322.61,207.54,4,429.86,25,0,152.69,1446.48,Mixed,1084.08,Entertainment,Negative,77.3,Low,2213.18,0,2533.0699999999997,51.439520581559414,6.184628243666033
2019-03-02,1213,3997.43,5561.950000000001,0.16,2257.94,normal,683.0,0.45,399.33,705.24,2,466.72,32,0,776.76,2170.57,Salary,2614.62,Education,Neutral,37.1,Medium,1753.87,0,-1564.520000000001,139.1381462589714,9.989668361922535
2019-04-01,1855,4838.69,3338.94,0.26,3274.63,recession,645.0,0.5,723.09,919.03,7,1226.78,87,0,470.58,1931.79,Salary,936.57,Groceries,Positive,23.8,Low,446.27,0,1499.7499999999995,69.00504062049852,14.943920771944475
2019-05-01,1094,3613.29,3925.01,0.25,3365.82,recession,649.0,0.48,516.49,465.08,8,609.45,93,0,226.87,3212.17,Freelance,485.97,Groceries,Neutral,99.4,High,2544.09,0,-311.72000000000025,108.62704073019327,14.29417511464621
2019-05-31,1900,4055.69,2510.84,0.16,1905.94,normal,764.0,0.41,262.43,483.13,6,354.31,24,0,342.8,1307.91,Mixed,860.13,Transportation,Neutral,38.0,Low,0.0,0,1544.85,61.90907095956545,6.470662205444697
2019-06-30,1483,4533.65,6346.98,0.16,2109.21,normal,658.0,0.27,568.54,122.02,7,1332.26,84,0,870.45,3362.31,Mixed,2114.22,Investments,Neutral,25.8,High,1142.76,0,-1813.33,139.9971325532408,12.54044754226727
2019-07-30,1512,5532.8,4243.95,0.32,2731.72,inflation,691.0,0.14,416.89,228.69,9,1635.48,59,0,545.09,2136.32,Mixed,1562.54,Investments,Positive,45.2,Medium,4721.89,1,1288.8500000000004,76.70528484673221,7.5348828802776175
2019-08-29,1458,5295.24,3105.69,0.11,3118.97,normal,726.0,0.16,525.73,356.75,8,1003.08,24,0,811.35,1293.6,Freelance,1000.74,Transportation,Positive,72.3,Low,3555.19,1,2189.5499999999997,58.650599406259204,9.928350745197575
2019-09-28,1038,3705.56,2446.98,0.18,2874.56,normal,692.0,0.11,686.14,0.0,4,1420.62,77,0,47.46,1052.47,Salary,1347.05,Groceries,Negative,97.4,Medium,733.11,0,1258.58,66.0353630760263,18.516499530435347
2019-10-28,1595,4521.79,2286.77,0.37,3025.06,normal,645.0,0.41,280.93,303.34,1,1013.99,90,0,187.14,1731.05,Salary,368.58,Entertainment,Negative,62.2,High,1389.86,0,2235.02,50.57222913934526,6.212805105942558
2019-11-27,1205,3629.51,4224.91,0.06,2658.66,normal,727.0,0.39,4.73,495.41,7,1294.54,23,0,532.19,2227.09,Salary,1465.63,Education,Neutral,73.8,Low,276.88,0,-595.3999999999996,116.4044182272538,0.13032062179192233
2019-12-27,1511,2586.17,4438.89,0.09,2409.44,inflation,613.0,0.56,604.13,979.88,7,185.58,34,0,679.0,2078.09,Salary,1681.8,Healthcare,Positive,50.3,Medium,52.14,0,-1852.7200000000003,171.63952872394316,23.3600266030462
2020-01-26,1084,3677.05,4303.36,0.17,3074.08,normal,753.0,0.57,366.83,601.09,9,834.09,36,0,146.24,2715.84,Salary,1441.28,Groceries,Positive,74.5,Medium,1401.01,0,-626.3099999999995,117.03294760745706,9.976203750288953
2020-02-25,1799,3285.42,3069.58,0.21,2966.68,recession,714.0,0.47,706.65,406.24,7,195.09,76,0,586.33,1361.88,Salary,1121.37,Entertainment,Positive,33.8,High,593.69,0,215.84000000000015,93.43036811123083,21.508665558741345
2020-03-26,1866,3814.84,3465.85,0.14,2757.38,recession,670.0,0.18,367.81,666.47,8,1872.93,37,0,537.93,2462.69,Freelance,465.23,Healthcare,Positive,96.9,Low,1794.23,0,348.99000000000024,90.85177884262511,9.641557706220969
2020-04-25,1949,2282.15,3857.34,0.08,2036.74,normal,612.0,0.43,573.76,489.73,5,486.95,93,0,438.09,2490.75,Salary,928.5,Investments,Positive,55.7,Low,473.73,0,-1575.19,169.02219398374342,25.141204565869902
2020-05-25,1730,4003.62,3134.6299999999997,0.17,2560.16,normal,628.0,0.46,660.45,767.32,1,794.26,57,0,525.02,1000.0,Salary,1609.61,Insurance,Positive,71.8,Low,0.0,0,868.9900000000002,78.29489312172483,16.496320829649168
2020-06-24,1355,4169.75,4985.54,0.39,3289.28,normal,658.0,0.24,633.69,759.34,8,1040.06,60,0,384.05,3045.44,Salary,1556.05,Insurance,Positive,46.4,Medium,1105.37,0,-815.79,119.5644822831105,15.197313987649142
2020-07-24,1166,4154.59,5084.26,0.37,3168.63,inflation,682.0,0.35,634.79,475.69,9,723.56,53,0,563.52,2297.94,Mixed,2222.8,Investments,Positive,93.6,High,1084.26,0,-929.6700000000001,122.37693731511412,15.279245364765234
2020-08-23,1694,5530.99,3574.1699999999996,0.26,1673.99,inflation,668.0,0.1,563.79,597.11,6,1304.41,50,0,437.43,1887.29,Salary,1249.45,Utilities,Neutral,69.7,High,4534.78,1,1956.8200000000002,64.62080025456564,10.193292701668238
2020-09-22,1230,2249.0,3154.44,0.1,3479.97,inflation,681.0,0.35,832.77,312.28,4,1475.67,73,0,226.64,1547.2,Salary,1380.6,Investments,Positive,9.6,Low,0.0,0,-905.44,140.2596709648733,37.02845709204091
2020-10-22,1306,4108.07,4042.7500000000005,0.2,3900.31,recession,668.0,0.1,298.17,41.32,2,669.87,76,0,400.19,2157.76,Salary,1484.8,Transportation,Positive,28.8,Medium,1516.88,0,65.31999999999925,98.4099589344875,7.258152855233724
2020-11-21,1856,3281.77,4656.05,0.09,2975.45,normal,621.0,0.22,91.88,625.54,6,1642.86,89,0,579.78,2982.26,Salary,1094.01,Dining Out,Positive,40.7,Low,344.5,0,-1374.2800000000002,141.87618266971788,2.799708693784147
2020-12-21,1310,3642.2,4252.0,0.25,1972.05,normal,721.0,0.16,782.47,423.27,2,1139.84,50,0,408.48,2303.32,Salary,1540.2,Insurance,Neutral,4.5,Low,1769.71,0,-609.8000000000002,116.7426280819285,21.483444072264017
2021-01-20,1332,3463.41,3702.1,0.08,2743.33,normal,604.0,0.16,415.25,396.61,5,1464.46,45,0,221.86,1895.09,Salary,1585.15,Healthcare,Neutral,91.8,High,191.47,0,-238.69000000000005,106.89176274249945,11.9896287185173
2021-02-19,1071,4599.21,4365.1,0.3,3528.02,inflation,657.0,0.37,385.63,736.26,6,503.96,21,0,606.22,2307.27,Salary,1451.61,Utilities,Positive,61.4,Low,1035.14,0,234.10999999999967,94.90977798361023,8.38470085079829
2021-03-21,1371,3375.82,4430.88,0.07,3402.61,normal,661.0,0.23,885.3,580.03,2,532.31,87,1,459.21,2665.28,Salary,1306.39,Insurance,Negative,23.5,Medium,748.51,0,-1055.06,131.2534436077753,26.224739470706375
2021-04-20,1938,4023.87,4333.0,0.17,3357.66,recession,740.0,0.21,470.65,0.0,7,2018.03,77,0,830.19,2651.21,Salary,851.6,Healthcare,Positive,87.0,Low,2663.55,0,-309.1300000000001,107.68240524669037,11.696451426114661
2021-05-20,1260,4976.02,3377.09,0.27,2370.54,normal,535.0,0.43,1151.87,318.52,5,592.64,58,0,346.96,2214.83,Salary,815.3,Insurance,Positive,93.5,Low,1073.28,0,1598.9300000000003,67.86729153017873,23.148419821463737
2021-06-19,1277,3874.19,4177.34,0.06,3160.19,inflation,709.0,0.42,359.9,0.0,9,192.49,21,0,826.7,2111.3,Salary,1239.34,Utilities,Positive,22.5,Medium,1200.29,0,-303.1500000000001,107.82486145491058,9.289683779060914
2021-07-19,1446,3539.63,3356.91,0.07,2554.84,normal,731.0,0.4,680.77,130.48,3,303.31,91,0,641.53,1446.19,Freelance,1269.19,Transportation,Negative,34.0,Low,2347.32,0,182.72000000000025,94.83787853532714,19.23280116848371
2021-08-18,1917,2832.28,3906.5699999999997,0.39,2712.04,normal,648.0,0.23,346.02,479.85,1,1165.48,68,0,390.53,2336.89,Salary,1179.15,Insurance,Negative,63.3,Medium,0.0,0,-1074.2899999999995,137.93021876368155,12.217012442272654
2021-09-17,1209,3456.66,3144.4900000000002,0.3,3457.95,normal,611.0,0.48,492.74,222.84,7,592.01,68,0,429.48,2045.01,Salary,670.0,Groceries,Neutral,10.7,Low,546.25,0,312.1699999999996,90.96902790555046,14.254800877147305
2021-10-17,1896,2954.93,5120.52,0.19,3533.22,inflation,696.0,0.35,324.05,608.22,1,959.69,69,0,516.68,2701.17,Salary,1902.67,Rent,Neutral,1.0,High,0.0,0,-2165.5900000000006,173.28735367673687,10.966418832256602
2021-11-16,1335,4374.48,3617.8500000000004,0.2,2581.05,normal,666.0,0.28,791.63,275.37,9,543.07,51,0,163.42,2079.27,Freelance,1375.16,Dining Out,Positive,48.0,High,0.0,0,756.6299999999992,82.70354419268119,18.09655090433606
2021-12-16,1604,3185.98,2706.53,0.15,2148.24,normal,613.0,0.32,421.45,403.33,1,959.2,56,0,453.23,1440.94,Salary,812.36,Insurance,Positive,98.9,Low,1464.73,0,479.4499999999998,84.95125518678711,13.228268852911821
2022-01-15,1895,3150.47,3234.02,0.05,2711.72,inflation,753.0,0.16,538.51,418.16,6,689.26,52,0,748.25,1384.25,Salary,1101.52,Transportation,Neutral,8.8,Low,390.8,0,-83.55000000000018,102.65198525934227,17.093005170657076
2022-02-14,1662,3797.06,4753.08,0.37,2453.8,inflation,690.0,0.34,372.48,25.42,1,1593.13,63,0,920.17,2452.58,Salary,1380.33,Dining Out,Positive,97.7,Low,1004.36,0,-956.02,125.17790079693236,9.809694869188268
2022-03-16,1461,3152.89,2322.4500000000003,0.13,3334.43,inflation,754.0,0.54,728.33,325.3,9,988.54,61,0,329.4,1350.44,Salary,642.61,Insurance,Positive,57.6,Low,1266.81,0,830.4399999999996,73.6609903929411,23.100393607135043
2022-04-15,1243,4953.73,2628.46,0.31,2929.87,inflation,651.0,0.56,1110.26,521.1,9,1472.05,88,0,517.53,1553.91,Salary,557.02,Dining Out,Negative,45.5,Medium,1940.64,0,2325.2699999999995,53.0602192691164,22.412606258314444
2022-05-15,1894,5299.48,4346.8,0.34,3367.14,recession,636.0,0.25,496.16,264.36,4,295.52,49,0,508.35,2556.54,Salary,1281.91,Groceries,Neutral,38.1,Low,2838.74,0,952.6799999999994,82.02314189316688,9.362428011804932
2022-06-14,1446,3266.25,3784.57,0.23,2511.99,normal,708.0,0.19,164.61,464.44,7,1085.1,97,0,407.98,2656.32,Salary,720.27,Groceries,Positive,99.5,High,1885.92,0,-518.3200000000002,115.86896287791811,5.0397244546498285
2022-07-14,1827,3805.09,3981.39,0.38,2905.7,normal,741.0,0.27,232.36,306.77,8,980.8,75,0,505.06,2657.53,Salary,818.8,Entertainment,Positive,76.2,Low,1758.43,0,-176.29999999999973,104.63326754426308,6.106557269341856
2022-08-13,1063,4695.21,3583.92,0.2,2232.93,normal,746.0,0.52,149.62,1114.32,1,1174.05,86,0,721.25,1585.08,Salary,1277.59,Investments,Positive,4.4,Medium,168.78,0,1111.29,76.331410096673,3.186651928241761
2022-09-12,1579,3062.59,4065.54,0.37,2715.38,normal,691.0,0.28,492.44,312.53,6,1952.76,49,0,799.8,2231.37,Freelance,1034.37,Investments,Neutral,33.3,Medium,688.41,0,-1002.9499999999998,132.7484253523978,16.07920093776836
2022-10-12,1866,2567.88,4168.7699999999995,0.22,3408.13,normal,663.0,0.41,505.42,0.0,1,397.39,32,0,399.37,1913.29,Freelance,1856.11,Investments,Positive,4.9,High,0.0,0,-1600.8899999999994,162.34286648908824,19.68238391202081
2022-11-11,1737,3564.15,3629.63,0.26,2846.31,inflation,711.0,0.14,544.1,48.06,4,397.5,68,0,285.79,2412.89,Salary,930.95,Insurance,Negative,53.1,Medium,1199.18,0,-65.48000000000002,101.83718418136161,15.265911928510304
2022-12-11,1370,3018.3,4737.46,0.18,2417.01,normal,635.0,0.36,722.82,438.22,3,997.38,71,0,687.59,2514.67,Freelance,1535.2,Utilities,Positive,7.1,High,174.41,0,-1719.1599999999999,156.95789020309445,23.947917702017694
2023-01-10,1807,4385.93,4170.129999999999,0.37,2618.46,normal,718.0,0.19,608.8,249.26,9,1121.99,31,0,389.61,2473.45,Salary,1307.07,Education,Positive,50.0,High,1939.41,0,215.8000000000011,95.07972083457781,13.880750490773904
2023-02-09,1214,3365.37,4496.780000000001,0.28,2178.54,normal,683.0,0.22,626.78,706.14,7,1014.1,54,0,315.23,2725.96,Mixed,1455.59,Entertainment,Negative,52.2,Low,0.0,0,-1131.4100000000008,133.6191860033221,18.624400883112408
2023-03-11,1128,4797.98,4499.7699999999995,0.3,3441.53,normal,685.0,0.18,615.87,331.69,6,665.9,83,0,783.88,2484.2,Salary,1231.69,Dining Out,Positive,89.1,Low,953.42,0,298.21000000000004,93.78467605117153,12.836026827956767
2023-04-10,1048,3940.12,4480.83,0.29,2963.31,normal,665.0,0.37,376.16,231.16,6,700.32,46,0,347.27,2089.57,Freelance,2043.99,Transportation,Positive,54.4,Medium,934.3,0,-540.71,113.72318609585494,9.546917352770983
2023-05-10,1453,4576.18,2665.24,0.14,3021.33,recession,751.0,0.56,547.0,524.2,2,1394.16,36,0,526.62,1719.7,Freelance,418.92,Transportation,Positive,12.1,High,2111.57,0,1910.9400000000005,58.24159014724071,11.953201141563486
2023-06-09,1386,5111.08,3600.61,0.12,2685.73,inflation,698.0,0.21,260.95,278.3,3,1016.3,45,0,848.56,2091.46,Salary,660.59,Education,Neutral,15.6,Medium,1509.72,0,1510.4699999999998,70.44714620002036,5.105574555671208
2023-07-09,1962,5514.81,4395.570000000001,0.08,3259.67,normal,703.0,0.11,809.86,28.65,3,1074.75,81,0,450.6,2559.54,Freelance,1385.43,Rent,Positive,58.3,Low,2900.77,0,1119.2399999999998,79.70483117278746,14.685184077057958
2023-08-08,1701,3737.87,4695.98,0.31,1513.22,normal,647.0,0.18,345.65,633.55,4,1414.24,74,0,611.22,2706.64,Salary,1378.12,Insurance,Positive,25.4,Low,538.01,0,-958.1099999999997,125.63251263420074,9.247245088780508
2023-09-07,1978,2788.49,3237.7200000000003,0.19,2728.76,normal,671.0,0.14,921.83,394.93,5,640.45,64,0,487.03,1893.97,Freelance,856.72,Entertainment,Positive,11.4,Low,660.01,0,-449.2300000000005,116.1101528067162,33.05839361087901
2023-10-07,1410,3145.16,4389.08,0.32,3615.97,normal,608.0,0.52,537.63,821.14,6,593.19,37,0,778.07,2165.56,Salary,1445.45,Entertainment,Negative,99.7,Low,924.71,0,-1243.92,139.55029314883822,17.093883935952384
2023-11-06,1389,3360.3,4100.62,0.12,3016.99,normal,693.0,0.57,565.83,392.04,5,1104.14,50,0,887.86,2093.06,Salary,1119.7,Dining Out,Positive,31.7,Medium,0.0,0,-740.3199999999997,122.03136624706126,16.838675118293008
2019-01-01,1997,2578.18,3503.79,0.07,2979.66,recession,771.0,0.33,487.37,654.57,2,1538.03,32,0,449.34,1991.85,Salary,1062.6,Dining Out,Positive,31.5,High,263.78,0,-925.6100000000001,135.90168258228675,18.903645207084068
2019-01-31,1577,4532.96,4217.63,0.36,2286.6,normal,664.0,0.37,509.45,299.82,9,1262.0,92,0,366.62,2385.74,Salary,1465.27,Utilities,Neutral,19.1,Medium,1770.71,0,315.3299999999999,93.04361829797749,11.238793194733683
2019-03-02,1965,6148.1,3939.46,0.25,2624.66,recession,660.0,0.13,978.84,423.54,1,178.61,45,0,530.47,2209.22,Salary,1199.77,Investments,Negative,1.3,Low,2592.2,0,2208.6400000000003,64.07605601730616,15.921016248922431
2019-04-01,1333,1947.27,3395.18,0.26,2997.07,normal,669.0,0.46,687.79,596.46,8,396.93,25,0,162.89,2171.38,Salary,1060.91,Insurance,Positive,76.4,High,0.0,0,-1447.9099999999999,174.3558931221659,35.32073107478675
2019-05-01,1608,2918.58,3578.23,0.32,2849.76,normal,657.0,0.35,534.33,385.09,5,686.51,59,0,342.52,2141.52,Salary,1094.19,Insurance,Negative,74.7,High,1578.44,0,-659.6500000000001,122.60174468405869,18.307875747795162
2019-05-31,1527,4743.64,4283.0199999999995,0.3,3444.56,normal,759.0,0.59,447.11,95.44,7,210.13,49,0,338.95,2888.98,Salary,1055.09,Insurance,Positive,91.4,Low,1513.46,0,460.6200000000008,90.28973530875022,9.425462303210193
2019-06-30,1461,2598.15,4741.46,0.25,3019.66,normal,666.0,0.48,450.99,752.74,6,435.09,94,0,679.7,2740.24,Salary,1321.52,Utilities,Positive,64.3,Medium,0.0,0,-2143.31,182.49369743856207,17.358120200912186
2019-07-30,1905,3482.5,3561.65,0.33,2970.08,normal,630.0,0.15,704.13,321.0,2,683.01,60,0,116.82,2021.61,Mixed,1423.22,Investments,Neutral,90.1,Medium,1179.67,0,-79.15000000000009,102.27279253409907,20.219095477386933
2019-08-29,1925,4313.75,5760.16,0.33,2414.02,normal,616.0,0.27,459.07,544.2,5,757.58,45,0,1007.33,2905.84,Salary,1846.99,Rent,Positive,43.3,Medium,1699.98,0,-1446.4099999999999,133.53022312373224,10.642016806722689
2019-09-28,1120,2413.74,4036.41,0.36,1868.91,normal,728.0,0.23,775.44,391.76,8,1205.19,60,0,309.67,2016.58,Salary,1710.16,Transportation,Positive,6.3,High,0.0,0,-1622.67,167.22637898033759,32.126078202291886
2019-10-28,1942,3351.95,3554.36,0.16,3223.23,normal,731.0,0.33,615.16,369.66,7,1342.36,57,0,795.63,1842.64,Salary,916.09,Insurance,Positive,51.2,Medium,1145.19,0,-202.4100000000003,106.03857456107639,18.352302391145454
2019-11-27,1061,4724.31,3744.2499999999995,0.06,2612.59,normal,622.0,0.53,477.56,610.37,7,557.75,66,0,457.14,2159.52,Salary,1127.59,Entertainment,Positive,31.0,Low,1104.75,0,980.0600000000009,79.25495998357431,10.108566118650131
2019-12-27,1857,4744.74,3400.95,0.08,2829.23,normal,734.0,0.44,473.71,815.78,8,295.45,64,0,490.81,1374.36,Mixed,1535.78,Transportation,Positive,46.9,High,2007.48,0,1343.79,71.67832167832168,9.983897958581503
2020-01-26,1178,4019.61,3213.33,0.09,2223.5,inflation,662.0,0.44,361.59,39.16,6,1207.1,27,0,373.47,2248.86,Salary,591.0,Dining Out,Neutral,93.2,Low,671.52,0,806.2800000000002,79.941337592453,8.995648831603065
2020-02-25,1563,3366.47,5416.87,0.31,1874.76,normal,738.0,0.48,591.37,201.73,5,841.57,34,0,720.15,2563.36,Salary,2133.36,Education,Neutral,21.4,Medium,0.0,0,-2050.4,160.90652820313267,17.566471704782753
2020-03-26,1788,4236.25,4206.99,0.31,3863.63,recession,661.0,0.3,375.76,115.31,1,588.55,80,0,388.07,2759.05,Mixed,1059.87,Rent,Positive,95.1,Medium,2375.2,0,29.26000000000022,99.30929477722042,8.870109176748302
2020-04-25,1759,3391.04,4224.469999999999,0.37,3028.27,inflation,726.0,0.17,420.55,748.4,2,1696.56,83,0,879.56,1430.28,Salary,1914.63,Healthcare,Neutral,5.9,Low,0.0,0,-833.4299999999994,124.57741577805037,12.401800037746533
2020-05-25,1718,2598.82,3558.79,0.13,2660.26,inflation,671.0,0.11,758.38,0.0,1,447.74,32,0,866.5,1636.85,Freelance,1055.44,Education,Negative,83.2,Low,0.0,0,-959.9699999999998,136.9386875581995,29.181705543285023
2020-06-24,1250,3511.52,3872.4,0.3,2937.08,recession,665.0,0.27,37.48,696.03,2,1044.62,22,0,752.48,2461.02,Freelance,658.9,Healthcare,Positive,31.2,Low,246.65,0,-360.8800000000001,110.27703102929787,1.0673440561352348
2020-07-24,1671,3735.72,3658.8399999999997,0.23,2812.9,recession,674.0,0.4,572.46,298.72,6,951.49,82,0,310.85,1917.47,Salary,1430.52,Insurance,Positive,90.5,Low,393.84,0,76.88000000000011,97.94202991658904,15.32395361536732
2020-08-23,1224,2829.98,3316.77,0.29,3228.37,inflation,695.0,0.41,558.19,254.35,7,808.29,52,0,534.4,1254.88,Salary,1527.49,Rent,Positive,56.4,Medium,0.0,0,-486.78999999999996,117.20118163379247,19.724167661962277
2020-09-22,1947,2249.7,4483.27,0.36,2595.9,recession,644.0,0.45,563.4,393.77,4,1159.91,79,0,740.21,2155.4,Freelance,1587.66,Utilities,Neutral,28.4,Low,0.0,0,-2233.5700000000006,199.28301551317958,25.043339111881586
2020-10-22,1538,5275.13,3482.81,0.31,3945.1,normal,661.0,0.4,743.21,264.15,9,766.96,87,0,284.43,1907.7,Salary,1290.68,Utilities,Positive,9.8,Low,2342.67,0,1792.3200000000002,66.02320701101205,14.0889418838967
2020-11-21,1070,5822.68,2310.29,0.21,3325.13,recession,628.0,0.2,507.93,29.11,1,761.82,54,0,339.71,1000.0,Salary,970.58,Groceries,Positive,93.4,Low,2643.32,0,3512.3900000000003,39.67743375902505,8.723302671622001
2020-12-21,1568,2841.36,3865.4,0.26,2378.99,normal,786.0,0.36,441.54,0.0,1,745.31,43,0,839.27,1766.43,Freelance,1259.7,Healthcare,Neutral,52.7,Low,685.49,0,-1024.04,136.0404876537996,15.539741532224005
2021-01-20,1561,5173.36,2758.24,0.26,2810.5,inflation,720.0,0.46,253.85,347.42,5,912.0,77,0,799.8,1000.0,Salary,958.44,Entertainment,Positive,56.6,High,3271.79,1,2415.12,53.31622001948444,4.906869036757542
2021-02-19,1726,3916.1,4570.28,0.12,3274.45,normal,598.0,0.28,369.36,275.25,1,2192.03,75,0,657.48,3000.99,Salary,911.81,Dining Out,Positive,64.8,High,594.67,0,-654.1799999999998,116.70488496207963,9.431832690687164
2021-03-21,1109,4870.59,3133.9900000000002,0.22,2200.37,inflation,643.0,0.25,371.28,380.98,3,448.36,81,0,254.78,1622.42,Salary,1256.79,Entertainment,Positive,15.9,Low,1408.72,0,1736.6,64.34518200053793,7.622895788805872
2021-04-20,1532,3192.65,4467.18,0.15,3016.3,recession,629.0,0.28,428.2,110.83,4,1500.46,68,0,397.23,2430.85,Salary,1639.1,Education,Neutral,28.1,Medium,656.58,0,-1274.5300000000002,139.9207554852552,13.41205581570169
2021-05-20,1433,4364.93,4989.539999999999,0.32,2835.57,normal,630.0,0.18,524.35,0.0,8,1337.57,47,0,773.77,2679.95,Salary,1535.82,Transportation,Positive,18.9,Low,2296.33,0,-624.6099999999988,114.30973692590713,12.012792874112527
2021-06-19,1469,4424.01,2729.42,0.39,2313.13,normal,734.0,0.41,399.9,448.44,6,1072.04,51,0,688.96,1000.0,Salary,1040.46,Investments,Neutral,42.1,Low,1150.56,0,1694.5900000000001,61.69561099545435,9.039310489804498
2021-07-19,1942,3950.61,3796.7200000000003,0.08,3392.67,inflation,717.0,0.22,656.13,94.21,4,972.52,37,0,348.13,1725.78,Salary,1722.81,Entertainment,Positive,40.4,High,0.0,0,153.88999999999987,96.10465219295249,16.608321246592297
2021-08-18,1191,3552.09,4575.370000000001,0.31,2597.95,normal,674.0,0.16,537.44,352.15,1,1932.91,22,0,536.73,3491.05,Salary,547.59,Dining Out,Neutral,94.8,Low,943.49,0,-1023.2800000000007,128.80782863046826,15.130247262879038
2021-09-17,1975,3780.84,4458.179999999999,0.4,2923.72,normal,639.0,0.25,452.79,577.32,3,244.24,38,0,474.94,2171.6,Mixed,1811.64,Investments,Neutral,14.4,Medium,1345.09,0,-677.3399999999992,117.91506649316024,11.975910115212493
2021-10-17,1611,4348.0,4900.0,0.16,2533.29,normal,714.0,0.39,210.95,335.33,4,976.95,79,0,818.7,2833.09,Salary,1248.21,Insurance,Neutral,13.0,Medium,2047.0,0,-552.0,112.69549218031278,4.851655933762649
2021-11-16,1869,4451.58,4606.389999999999,0.13,3152.31,recession,826.0,0.2,600.37,799.51,3,1704.66,45,0,456.41,2881.27,Salary,1268.71,Healthcare,Positive,45.9,Medium,2021.1,0,-154.8099999999995,103.47764164633679,13.486672147866601
2021-12-16,1247,4514.39,4658.34,0.17,2506.81,normal,589.0,0.36,811.28,83.75,3,957.85,81,0,669.9,2321.88,Salary,1666.56,Groceries,Positive,72.0,Medium,2283.73,0,-143.94999999999982,103.18869215995959,17.970977252740678
2022-01-15,1117,4224.96,3014.7299999999996,0.23,3389.0,recession,590.0,0.39,478.88,113.33,4,632.33,93,0,748.45,1618.49,Salary,647.79,Dining Out,Positive,13.9,Low,1328.78,0,1210.2300000000005,71.35523176550784,11.334545179125955
2022-02-14,1401,3522.96,3534.34,0.05,3072.32,inflation,682.0,0.36,279.02,298.87,8,1881.79,45,0,302.61,1994.3,Salary,1237.43,Investments,Positive,61.9,Low,0.0,0,-11.38000000000011,100.32302382087789,7.920044508027341
2022-03-16,1805,5599.7,2546.51,0.34,2719.29,recession,523.0,0.15,586.9,1049.32,5,0.0,81,0,547.21,1000.0,Mixed,999.3,Dining Out,Positive,82.8,High,2878.35,1,3053.1899999999996,45.4758290622712,10.480918620640391
2022-04-15,1808,4148.47,4967.44,0.36,2487.54,inflation,720.0,0.32,369.29,45.38,8,2083.31,46,0,814.04,2672.96,Salary,1480.44,Dining Out,Negative,91.5,Low,478.78,0,-818.9699999999993,119.74149505721385,8.901836098609849
2022-05-15,1733,5173.72,4064.82,0.37,2631.98,normal,650.0,0.47,695.4,412.01,5,817.05,50,0,604.38,2388.88,Salary,1071.56,Healthcare,Positive,44.7,Low,1603.71,0,1108.9,78.56667929458881,13.441005698027725
2022-06-14,1856,878.47,3994.72,0.12,2918.12,recession,694.0,0.29,766.45,451.01,4,1628.87,25,0,585.98,1678.89,Salary,1729.85,Utilities,Positive,5.7,Low,0.0,0,-3116.25,454.7360752216922,87.24828394822816
2022-07-14,1317,5784.09,3914.07,0.17,3111.91,normal,721.0,0.39,708.76,773.55,1,1764.62,74,0,609.4,2013.63,Salary,1291.04,Healthcare,Neutral,78.2,Low,2353.94,0,1870.02,67.66959020347194,12.253612927876295
2022-08-13,1491,3598.39,3792.9,0.14,2793.03,normal,652.0,0.5,594.12,602.97,3,920.91,44,0,397.14,1625.5,Mixed,1770.26,Dining Out,Positive,50.4,Low,594.97,0,-194.51000000000022,105.40547300320422,16.5107172930116
2022-09-12,1643,3751.22,2554.36,0.14,3562.7,normal,672.0,0.48,210.01,391.71,5,1726.02,25,0,357.57,1613.11,Salary,583.68,Groceries,Negative,78.4,Low,0.0,0,1196.8599999999997,68.09411338177979,5.598445305793849
2022-10-12,1865,4018.19,3256.6099999999997,0.36,3538.24,inflation,723.0,0.44,321.21,559.82,5,811.69,20,0,792.24,2164.37,Freelance,300.0,Entertainment,Positive,39.6,Low,1670.65,0,761.5800000000004,81.04669017642271,7.993897749981957
2022-11-11,1194,4405.6,3323.6800000000003,0.25,3067.48,inflation,667.0,0.31,690.36,291.7,2,1254.99,78,0,604.26,1317.03,Freelance,1402.39,Transportation,Negative,42.6,Low,2318.86,0,1081.92,75.44216451788633,15.67005629199201
2022-12-11,1889,3988.46,3555.35,0.23,3107.88,normal,726.0,0.39,503.97,513.48,2,997.14,38,0,98.36,2494.41,Salary,962.58,Healthcare,Negative,43.7,Low,0.0,0,433.1100000000001,89.14092155869685,12.635704006057477
2023-01-10,1760,2349.1,4005.31,0.24,3023.22,normal,741.0,0.6,547.97,478.93,1,1723.6,88,0,797.64,2166.48,Salary,1041.19,Rent,Neutral,34.4,Medium,0.0,0,-1656.21,170.50402281724917,23.326806010812653
2023-02-09,1845,3384.49,3617.54,0.08,2997.07,normal,611.0,0.19,297.28,279.95,3,625.08,66,1,525.95,1865.02,Salary,1226.57,Transportation,Negative,36.4,Low,260.39,0,-233.05000000000018,106.88582327027116,8.783598119657613
2023-03-11,1300,2772.8,3097.71,0.36,3356.31,normal,640.0,0.47,363.99,420.95,7,1376.08,28,0,423.83,1419.48,Salary,1254.4,Investments,Positive,12.9,Low,0.0,0,-324.90999999999985,111.71775822273513,13.127163877668782
2023-04-10,1942,3791.64,4619.160000000001,0.29,3367.34,normal,665.0,0.12,436.53,255.32,1,727.69,98,0,492.46,2540.57,Mixed,1586.13,Healthcare,Positive,55.9,Medium,743.05,0,-827.5200000000009,121.82485679020164,11.512960091147892
2023-05-10,1639,5591.87,4823.169999999999,0.16,2462.58,inflation,653.0,0.57,790.76,0.0,8,467.08,98,0,403.2,3084.99,Salary,1334.98,Insurance,Positive,42.1,High,3434.9,1,768.7000000000007,86.25325696055165,14.14124434223256
2023-06-09,1722,5463.62,4421.889999999999,0.25,2446.48,normal,739.0,0.46,580.65,220.9,5,1519.15,86,0,842.28,2560.7,Freelance,1018.91,Rent,Neutral,44.1,Low,2647.33,1,1041.7300000000005,80.93333723794845,10.627569267262365
2023-07-09,1351,5500.56,2949.47,0.34,3216.31,normal,678.0,0.17,131.92,0.0,1,479.11,41,0,416.96,1793.33,Salary,739.18,Dining Out,Positive,49.5,Low,2998.62,0,2551.0900000000006,53.621267652748074,2.3983012638713146
2023-08-08,1680,4786.28,5108.7699999999995,0.24,3106.51,normal,689.0,0.13,697.21,728.56,7,1494.09,40,0,786.79,3247.95,Mixed,1074.03,Transportation,Positive,45.6,Low,2207.11,0,-322.4899999999998,106.73780054656226,14.56684523262325
2023-09-07,1432,3035.68,3685.18,0.4,2889.28,inflation,631.0,0.53,610.9,344.4,3,1150.27,50,0,897.23,1452.31,Salary,1335.64,Rent,Positive,79.6,High,188.8,0,-649.5,121.39553576134507,20.1239919886154
2023-10-07,1077,2216.99,5113.4,0.33,3273.4,recession,718.0,0.27,977.65,839.46,3,489.56,50,0,498.4,3829.47,Salary,785.53,Transportation,Negative,42.4,Medium,0.0,0,-2896.41,230.6460561391797,44.09807892683323
2023-11-06,1848,4581.92,3801.3700000000003,0.39,2635.18,normal,680.0,0.51,475.71,81.65,3,2116.1,81,0,300.61,2129.07,Salary,1371.69,Dining Out,Positive,28.7,High,459.93,0,780.5499999999997,82.96456507315712,10.382328805391627
2019-01-01,1254,2335.32,4405.48,0.06,2856.34,inflation,659.0,0.23,813.66,388.09,7,1200.13,31,0,624.75,2607.93,Salary,1172.8,Transportation,Neutral,5.2,Medium,0.0,0,-2070.1599999999994,188.64566740318242,34.841477827449765
2019-01-31,1984,4529.28,4300.74,0.21,3601.6,normal,674.0,0.41,497.97,415.73,8,1029.0,34,0,623.43,2072.06,Salary,1605.25,Entertainment,Negative,35.9,Low,1198.65,0,228.53999999999996,94.95416490038153,10.994462696057653
2019-03-02,1810,3107.16,2924.5899999999997,0.09,2755.0,normal,675.0,0.37,89.65,365.92,7,1137.77,62,0,632.18,1992.41,Salary,300.0,Groceries,Positive,37.9,Low,450.01,0,182.57000000000016,94.1242163261628,2.8852714375828734
2019-04-01,1928,4721.11,3846.7699999999995,0.21,3193.98,normal,688.0,0.11,335.82,256.28,6,1563.67,97,0,632.74,1726.92,Salary,1487.11,Dining Out,Positive,45.8,Medium,1295.8,0,874.3400000000001,81.4802027489298,7.113157710792589
2019-05-01,1229,3908.56,4894.490000000001,0.18,3962.26,recession,807.0,0.18,563.12,546.06,2,1550.13,41,0,689.1,2458.84,Salary,1746.55,Utilities,Neutral,20.2,Low,711.59,0,-985.9300000000007,125.22489100845327,14.407352068280902
2019-05-31,1320,4813.79,5220.1,0.21,3386.62,normal,645.0,0.19,571.44,323.59,5,378.27,38,0,493.48,3700.98,Mixed,1025.64,Transportation,Neutral,49.6,Low,2591.25,0,-406.3100000000004,108.44054269089429,11.870895905305384
2019-06-30,1295,3797.07,4527.42,0.39,2300.44,normal,736.0,0.2,382.19,903.44,1,39.23,80,0,643.59,2155.69,Freelance,1728.14,Dining Out,Positive,95.0,Low,190.19,0,-730.3499999999999,119.23456770615238,10.06539252634268
2019-07-30,1784,4018.31,3155.85,0.12,2757.69,normal,765.0,0.26,414.11,316.5,8,1123.86,98,0,238.58,1612.76,Salary,1304.51,Education,Positive,3.9,Medium,2452.22,0,862.46,78.53674803586583,10.305576224830837
2019-08-29,1283,6187.45,3532.57,0.23,2703.76,inflation,676.0,0.22,733.8,443.23,6,976.4,79,0,457.05,2462.77,Freelance,612.75,Utilities,Neutral,56.2,Low,2669.2,0,2654.8799999999997,57.092501757589964,11.859489773654735
2019-09-28,1567,2602.7,3433.38,0.38,2589.63,normal,654.0,0.19,306.94,289.13,1,1684.59,34,0,236.9,1778.1,Salary,1418.38,Insurance,Neutral,86.1,Medium,0.0,0,-830.6800000000003,131.91608714027743,11.793137895262612
2019-10-28,1634,3970.71,4518.68,0.15,2748.72,recession,676.0,0.44,640.58,273.26,6,1635.22,35,0,852.02,2311.11,Freelance,1355.55,Entertainment,Neutral,29.9,Low,0.0,0,-547.9700000000003,113.80030271664263,16.132631191902707
2019-11-27,1800,4896.1,3467.42,0.24,2018.65,inflation,757.0,0.36,542.81,487.6,2,838.45,70,0,687.49,1928.02,Salary,851.91,Utilities,Positive,65.4,High,1491.74,0,1428.6800000000003,70.82004044035048,11.086579113988684
2019-12-27,1108,2149.49,3125.7799999999997,0.06,3321.08,normal,662.0,0.58,537.2,577.28,5,442.88,93,0,337.93,1883.77,Salary,904.08,Utilities,Negative,84.9,High,0.0,0,-976.29,145.41961116357834,24.991974840543577
2020-01-26,1332,4425.12,4228.129999999999,0.25,3099.92,normal,656.0,0.15,379.77,221.77,3,1568.27,53,0,861.52,2568.6,Salary,798.01,Rent,Positive,7.9,Medium,2049.61,0,196.9900000000007,95.54836930975881,8.58214014535199
2020-02-25,1521,4516.16,3306.62,0.31,1824.49,inflation,685.0,0.23,297.37,155.75,7,1878.64,42,0,440.47,1503.34,Salary,1362.81,Investments,Neutral,33.7,Low,832.79,0,1209.54,73.21751222277332,6.584576277191243
2020-03-26,1749,4960.36,4372.469999999999,0.35,2418.21,recession,654.0,0.57,781.6,436.03,5,1351.29,25,0,289.44,3135.85,Mixed,947.18,Dining Out,Neutral,77.0,Low,1394.87,0,587.8900000000003,88.14823924070026,15.756920868646631
2020-04-25,1244,3579.28,3449.15,0.08,3138.08,normal,578.0,0.55,697.35,582.85,1,1135.29,49,0,461.58,2004.93,Salary,982.64,Rent,Positive,73.5,Low,14.33,0,130.1300000000001,96.36435260722827,19.482968641738
2020-05-25,1852,4195.32,3482.0600000000004,0.06,3192.45,normal,722.0,0.43,789.01,436.08,2,246.74,57,0,504.13,2207.11,Salary,770.82,Education,Negative,92.6,Medium,0.0,0,713.2599999999993,82.99867471372865,18.806908650591613
2020-06-24,1353,3861.33,3102.6,0.36,2977.54,recession,677.0,0.29,434.62,709.77,6,747.03,36,0,846.35,1453.05,Salary,803.2,Investments,Neutral,12.7,Medium,1545.49,0,758.73,80.35055278880593,11.255707230410247
2020-07-24,1370,4628.51,4127.530000000001,0.17,3734.83,inflation,661.0,0.22,447.31,585.0,6,246.27,49,0,910.56,2398.46,Mixed,818.51,Healthcare,Positive,61.5,Low,1921.24,0,500.97999999999956,89.17621437568462,9.664233198156643
2020-08-23,1849,4985.68,3947.39,0.35,2972.64,normal,779.0,0.22,476.72,712.01,3,866.14,60,0,550.23,2524.21,Salary,872.95,Education,Negative,55.3,Medium,1128.17,0,1038.2900000000004,79.1745559281783,9.561784952102823
2020-09-22,1770,4960.6,4530.16,0.3,3305.15,normal,702.0,0.1,648.79,1084.24,9,975.05,25,0,629.38,2203.43,Salary,1697.35,Investments,Neutral,7.7,Low,1594.99,0,430.4400000000005,91.32282385195339,13.078861428053056
2020-10-22,1971,3400.45,4400.82,0.29,3033.65,normal,767.0,0.51,374.47,0.0,2,941.59,39,0,798.83,2362.15,Salary,1239.84,Transportation,Neutral,1.7,Medium,648.87,0,-1000.3699999999999,129.41875340028525,11.01236601038098
2020-11-21,1439,4381.57,4539.95,0.11,3022.66,normal,628.0,0.52,354.83,456.38,5,914.8,39,0,953.03,1807.13,Salary,1779.79,Insurance,Positive,76.0,Low,1279.22,0,-158.3800000000001,103.61468606001958,8.098238759166234
2020-12-21,1045,3925.11,3362.62,0.37,2635.8,normal,612.0,0.1,331.05,243.98,1,1115.71,94,0,529.17,1566.64,Salary,1266.81,Utilities,Negative,99.0,High,891.82,0,562.4900000000002,85.66944620660311,8.434158533136651
2021-01-20,1196,2046.45,4282.1900000000005,0.4,3060.09,normal,663.0,0.28,362.11,730.73,8,315.68,87,0,452.14,2178.34,Salary,1651.71,Transportation,Positive,46.6,High,0.0,0,-2235.7400000000007,209.24967626866038,17.694544210706344
2021-02-19,1317,4301.87,3421.97,0.28,3167.77,normal,715.0,0.59,960.2,527.68,3,884.83,98,0,476.81,1884.19,Salary,1060.97,Rent,Positive,25.0,Low,1614.06,0,879.9000000000001,79.5461043685653,22.32052572485919
2021-03-21,1239,4030.27,3365.92,0.08,3068.57,normal,682.0,0.51,519.56,369.45,6,1814.19,82,0,647.95,1579.39,Salary,1138.58,Utilities,Positive,95.0,Low,0.0,0,664.3499999999999,83.51599272505317,12.89144399754855
2021-04-20,1183,4628.88,4459.33,0.21,2901.07,recession,684.0,0.55,721.14,455.05,2,1553.77,55,0,731.04,2352.05,Salary,1376.24,Education,Negative,99.0,High,680.85,0,169.55000000000018,96.33712690758888,15.57914657541349
2021-05-20,1542,4199.72,3247.0299999999997,0.38,2524.56,recession,637.0,0.3,781.35,401.6,3,1139.96,53,0,586.17,1683.32,Salary,977.54,Groceries,Negative,12.2,Medium,752.55,0,952.6900000000005,77.31539245473506,18.60481174935472
2021-06-19,1018,3727.2,3442.25,0.34,3024.36,normal,756.0,0.37,715.66,651.92,2,767.64,85,0,233.62,2389.16,Mixed,819.47,Healthcare,Negative,8.9,Low,860.69,0,284.9499999999998,92.35485082635759,19.20100880017171
2021-07-19,1680,4566.2,4361.49,0.17,1714.73,inflation,718.0,0.36,698.12,302.37,3,492.93,95,0,298.67,3050.94,Freelance,1011.88,Insurance,Neutral,58.1,High,1940.44,1,204.71000000000004,95.5168411370505,15.288861635495598
2021-08-18,1715,3905.58,3656.11,0.34,2970.4,recession,742.0,0.56,493.53,511.12,1,1729.69,98,0,775.94,1854.28,Salary,1025.89,Utilities,Negative,10.5,Low,261.33,0,249.4699999999998,93.61247241126799,12.63653541855499
2021-09-17,1191,4625.76,3811.31,0.17,2701.65,recession,727.0,0.3,128.14,0.0,8,900.37,34,0,639.96,1946.77,Salary,1224.58,Entertainment,Positive,50.7,Low,871.85,0,814.4500000000003,82.39316350178132,2.770139393310504
2021-10-17,1419,4153.75,4795.639999999999,0.37,2685.02,recession,680.0,0.31,577.34,482.11,4,1297.86,72,0,686.32,2952.92,Freelance,1156.4,Groceries,Positive,81.7,High,1207.57,0,-641.8899999999994,115.45326512187782,13.899247667770087
2021-11-16,1287,2929.28,2901.34,0.18,3302.54,recession,769.0,0.35,736.25,644.58,8,1136.83,81,0,629.97,1122.05,Salary,1149.32,Investments,Positive,92.6,Low,867.28,0,27.940000000000055,99.04618199694123,25.134162661131743
2021-12-16,1701,2378.14,3641.98,0.09,3004.2,normal,609.0,0.53,0.0,201.84,8,1887.34,86,0,446.63,1822.37,Salary,1372.98,Groceries,Neutral,63.8,High,0.0,0,-1263.8400000000001,153.14405375629693,0.0
2022-01-15,1528,2932.61,3619.63,0.16,2976.24,normal,714.0,0.18,463.01,0.0,3,534.47,60,0,261.2,2403.36,Salary,955.07,Education,Positive,11.7,Low,0.0,0,-687.02,123.4269132274663,15.788325075615237
2022-02-14,1271,4008.54,5322.160000000001,0.23,2528.4,recession,629.0,0.15,587.48,150.28,5,1254.63,62,0,730.14,2945.52,Salary,1646.5,Healthcare,Positive,6.2,Medium,1270.87,0,-1313.6200000000008,132.7705349079715,14.655710059023985
2022-03-16,1119,4018.94,3847.22,0.26,3067.24,normal,652.0,0.57,727.8,709.48,7,846.47,62,0,238.98,2600.49,Salary,1007.75,Groceries,Positive,41.6,Low,1889.45,0,171.72000000000025,95.72723155857017,18.10925268851986
2022-04-15,1322,4729.29,3018.7499999999995,0.33,2655.49,normal,636.0,0.38,115.85,665.94,8,996.27,76,0,286.52,2161.93,Salary,570.3,Investments,Positive,45.2,High,3327.78,1,1710.5400000000004,63.830934453163145,2.449627745390957
2022-05-15,1863,4371.96,3225.79,0.36,2535.29,normal,760.0,0.17,346.45,553.16,5,1123.53,59,0,391.69,1875.97,Salary,958.13,Entertainment,Neutral,49.2,Medium,1916.24,0,1146.17,73.78361192691607,7.924363443398384
2022-06-14,1510,4552.98,5177.9,0.1,2919.41,normal,657.0,0.41,560.19,379.79,2,427.6,20,0,964.29,2484.22,Mixed,1729.39,Transportation,Negative,26.4,High,1550.76,0,-624.9200000000001,113.72551603565138,12.30380981247447
2022-07-14,1199,4745.46,2654.0699999999997,0.2,2623.14,recession,682.0,0.42,654.38,863.13,3,296.47,76,0,152.45,1263.81,Salary,1237.81,Dining Out,Positive,37.4,Medium,2159.76,0,2091.3900000000003,55.928613875156465,13.789601008121446
2022-08-13,1260,4820.37,3621.9,0.07,2917.38,normal,724.0,0.48,340.47,221.39,8,1462.83,67,0,211.92,1714.96,Salary,1695.02,Dining Out,Negative,77.2,Low,2108.03,0,1198.4699999999998,75.1373857193535,7.063150753987765
2022-09-12,1005,5907.23,4162.19,0.31,2905.78,normal,688.0,0.15,558.97,398.13,5,1354.07,64,0,658.11,2295.59,Salary,1208.49,Investments,Negative,25.3,Low,3237.16,1,1745.04,70.45925078251565,9.462472258571278
2022-10-12,1145,5196.78,3646.5599999999995,0.05,2880.0,inflation,704.0,0.21,634.59,433.45,4,1068.71,63,0,799.53,2485.54,Salary,361.49,Dining Out,Positive,32.2,Low,1421.5,0,1550.2200000000003,70.16960502464987,12.211215406463234
2022-11-11,1391,3008.33,4477.93,0.16,2970.39,recession,662.0,0.52,331.77,393.5,4,573.03,27,0,528.58,2332.52,Salary,1616.83,Healthcare,Negative,78.2,Low,300.74,0,-1469.6000000000004,148.85102365764396,11.028377870778803
2022-12-11,1829,4589.2,4606.120000000001,0.36,2019.69,inflation,682.0,0.46,245.8,285.51,2,921.04,58,0,666.19,2528.63,Freelance,1411.3,Insurance,Neutral,60.2,Low,2448.44,1,-16.920000000000982,100.36869171097361,5.356053342630524
2023-01-10,1578,4151.52,2435.56,0.22,2889.56,inflation,623.0,0.55,589.79,442.22,4,754.9,21,0,124.82,1781.24,Salary,529.5,Education,Positive,23.2,Medium,1034.92,0,1715.9600000000005,58.66670520676763,14.206603846302073
2023-02-09,1026,4517.63,2820.74,0.2,2979.15,recession,648.0,0.59,752.08,592.76,7,88.41,95,0,680.79,1599.26,Salary,540.69,Transportation,Positive,30.3,Low,1823.13,0,1696.8900000000003,62.43849097867687,16.647667028951023
2023-03-11,1329,3282.64,4549.67,0.15,3883.44,normal,737.0,0.6,307.81,300.92,5,719.85,25,0,523.37,2411.47,Salary,1614.83,Entertainment,Positive,84.7,Medium,0.0,0,-1267.0300000000002,138.59789681475888,9.37690395535301
2023-04-10,1961,5793.84,1816.0900000000001,0.37,2895.1,recession,634.0,0.31,89.89,588.66,8,773.82,40,0,516.09,1000.0,Mixed,300.0,Transportation,Positive,44.7,High,2784.4,0,3977.75,31.34518730237632,1.551475360037557
2023-05-10,1798,916.04,2401.25,0.26,2511.34,normal,680.0,0.18,409.43,882.13,7,1389.3,48,0,543.92,1000.0,Salary,857.33,Dining Out,Neutral,37.7,Medium,0.0,0,-1485.21,262.1337496179206,44.69564647831973
2023-06-09,1822,3196.81,3603.0699999999997,0.24,2671.3,normal,576.0,0.39,425.05,341.02,7,2046.22,40,0,828.51,1608.31,Salary,1166.25,Groceries,Neutral,12.3,Medium,448.45,0,-406.25999999999976,112.70829358016272,13.296067016807381
2023-07-09,1623,3884.77,4775.74,0.34,3562.9,recession,640.0,0.22,762.35,545.5,5,660.4,34,0,494.58,2567.83,Salary,1713.33,Healthcare,Positive,16.6,Low,193.75,0,-890.9699999999998,122.93494852977138,19.62407040828672
2023-08-08,1615,6303.25,3301.2,0.39,3291.62,recession,690.0,0.34,627.34,371.63,1,74.49,48,0,462.13,1725.06,Freelance,1114.01,Transportation,Neutral,10.2,Medium,3936.23,1,3002.05,52.37298219172649,9.952643477571096
2023-09-07,1161,6580.84,3207.0499999999997,0.12,2997.07,recession,657.0,0.47,232.56,50.39,3,1815.1,93,0,473.14,1752.62,Salary,981.29,Investments,Positive,4.7,Low,3866.08,1,3373.7900000000004,48.7331404501553,3.533895368980252
2023-10-07,1358,2303.02,4791.400000000001,0.3,2229.49,normal,663.0,0.44,455.64,573.45,8,1127.97,64,0,708.84,2370.78,Salary,1711.78,Healthcare,Positive,99.0,Medium,0.0,0,-2488.3800000000006,208.04856232251566,19.784456930465215
2023-11-06,1676,3441.61,4510.88,0.18,2686.9,inflation,720.0,0.37,362.76,726.65,9,1653.31,46,0,538.13,2155.96,Mixed,1816.79,Dining Out,Positive,71.0,Medium,0.0,0,-1069.27,131.06888926984755,10.540415677546264
2019-01-01,1180,2739.6,2999.4,0.2,2381.32,inflation,699.0,0.12,202.75,132.88,9,143.83,39,0,187.94,1717.87,Salary,1093.59,Dining Out,Positive,15.4,Low,0.0,0,-259.8000000000002,109.48313622426633,7.400715432909914
2019-01-31,1384,3548.86,4172.0,0.15,2753.81,recession,641.0,0.46,481.66,418.19,2,919.14,36,0,538.73,1818.82,Freelance,1814.45,Entertainment,Positive,81.7,Medium,1467.6,0,-623.1399999999999,117.55887806225098,13.572245735250194
2019-03-02,1585,4373.16,3834.61,0.09,3177.66,inflation,652.0,0.32,541.47,433.3,3,568.34,97,0,722.9,2246.69,Salary,865.02,Rent,Positive,30.9,Low,2263.15,0,538.5499999999997,87.68510642190087,12.381664517191231
2019-04-01,1637,2884.4,3792.5600000000004,0.33,3144.62,inflation,707.0,0.14,292.64,654.29,5,623.76,30,0,544.29,2324.03,Freelance,924.24,Healthcare,Neutral,33.0,Low,14.32,0,-908.1600000000003,131.48523089724034,10.145610872278462
2019-05-01,1844,4925.07,2812.8199999999997,0.28,2264.48,normal,684.0,0.37,626.16,710.26,3,974.63,42,0,0.0,1730.6,Salary,1082.22,Insurance,Positive,76.6,Low,2008.58,0,2112.25,57.11228469849159,12.713727926709673
2019-05-31,1038,3555.98,5032.41,0.17,3398.87,recession,716.0,0.27,466.59,400.1,8,339.46,62,0,717.65,2967.72,Freelance,1347.04,Groceries,Negative,10.0,Medium,1062.07,0,-1476.4299999999998,141.51963734329215,13.121277397510672
2019-06-30,1776,2902.45,3914.1499999999996,0.26,2883.64,normal,651.0,0.36,211.78,628.9,3,1027.48,75,0,637.51,1964.1,Salary,1312.54,Transportation,Positive,74.5,Low,0.0,0,-1011.6999999999998,134.85675894502918,7.296594256576341
2019-07-30,1236,4524.43,3943.8799999999997,0.16,3306.8,inflation,714.0,0.46,705.24,601.38,2,1114.45,67,0,506.18,1860.51,Salary,1577.19,Healthcare,Negative,22.1,Low,816.1,0,580.5500000000006,87.16854940843376,15.587377857542275
2019-08-29,1398,3624.63,3544.5499999999997,0.29,2958.93,normal,712.0,0.6,811.57,457.97,3,1289.36,95,0,695.06,1551.12,Salary,1298.37,Groceries,Positive,35.3,Medium,1008.96,0,80.08000000000038,97.79067104780349,22.390423298378042
2019-09-28,1432,4636.99,5372.1900000000005,0.31,1541.2,recession,691.0,0.41,689.38,360.27,5,789.39,28,0,843.52,3159.83,Mixed,1368.84,Insurance,Positive,34.8,Low,2362.34,1,-735.2000000000007,115.85511290729549,14.86697189340499
2019-10-28,1652,3828.64,1747.5099999999998,0.2,2631.87,normal,690.0,0.49,369.24,172.91,4,1175.35,23,0,385.35,1024.55,Salary,337.61,Transportation,Negative,73.8,Medium,1222.17,0,2081.13,45.643100422081986,9.644155627063396
2019-11-27,1834,4317.9,4125.51,0.25,2380.06,normal,608.0,0.34,357.29,437.23,8,1119.27,55,0,638.48,1678.86,Salary,1808.17,Groceries,Positive,88.8,Low,288.81,0,192.38999999999942,95.54436184256238,8.274624238634523
2019-12-27,1994,3518.17,3982.6400000000003,0.33,2453.71,inflation,697.0,0.13,347.13,156.48,2,583.75,64,0,587.21,2684.17,Mixed,711.26,Healthcare,Negative,46.3,Low,712.57,0,-464.47000000000025,113.20203401200058,9.866777330259765
2020-01-26,1314,4083.62,3525.1299999999997,0.09,2979.78,normal,636.0,0.42,300.91,196.15,9,1743.24,37,0,413.06,2072.72,Salary,1039.35,Investments,Positive,59.0,Medium,729.06,0,558.4900000000002,86.32365401286113,7.368707176475775
2020-02-25,1950,4455.53,4253.54,0.32,2815.92,normal,720.0,0.54,402.27,371.17,9,1435.17,48,0,674.34,2461.61,Salary,1117.59,Rent,Positive,45.3,Medium,1147.36,0,201.98999999999978,95.46653260105981,9.028555525380819
2020-03-26,1982,3787.96,2299.54,0.19,3098.12,normal,627.0,0.41,712.19,483.07,2,1110.87,52,0,443.07,1233.79,Salary,622.68,Healthcare,Positive,87.8,Low,2236.13,0,1488.42,60.70655445147256,18.801412897707475
2020-04-25,1891,3379.5,4447.780000000001,0.12,2734.71,recession,616.0,0.58,215.77,402.27,4,669.03,80,0,552.46,2799.78,Salary,1095.54,Education,Neutral,13.1,Medium,0.0,0,-1068.2800000000007,131.61059328303006,6.384672288800118
2020-05-25,1484,4088.09,4636.66,0.34,2010.8,inflation,710.0,0.34,611.34,735.94,1,1614.93,75,0,551.29,2624.18,Salary,1461.19,Transportation,Positive,46.1,Low,467.39,0,-548.5699999999997,113.41873588888699,14.954171752578832
2020-06-24,1415,6821.53,3824.29,0.27,2737.23,normal,653.0,0.56,237.46,147.67,8,218.72,22,0,470.28,2322.59,Salary,1031.42,Insurance,Positive,25.1,Low,3315.66,1,2997.24,56.06205645947464,3.48103724531007
2020-07-24,1580,5869.52,3860.59,0.33,2996.28,normal,763.0,0.12,604.4,154.42,6,910.57,38,0,435.45,2560.03,Freelance,865.11,Investments,Negative,45.2,Medium,2211.96,0,2008.9300000000003,65.7735215145361,10.297264512259945
2020-08-23,1392,2646.33,4610.84,0.07,3068.22,normal,757.0,0.26,537.53,395.3,4,789.02,34,0,624.87,2621.33,Salary,1364.64,Insurance,Positive,68.7,Medium,0.0,0,-1964.5100000000002,174.2352616642671,20.312281537072096
2020-09-22,1031,2979.88,3364.94,0.07,3101.58,normal,700.0,0.6,295.74,610.97,7,1241.42,78,0,509.17,1723.53,Freelance,1132.24,Transportation,Negative,73.5,High,0.0,0,-385.05999999999995,112.92199685893391,9.924560720565928
2020-10-22,1219,3914.16,4103.15,0.28,2840.27,recession,648.0,0.37,477.05,407.84,5,1458.76,75,0,486.96,2272.18,Salary,1344.01,Investments,Positive,80.3,Low,1754.19,0,-188.98999999999978,104.82836675046497,12.187800192122959
2020-11-21,1778,2476.92,3089.63,0.08,2292.18,inflation,598.0,0.21,587.83,495.08,8,199.86,86,0,158.12,1593.15,Salary,1338.36,Education,Positive,88.4,Medium,607.25,0,-612.71,124.73676985934144,23.732296561859084
2020-12-21,1697,4036.28,2986.06,0.35,2663.89,inflation,781.0,0.11,819.33,161.19,9,1349.24,55,0,636.08,1301.27,Salary,1048.71,Transportation,Negative,43.9,High,206.46,0,1050.2200000000003,73.98049689317887,20.29913682896132
2021-01-20,1271,4712.15,4677.74,0.14,2981.73,normal,679.0,0.14,192.61,767.44,7,1899.8,27,0,665.8,2817.97,Salary,1193.97,Insurance,Neutral,42.4,Medium,1314.61,0,34.409999999999854,99.26976008828242,4.087518436382544
2021-02-19,1207,3789.06,5300.85,0.34,3195.33,normal,661.0,0.52,833.95,600.14,4,1455.27,57,0,577.05,2842.82,Salary,1880.98,Education,Neutral,50.2,Medium,1217.82,0,-1511.7900000000004,139.89881395385663,22.00941658353259
2021-03-21,1624,3647.49,3245.41,0.27,1786.74,normal,660.0,0.18,316.56,1069.32,6,1287.53,54,0,648.47,1165.72,Salary,1431.22,Entertainment,Negative,30.1,Medium,328.71,0,402.0799999999999,88.97652906519278,8.678844904304055
2021-04-20,1563,5012.67,2902.9300000000003,0.05,3351.43,normal,626.0,0.4,408.36,284.12,1,1458.97,98,0,605.61,1511.97,Salary,785.35,Investments,Positive,6.1,Low,2878.95,0,2109.74,57.91185136863189,8.146556625510955
2021-05-20,1543,2824.81,5038.16,0.11,2458.07,normal,636.0,0.46,610.99,212.63,7,260.04,38,0,758.35,2567.74,Mixed,1712.07,Utilities,Neutral,79.8,Low,0.0,0,-2213.35,178.35394238904564,21.62941932377753
2021-06-19,1158,3652.62,2854.47,0.26,2534.24,normal,637.0,0.56,125.84,0.0,1,647.0,75,0,343.91,2069.21,Salary,441.35,Rent,Positive,1.3,Low,295.4,0,798.1500000000001,78.14856185423066,3.4451982412624362
2021-07-19,1032,2831.05,3463.78,0.19,2877.03,normal,734.0,0.51,718.85,559.11,8,1629.45,49,1,71.27,2196.12,Salary,1196.39,Groceries,Neutral,52.8,High,1197.11,0,-632.73,122.3496582540047,25.391639144487026
2021-08-18,1129,3913.95,3797.48,0.15,2955.47,inflation,691.0,0.5,624.62,399.92,6,1176.73,30,0,498.77,1838.49,Freelance,1460.22,Dining Out,Positive,4.1,Medium,37.73,0,116.4699999999998,97.02423383027377,15.958813985871052
2021-09-17,1124,5046.77,4613.599999999999,0.23,2336.68,normal,664.0,0.16,572.28,62.53,7,1500.59,94,0,253.73,2968.49,Mixed,1391.38,Utilities,Negative,67.7,Low,1537.08,0,433.170000000001,91.41688644420093,11.339530036042854
2021-10-17,1760,3273.03,4084.87,0.19,2089.53,normal,752.0,0.6,369.34,595.49,3,374.93,99,0,465.91,2604.53,Freelance,1014.43,Entertainment,Negative,14.5,Low,0.0,0,-811.8399999999997,124.80392785889526,11.284345086968344
2021-11-16,1260,3322.09,3893.1099999999997,0.11,2501.65,inflation,700.0,0.4,583.16,628.83,6,1535.07,48,0,996.56,2094.45,Salary,802.1,Groceries,Positive,94.5,Low,0.0,0,-571.0199999999995,117.18857707045865,17.554009674632535
2021-12-16,1487,3873.44,5082.65,0.11,2152.96,normal,719.0,0.57,231.57,321.14,2,466.03,29,0,476.19,3566.47,Salary,1039.99,Education,Positive,91.0,Medium,1420.64,0,-1209.2099999999996,131.217987112231,5.978406790862902
2022-01-15,1378,4283.67,4250.8099999999995,0.35,2988.46,normal,575.0,0.12,590.8,634.71,9,1505.59,33,0,782.71,2718.95,Salary,749.15,Utilities,Neutral,59.3,High,1866.21,0,32.86000000000058,99.23290076032933,13.791912075393295
2022-02-14,1119,4741.24,4837.719999999999,0.26,2820.0,inflation,769.0,0.56,569.44,461.04,4,856.31,52,0,690.65,2450.71,Salary,1696.36,Transportation,Positive,35.6,Low,2490.43,0,-96.47999999999956,102.03491069846706,12.010360158945762
2022-03-16,1804,3561.44,4504.68,0.09,3305.09,recession,765.0,0.37,541.53,102.87,4,849.78,69,0,731.04,2901.39,Salary,872.25,Entertainment,Positive,81.4,High,0.0,0,-943.2400000000002,126.48479266813423,15.205366368659867
2022-04-15,1243,3093.65,3776.8300000000004,0.05,2794.67,normal,684.0,0.47,639.45,760.27,9,1773.26,59,0,426.02,1599.92,Freelance,1750.89,Healthcare,Negative,38.5,Low,765.7,0,-683.1800000000003,122.08329966221132,20.66975902251386
2022-05-15,1050,1681.0,3334.23,0.05,2806.41,normal,674.0,0.59,952.51,290.41,6,1079.44,73,0,517.04,1246.95,Salary,1570.24,Dining Out,Positive,12.9,Low,0.0,0,-1653.23,198.34800713860795,56.663295657346815
2022-06-14,1333,4274.61,4356.74,0.31,2826.03,normal,757.0,0.51,535.78,545.12,1,1198.51,47,0,304.68,2570.49,Salary,1481.57,Entertainment,Positive,84.7,Medium,2365.58,0,-82.13000000000011,101.92134487122802,12.534008950524141
2022-07-14,1122,3443.99,3239.83,0.17,2361.89,recession,704.0,0.54,694.32,544.92,2,1039.25,33,0,205.16,2248.27,Salary,786.4,Entertainment,Negative,14.2,Low,1843.63,0,204.15999999999985,94.07199207895493,20.160337283209305
2022-08-13,1223,2990.7,3059.2799999999997,0.19,2513.36,inflation,651.0,0.22,617.52,816.62,3,1103.98,93,0,673.85,1965.37,Mixed,420.06,Transportation,Negative,24.0,Medium,1225.54,0,-68.57999999999993,102.293108636774,20.64800882736483
2022-09-12,1568,3688.35,3612.5,0.24,2616.2,recession,643.0,0.27,386.02,513.43,4,1373.92,25,0,612.91,2005.82,Salary,993.77,Entertainment,Positive,42.3,High,158.08,0,75.84999999999991,97.94352488239998,10.465926498298698
2022-10-12,1683,4431.8,4716.42,0.25,2584.6,normal,607.0,0.49,908.21,1089.91,9,831.46,55,0,774.05,2509.19,Salary,1433.18,Utilities,Positive,7.5,Low,1615.43,0,-284.6199999999999,106.4222212193691,20.493027663703238
2022-11-11,1875,2482.74,5305.26,0.08,2043.34,normal,656.0,0.21,642.08,354.87,4,779.65,24,0,472.08,3925.17,Mixed,908.01,Dining Out,Positive,39.0,Medium,0.0,0,-2822.5200000000004,213.6856859759782,25.86174951867695
2022-12-11,1867,3893.7,2839.55,0.36,2105.37,inflation,720.0,0.52,548.56,270.79,1,617.51,36,0,666.82,1463.57,Salary,709.16,Groceries,Positive,28.1,Medium,0.0,0,1054.1499999999996,72.92677915607264,14.088399208978606
2023-01-10,1932,4633.53,2914.3100000000004,0.19,3413.65,inflation,609.0,0.41,367.22,358.86,5,468.73,63,0,477.22,1365.3,Salary,1071.79,Groceries,Positive,86.7,Low,2340.27,0,1719.2199999999993,62.89610728753241,7.925275114221772
2023-02-09,1192,4343.46,5000.950000000001,0.28,2243.33,normal,699.0,0.55,641.11,850.99,3,344.29,70,0,749.1,2624.58,Salary,1627.27,Investments,Negative,96.6,Medium,840.3,0,-657.4900000000007,115.13747104842685,14.760352345825678
2023-03-11,1776,3214.42,3512.5699999999997,0.11,2470.65,inflation,748.0,0.45,577.77,161.17,3,1091.36,35,1,525.25,2113.39,Freelance,873.93,Insurance,Negative,84.8,Low,0.0,0,-298.14999999999964,109.27539027258415,17.974315739697985
2023-04-10,1259,2872.44,5220.990000000001,0.35,2222.63,normal,680.0,0.49,441.3,174.67,8,67.14,35,0,515.89,2539.84,Salary,2165.26,Investments,Positive,47.5,High,599.77,0,-2348.5500000000006,181.7614989347036,15.363245185278021
2023-05-10,1777,2989.19,3120.05,0.21,2774.66,inflation,711.0,0.45,375.28,705.64,8,399.25,22,0,329.38,1990.34,Salary,800.33,Education,Negative,54.5,Low,0.0,0,-130.86000000000013,104.3777745810738,12.554571639808776
2023-06-09,1390,2402.24,5001.53,0.36,2014.06,recession,639.0,0.25,509.11,726.06,2,1072.47,84,0,321.86,3007.72,Mixed,1671.95,Education,Negative,21.1,Medium,0.0,0,-2599.29,208.20276075662716,21.193136406021047
2023-07-09,1502,3919.48,3257.1400000000003,0.38,3114.94,normal,636.0,0.49,505.75,751.48,4,776.84,53,0,569.05,1844.03,Salary,844.06,Insurance,Neutral,98.9,Low,0.0,0,662.3399999999997,83.10132976823456,12.903497402716688
2023-08-08,1036,4850.12,3615.1800000000003,0.14,3573.38,normal,703.0,0.32,512.53,627.08,1,1163.01,24,0,368.38,2357.52,Salary,889.28,Healthcare,Positive,95.4,Medium,3097.98,0,1234.9399999999996,74.53794957650534,10.567367405342548
2023-09-07,1743,3969.26,3449.78,0.06,2352.22,normal,734.0,0.27,429.39,718.78,7,1281.54,55,0,906.02,1636.05,Salary,907.71,Entertainment,Negative,15.8,Low,1408.09,0,519.48,86.912421962784,10.817885449680796
2023-10-07,1800,3390.22,4302.29,0.18,2988.99,inflation,717.0,0.56,629.2,574.92,6,965.47,77,0,781.08,2756.08,Salary,765.13,Rent,Negative,95.5,High,148.8,0,-912.0700000000002,126.90297384830484,18.559267540159638
2023-11-06,1037,4140.54,4284.580000000001,0.38,2878.09,normal,695.0,0.48,580.84,512.94,8,184.94,74,0,302.81,2611.32,Salary,1370.45,Investments,Positive,26.0,High,1881.3,0,-144.04000000000087,103.47877330010098,14.028121935786153
2019-01-01,1165,4134.92,2998.07,0.19,3462.74,normal,647.0,0.59,308.83,0.0,1,2210.68,67,0,194.65,1858.83,Salary,944.59,Transportation,Negative,42.9,High,1171.41,0,1136.85,72.50611861898176,7.4688264827372715
2019-01-31,1391,3991.48,3725.2700000000004,0.27,2994.05,normal,705.0,0.44,780.34,572.82,7,1736.92,40,0,452.17,2284.59,Freelance,988.51,Healthcare,Neutral,64.7,Medium,1118.0,0,266.2099999999996,93.33054405884536,19.550141802038343
2019-03-02,1867,4700.05,4075.7400000000002,0.05,2651.93,recession,671.0,0.41,513.77,251.49,9,694.98,97,0,426.9,2637.38,Salary,1011.46,Healthcare,Positive,52.7,Low,2168.1,0,624.31,86.71694981968278,10.931160306805246
2019-04-01,1639,4370.54,3544.09,0.06,2581.08,recession,736.0,0.34,499.46,373.86,2,998.29,84,0,245.49,1210.14,Freelance,2088.46,Dining Out,Negative,11.6,Low,427.03,0,826.4499999999998,81.09043733726267,11.427878477259103
2019-05-01,1502,3195.59,4112.7300000000005,0.26,2720.14,normal,621.0,0.45,767.7,337.21,3,769.77,40,0,666.17,2209.88,Salary,1236.68,Investments,Positive,62.7,Low,590.42,0,-917.1400000000003,128.7001774320235,24.023732706636334
2019-05-31,1113,3193.45,4157.91,0.38,3179.79,normal,725.0,0.52,288.28,1016.47,7,1254.46,95,0,126.32,2727.35,Salary,1304.24,Healthcare,Positive,73.4,High,634.17,0,-964.46,130.20119306705914,9.027227606507068
2019-06-30,1953,4276.42,3606.5099999999998,0.1,2535.15,normal,706.0,0.36,295.44,663.43,4,2356.07,93,0,584.31,1798.22,Salary,1223.98,Rent,Negative,48.7,Medium,251.93,0,669.9100000000003,84.33479405671098,6.908582412391673
2019-07-30,1311,3261.08,3653.59,0.05,2587.59,inflation,727.0,0.28,633.75,590.98,1,563.4,58,0,301.42,2158.86,Freelance,1193.31,Utilities,Positive,45.3,Low,325.68,0,-392.5100000000002,112.03619659744626,19.433745875599495
2019-08-29,1856,4344.02,3177.46,0.33,2189.92,normal,710.0,0.16,809.89,583.72,8,281.72,61,0,0.0,1734.17,Salary,1443.29,Groceries,Positive,67.8,Low,1546.66,0,1166.5600000000004,73.14561166845456,18.643790774443946
2019-09-28,1702,2981.02,4384.2300000000005,0.25,2942.05,recession,722.0,0.37,790.68,813.49,9,2026.73,49,0,267.46,2625.12,Salary,1491.65,Investments,Neutral,13.7,High,1186.49,0,-1403.2100000000005,147.07147218066302,26.52380728743853
2019-10-28,1132,6056.93,2955.8199999999997,0.28,2610.68,normal,705.0,0.26,536.89,156.68,7,1040.05,66,0,569.5,1000.0,Mixed,1386.32,Healthcare,Positive,62.3,Medium,2727.2,1,3101.1100000000006,48.80063002213993,8.864061496500703
2019-11-27,1536,2565.16,2489.93,0.35,2632.0,recession,700.0,0.22,749.45,272.21,7,1972.24,51,0,480.12,1432.31,Salary,577.5,Dining Out,Negative,3.1,High,0.0,0,75.23000000000002,97.06723947044239,29.2165011149402
2019-12-27,1656,4371.67,3728.62,0.18,3120.73,normal,682.0,0.44,627.15,463.85,5,708.55,88,0,748.92,1718.06,Mixed,1261.64,Rent,Positive,43.2,Low,1144.8,0,643.0500000000002,85.29051826876227,14.345776328039397
2020-01-26,1587,5040.93,3647.52,0.21,3111.74,recession,708.0,0.43,760.56,300.43,9,789.99,21,0,516.09,2329.35,Salary,802.08,Utilities,Neutral,56.5,Medium,1690.67,0,1393.4100000000003,72.35807678345067,15.087692152043372
2020-02-25,1029,2498.07,3975.33,0.2,2581.18,inflation,681.0,0.29,403.3,200.59,2,275.75,79,0,481.99,1671.09,Mixed,1822.25,Rent,Negative,99.3,Medium,0.0,0,-1477.2599999999998,159.13605303294142,16.14446352584195
2020-03-26,1924,3314.49,4045.66,0.12,2834.98,inflation,668.0,0.12,906.75,1006.41,4,930.4,91,0,578.38,2802.85,Salary,664.43,Dining Out,Negative,90.7,Low,697.75,0,-731.1700000000001,122.0598040724214,27.35714996877348
2020-04-25,1066,3804.27,3744.6700000000005,0.09,3017.68,recession,638.0,0.32,772.03,189.5,2,311.97,22,0,241.23,2253.05,Salary,1250.39,Utilities,Positive,22.8,Low,884.01,0,59.599999999999454,98.43333937917131,20.29377515265741
2020-05-25,1605,3942.37,4302.2,0.32,3336.25,normal,718.0,0.53,690.54,275.01,7,818.54,86,0,562.32,2412.97,Salary,1326.91,Healthcare,Positive,53.4,High,0.0,0,-359.8299999999999,109.12725086686434,17.515859749338595
2020-06-24,1528,3509.23,4364.889999999999,0.18,2721.05,normal,674.0,0.32,187.8,323.03,5,2370.01,82,0,456.32,2232.27,Freelance,1676.3,Entertainment,Positive,43.4,Medium,1532.7,0,-855.6599999999994,124.38312678279848,5.35160134844396
2020-07-24,1252,5186.4,4965.0599999999995,0.34,2842.88,recession,633.0,0.3,858.02,844.41,5,1407.53,65,0,793.91,2515.57,Salary,1655.58,Utilities,Positive,78.1,High,1872.93,0,221.34000000000015,95.73229986117538,16.543652629955268
2020-08-23,1306,2162.05,4907.320000000001,0.3,3477.9,recession,626.0,0.4,501.73,641.28,2,171.64,67,0,700.72,2861.31,Salary,1345.29,Dining Out,Positive,63.2,High,0.0,0,-2745.2700000000004,226.97532434495042,23.206216322471725
2020-09-22,1251,3451.67,4500.76,0.34,2485.6,recession,681.0,0.22,621.69,144.44,7,1385.46,24,0,128.07,2657.69,Salary,1715.0,Entertainment,Neutral,12.6,High,1369.81,0,-1049.0900000000001,130.39369348750026,18.01128149562386
2020-10-22,1718,3212.02,4446.15,0.35,2961.51,inflation,663.0,0.5,497.59,122.72,1,864.64,99,0,748.54,2301.04,Salary,1396.57,Insurance,Positive,47.3,Low,0.0,0,-1234.1299999999997,138.42223896488812,15.491497562281678
2020-11-21,1945,4015.48,5667.04,0.09,3023.05,normal,580.0,0.48,725.06,146.85,2,130.62,86,0,0.0,3905.56,Salary,1761.48,Utilities,Positive,55.6,Low,1710.76,0,-1651.56,141.1298275673145,18.056620877205216
2020-12-21,1278,3666.66,4298.46,0.19,2365.41,recession,669.0,0.57,181.24,0.0,5,1330.03,58,0,874.35,1910.88,Salary,1513.23,Groceries,Neutral,62.6,Low,0.0,0,-631.8000000000002,117.23094041989168,4.94291807803287
2021-01-20,1482,3989.76,4235.200000000001,0.21,3067.23,inflation,698.0,0.35,454.33,445.73,4,1391.66,46,0,525.44,2510.82,Salary,1198.94,Rent,Positive,6.7,Medium,3086.48,1,-245.4400000000005,106.15174847609883,11.387401748476098
2021-02-19,1874,1533.84,5210.96,0.23,3438.26,normal,667.0,0.23,565.34,503.81,2,924.7,68,0,763.53,2636.74,Freelance,1810.69,Insurance,Positive,47.6,Low,0.0,0,-3677.12,339.732957805247,36.857820893965474
2021-03-21,1115,5395.68,2654.88,0.1,2801.69,normal,673.0,0.18,584.69,668.13,5,1187.26,51,0,519.8,1835.08,Freelance,300.0,Transportation,Positive,56.8,Medium,1739.08,0,2740.8,49.20380749043679,10.836261601874092
2021-04-20,1713,5064.66,4001.2299999999996,0.33,2879.74,normal,666.0,0.19,588.41,41.33,6,888.0,88,0,681.37,2533.74,Salary,786.12,Utilities,Neutral,46.7,Low,2429.76,0,1063.4300000000003,79.00293405677775,11.617956585437126
2021-05-20,1540,2556.47,3648.55,0.13,3929.76,recession,636.0,0.31,708.7,419.84,6,1187.26,59,0,821.83,1948.5,Salary,878.22,Rent,Neutral,85.4,Low,0.0,0,-1092.0800000000004,142.71827950259538,27.721819540225397
2021-06-19,1382,1949.72,3492.5699999999997,0.16,3199.38,normal,571.0,0.48,902.18,280.87,8,1081.59,35,0,627.5,1474.79,Salary,1390.28,Groceries,Positive,12.2,High,0.0,0,-1542.8499999999997,179.13187534620354,46.27228525121556
2021-07-19,1586,3633.4,3751.51,0.14,2713.93,normal,668.0,0.29,261.2,345.66,2,1592.85,27,0,379.58,2490.03,Freelance,881.9,Investments,Positive,39.9,Medium,660.35,0,-118.11000000000013,103.25067429955415,7.188858920019816
2021-08-18,1719,5471.78,4767.92,0.11,2378.91,inflation,696.0,0.55,519.78,364.23,7,1004.42,68,0,542.82,1802.09,Salary,2423.01,Education,Positive,81.7,Medium,3973.06,1,703.8599999999997,87.136544232407,9.499285424487097
2021-09-17,1588,4551.86,3096.95,0.22,2186.93,normal,711.0,0.11,511.6,555.36,9,1723.44,58,0,319.13,1874.79,Salary,903.03,Education,Positive,39.2,Medium,2206.81,1,1454.9099999999999,68.03702222827592,11.239361491785777
2021-10-17,1279,3550.85,4147.22,0.32,2261.81,normal,716.0,0.39,593.65,11.25,4,384.88,35,0,669.37,2166.84,Freelance,1311.01,Insurance,Negative,21.9,High,942.86,0,-596.3700000000003,116.79513355957025,16.71853218243519
2021-11-16,1424,3406.61,4353.92,0.22,2730.24,recession,722.0,0.38,413.46,718.11,3,771.6,91,0,630.54,2218.15,Salary,1505.23,Healthcare,Positive,79.4,Low,1527.73,0,-947.31,127.80799680620912,12.136992494004302
2021-12-16,1853,3462.58,4398.4,0.12,3034.22,inflation,699.0,0.42,652.12,303.09,6,591.44,37,0,609.52,2748.45,Mixed,1040.43,Groceries,Positive,89.0,Medium,445.17,0,-935.8199999999997,127.02666797590237,18.833355474819356
2022-01-15,1199,3659.97,2458.4399999999996,0.25,3232.5,normal,630.0,0.1,445.12,306.85,1,1109.42,41,0,347.53,1755.42,Salary,355.49,Rent,Positive,41.7,Medium,858.7,0,1201.5300000000002,67.17104238559331,12.161848321161104
2022-02-14,1959,3842.98,4313.4,0.29,3413.11,normal,665.0,0.26,433.77,336.52,6,1188.44,69,0,696.81,2758.48,Salary,858.11,Entertainment,Negative,4.4,Medium,520.33,0,-470.4199999999996,112.24102129076914,11.287334308271186
2022-03-16,1279,3223.75,2943.12,0.33,2570.46,inflation,655.0,0.11,167.0,567.37,5,606.59,72,0,187.17,1554.8,Mixed,1201.15,Rent,Negative,59.9,Low,1528.85,0,280.6300000000001,91.29492051182628,5.18030244280729
2022-04-15,1168,4300.2,4007.0699999999997,0.33,2273.71,recession,664.0,0.29,352.09,233.49,9,1411.0,70,0,626.16,2154.8,Salary,1226.11,Dining Out,Positive,47.2,Low,1243.13,0,293.1300000000001,93.18334030975302,8.187758708897261
2022-05-15,1176,4366.82,3541.6600000000003,0.2,3144.45,inflation,676.0,0.59,395.75,666.84,1,966.18,28,0,281.61,1740.07,Salary,1519.98,Education,Negative,88.4,High,2528.58,0,825.1599999999994,81.10386963511206,9.062658868467215
2022-06-14,1949,3735.8,3506.04,0.32,3734.75,normal,690.0,0.29,539.82,114.74,5,1161.18,61,0,157.04,2274.34,Freelance,1074.66,Rent,Positive,69.2,Low,0.0,0,229.76000000000022,93.84977782536538,14.449917019112373
2022-07-14,1171,3072.24,4044.26,0.36,2300.1,normal,640.0,0.31,330.12,499.46,2,1015.73,93,0,624.75,2535.46,Salary,884.05,Investments,Positive,49.2,Low,0.0,0,-972.0200000000004,131.63880426008387,10.745254277009609
2022-08-13,1714,3742.93,3171.7200000000003,0.26,3179.15,inflation,643.0,0.52,318.37,38.54,5,1347.49,70,1,893.09,1517.47,Freelance,761.16,Entertainment,Positive,84.8,Low,1229.56,0,571.2099999999996,84.73896118816009,8.505903129366567
2022-09-12,1654,2418.64,4469.92,0.32,2679.51,recession,614.0,0.1,424.5,444.16,7,653.59,58,0,432.82,3255.69,Freelance,781.41,Groceries,Negative,48.0,Low,160.02,0,-2051.28,184.81129891178514,17.551185790361526
2022-10-12,1082,3989.81,3745.4600000000005,0.35,3080.67,normal,741.0,0.27,586.66,170.9,5,0.0,47,0,271.4,2072.3,Salary,1401.76,Transportation,Positive,37.3,Low,1589.6,0,244.34999999999945,93.87564821382473,14.703958333855496
2022-11-11,1997,4196.79,3709.0599999999995,0.27,2891.74,recession,729.0,0.58,49.07,588.88,6,939.47,78,0,490.08,1398.86,Salary,1820.12,Healthcare,Positive,56.7,Medium,528.37,0,487.7300000000005,88.37849880503907,1.1692269567931681
2022-12-11,1169,4290.13,3282.4,0.05,2711.37,inflation,663.0,0.59,458.92,729.89,4,1550.91,26,0,793.93,1666.23,Salary,822.24,Rent,Neutral,0.2,Low,802.92,0,1007.73,76.51050201275952,10.697111742534608
2023-01-10,1399,4150.27,3841.0800000000004,0.17,2959.33,normal,681.0,0.31,462.13,735.88,7,663.14,97,0,388.36,2497.52,Salary,955.2,Utilities,Negative,2.5,Low,2128.98,0,309.19000000000005,92.5501232449937,11.134938208839424
2023-02-09,1134,3501.21,4544.59,0.29,2832.87,inflation,724.0,0.19,568.3,0.0,8,1413.48,87,0,645.79,2467.31,Salary,1431.49,Utilities,Neutral,79.1,Medium,0.0,0,-1043.38,129.80055466538712,16.23153138486409
2023-03-11,1121,4145.43,2199.34,0.19,2467.64,inflation,635.0,0.28,444.85,336.49,7,1062.42,78,0,190.05,1709.29,Salary,300.0,Insurance,Negative,83.2,Low,1552.69,0,1946.0900000000001,53.054568524857494,10.731094241128183
2023-04-10,1037,3421.48,4974.110000000001,0.05,2555.16,normal,715.0,0.58,427.76,615.83,5,982.62,71,0,713.98,3204.29,Freelance,1055.84,Education,Negative,9.3,High,0.0,0,-1552.6300000000006,145.37890035890905,12.502192033856693
2023-05-10,1251,2695.8,4202.68,0.23,2571.33,inflation,646.0,0.28,727.66,386.36,5,375.45,72,0,705.95,2251.77,Salary,1244.96,Rent,Neutral,45.1,Low,0.0,0,-1506.88,155.89732175977446,26.992358483567024
2023-06-09,1020,5407.44,3442.2000000000003,0.37,3287.49,recession,663.0,0.49,523.72,142.87,2,1709.57,71,0,483.69,2394.04,Salary,564.47,Groceries,Positive,40.9,High,476.96,0,1965.2399999999993,63.65673960321337,9.685174500318082
2023-07-09,1264,3799.96,4799.38,0.3,2303.62,normal,680.0,0.23,620.46,492.23,2,984.63,60,0,388.87,2869.47,Salary,1541.04,Transportation,Negative,81.6,Low,994.36,0,-999.4200000000001,126.30080316634913,16.328066611227488
2023-08-08,1341,4895.09,3646.52,0.15,2389.18,recession,599.0,0.37,652.8,587.98,1,944.6,80,0,444.77,1998.58,Mixed,1203.17,Insurance,Negative,82.6,Medium,1937.93,0,1248.5700000000002,74.49342095855235,13.33581200754225
2023-09-07,1442,4766.88,4428.0599999999995,0.12,3764.44,recession,586.0,0.33,519.27,141.16,7,532.95,87,0,629.11,2139.99,Freelance,1658.96,Healthcare,Neutral,36.2,Medium,441.92,0,338.8200000000006,92.89220622293826,10.893288691974625
2023-10-07,1260,4598.12,3811.64,0.1,3017.97,recession,634.0,0.17,751.03,175.24,4,790.53,36,0,349.98,2447.52,Salary,1014.14,Dining Out,Neutral,63.7,High,0.0,0,786.48,82.89561820918114,16.33341452593669
2023-11-06,1924,4760.77,4284.47,0.32,2455.71,recession,663.0,0.11,491.41,284.51,4,1162.7,94,0,528.26,2426.13,Salary,1330.08,Dining Out,Positive,88.4,Medium,2572.14,1,476.3000000000002,89.99531588377509,10.322069749221239
2019-01-01,1819,3635.83,3024.48,0.11,3131.99,normal,626.0,0.54,508.12,461.83,4,1554.26,74,0,551.08,1494.98,Salary,978.42,Utilities,Neutral,10.8,Medium,568.1,0,611.3499999999999,83.18540745854455,13.975350882742044
2019-01-31,1478,2733.02,2946.58,0.18,2019.2,normal,669.0,0.6,664.38,45.75,9,1460.63,44,0,392.16,1831.01,Salary,723.41,Entertainment,Positive,95.1,Low,0.0,0,-213.55999999999995,107.81406649054892,24.309372049966704
2019-03-02,1837,3658.36,4386.099999999999,0.27,2680.35,normal,676.0,0.51,449.01,599.68,8,208.49,32,0,672.32,2051.75,Salary,1662.03,Entertainment,Positive,28.8,Low,285.59,0,-727.7399999999993,119.892520145639,12.273532402497294
2019-04-01,1762,4002.16,4453.91,0.38,3210.41,normal,661.0,0.16,230.83,572.38,5,1248.38,94,0,425.66,2977.8,Salary,1050.45,Healthcare,Positive,93.8,Medium,2291.52,0,-451.75,111.2876546664801,5.767635476842506
2019-05-01,1682,3977.34,3377.0899999999997,0.14,2761.8,recession,716.0,0.27,558.88,470.95,5,1598.92,97,0,597.85,1372.83,Freelance,1406.41,Rent,Neutral,10.1,Low,1150.29,0,600.2500000000005,84.90825526608235,14.051602327183494
2019-05-31,1397,4254.4,5504.01,0.25,3373.82,normal,680.0,0.13,569.19,511.39,1,1148.46,77,0,569.76,3255.65,Freelance,1678.6,Insurance,Positive,96.1,Low,3047.03,0,-1249.6100000000006,129.3721793907484,13.378854832643853
2019-06-30,1873,3361.32,4351.459999999999,0.29,3316.72,inflation,772.0,0.11,1059.09,423.18,6,1343.92,60,0,734.27,1688.85,Salary,1928.34,Dining Out,Positive,90.5,Medium,1958.07,0,-990.139999999999,129.45688003522423,31.508157509549818
2019-07-30,1345,3330.45,3948.2999999999997,0.29,3418.93,recession,813.0,0.31,662.7,508.25,9,871.36,67,0,528.41,2426.98,Freelance,992.91,Dining Out,Positive,26.9,Medium,0.0,0,-617.8499999999999,118.55154708823133,19.898211953339644
2019-08-29,1030,2905.47,4742.639999999999,0.39,2433.2,normal,616.0,0.3,469.58,299.51,7,395.59,68,0,485.41,2262.98,Salary,1994.25,Dining Out,Negative,75.1,Medium,0.0,0,-1837.1699999999996,163.23142211070842,16.161929051065748
2019-09-28,1661,3247.54,4034.63,0.19,2637.44,normal,726.0,0.6,288.21,522.91,8,1403.94,81,0,447.47,2216.73,Mixed,1370.43,Insurance,Positive,41.2,Low,323.05,0,-787.0900000000001,124.23649901155953,8.874717478460619
2019-10-28,1264,5270.31,2643.45,0.25,3141.09,normal,699.0,0.22,746.89,246.83,2,843.27,34,0,213.12,1846.67,Salary,583.66,Investments,Negative,75.3,High,2806.46,0,2626.8600000000006,50.157391121205386,14.171652141904364
2019-11-27,1891,5156.83,4715.110000000001,0.18,3144.24,normal,665.0,0.29,597.49,324.29,5,1840.38,60,0,0.0,3339.38,Freelance,1375.73,Education,Negative,57.6,Medium,1733.98,0,441.71999999999935,91.43427260545724,11.586381556111021
2019-12-27,1718,4533.02,4123.889999999999,0.06,3838.57,normal,687.0,0.47,296.74,733.01,4,735.12,96,0,617.45,1914.6,Salary,1591.84,Utilities,Positive,12.2,High,2546.49,0,409.130000000001,90.97444970461191,6.546187751212215
2020-01-26,1562,3704.46,3528.09,0.07,3431.52,recession,681.0,0.21,564.8,675.96,7,686.59,29,0,487.78,2115.76,Salary,924.55,Insurance,Positive,69.5,Low,1064.88,0,176.3699999999999,95.2389821998348,15.24648666742251
2020-02-25,1618,2461.89,3031.83,0.21,2506.49,recession,672.0,0.15,975.97,337.94,1,790.88,74,0,427.03,1829.64,Freelance,775.16,Transportation,Negative,79.7,High,459.91,0,-569.94,123.15050631831642,39.64311971696542
2020-03-26,1325,3193.44,5022.83,0.39,2294.64,normal,773.0,0.3,635.95,311.31,7,1137.61,46,0,570.92,3173.48,Salary,1278.43,Investments,Positive,25.0,Medium,0.0,0,-1829.3899999999999,157.28587354075856,19.91426173655995
2020-04-25,1023,4493.74,3019.9399999999996,0.17,2045.48,recession,632.0,0.16,550.48,0.0,7,1584.71,94,0,310.54,2016.61,Salary,692.79,Rent,Negative,41.5,High,1974.97,0,1473.8000000000002,67.2032649864033,12.24992990248657
2020-05-25,1286,5753.34,4680.67,0.38,2607.6,normal,682.0,0.26,487.83,296.7,7,1258.39,77,0,804.12,2517.02,Salary,1359.53,Education,Positive,95.8,Medium,2514.99,0,1072.67,81.3556994719589,8.479074763528663
2020-06-24,1080,1118.44,4032.3900000000003,0.06,2897.2,normal,578.0,0.25,732.81,280.05,9,505.15,54,0,722.05,2066.33,Salary,1244.01,Insurance,Positive,28.0,Low,0.0,0,-2913.9500000000003,360.5369979614463,65.52072529594793
2020-07-24,1023,5855.6,4087.1000000000004,0.27,2154.22,recession,656.0,0.17,308.5,48.33,3,1645.94,39,0,475.13,2031.58,Salary,1580.39,Dining Out,Neutral,73.6,Low,1413.38,0,1768.5,69.79814194958672,5.268460960448118
2020-08-23,1545,4132.73,3916.2099999999996,0.38,1934.72,inflation,727.0,0.14,840.14,0.0,5,175.87,25,0,651.81,1960.84,Mixed,1303.56,Dining Out,Positive,46.3,Low,555.32,0,216.51999999999998,94.7608481560615,20.328935110689546
2020-09-22,1211,4312.17,4151.93,0.35,2351.69,recession,702.0,0.29,517.61,762.36,6,857.43,22,0,297.28,2388.46,Salary,1466.19,Entertainment,Positive,8.5,Low,1511.81,0,160.23999999999978,96.28400550071078,12.003469250980366
2020-10-22,1180,4083.51,4641.93,0.07,3024.39,normal,674.0,0.5,102.63,809.73,1,1321.43,45,0,690.09,2266.31,Salary,1685.53,Groceries,Positive,55.2,Low,2089.17,0,-558.4200000000001,113.67500018366552,2.5132790173159854
2020-11-21,1056,3301.09,3841.91,0.26,3028.42,inflation,676.0,0.3,575.11,749.8,7,1642.1,29,0,794.03,1710.12,Salary,1337.76,Education,Positive,13.2,High,1699.28,0,-540.8199999999997,116.38307346967214,17.421821277214494
2020-12-21,1060,3416.59,5305.13,0.06,2672.23,recession,742.0,0.38,302.39,576.92,8,941.38,57,0,902.32,2728.07,Freelance,1674.74,Investments,Negative,8.0,Medium,0.0,0,-1888.54,155.27558179354267,8.85063762406376
2021-01-20,1941,3732.11,3454.6400000000003,0.22,2719.66,normal,667.0,0.57,886.41,250.78,6,1432.82,44,0,656.08,2176.01,Salary,622.55,Transportation,Positive,67.9,Medium,100.28,0,277.4699999999998,92.56533167564729,23.750907663493305
2021-02-19,1375,3787.19,6008.1900000000005,0.06,2876.58,recession,687.0,0.31,611.43,0.0,7,1689.04,56,0,675.69,3815.58,Salary,1516.92,Utilities,Negative,64.1,High,1007.56,0,-2221.0000000000005,158.6450640184411,16.144687750020463
2021-03-21,1715,826.36,4595.67,0.36,2206.97,recession,610.0,0.19,855.85,446.79,9,601.05,99,0,681.99,2937.06,Salary,976.62,Education,Positive,36.9,Low,0.0,0,-3769.31,556.1341304032142,103.56866256837213
2021-04-20,1899,4037.48,3810.48,0.35,2176.18,inflation,607.0,0.38,347.79,493.97,9,1708.83,80,0,256.04,2766.76,Mixed,787.68,Transportation,Negative,68.4,Low,0.0,0,227.0,94.37768112783222,8.614036478199273
2021-05-20,1808,4352.97,5445.799999999999,0.18,2907.32,inflation,752.0,0.59,385.0,254.44,3,1281.11,79,0,755.9,2622.08,Salary,2067.82,Utilities,Neutral,3.0,Low,989.9,0,-1092.829999999999,125.10538781567524,8.844536029423589
2021-06-19,1242,3857.32,3781.33,0.05,3051.46,normal,673.0,0.24,471.35,404.3,6,865.15,65,0,540.7,1551.91,Salary,1688.72,Entertainment,Positive,56.3,High,1375.41,0,75.99000000000024,98.02997936391068,12.219623987639086
2021-07-19,1756,3976.54,4638.6,0.25,3060.25,inflation,638.0,0.28,600.64,248.89,3,1177.76,60,0,269.42,3548.11,Salary,821.07,Dining Out,Negative,90.7,Medium,792.33,0,-662.0600000000004,116.64914724861313,15.104588411030695
2021-08-18,1236,2716.43,3959.39,0.23,3153.9,recession,699.0,0.59,530.68,453.73,1,1531.73,74,0,486.89,2416.56,Salary,1055.94,Insurance,Negative,63.1,High,288.87,0,-1242.96,145.7571150370155,19.535935032377054
2021-09-17,1632,4971.84,3314.6499999999996,0.11,3803.92,inflation,710.0,0.54,525.34,755.28,9,911.81,28,0,486.28,1589.32,Mixed,1239.05,Utilities,Positive,47.7,Low,1567.33,0,1657.1900000000005,66.668476861685,10.566309454849714
2021-10-17,1920,2598.41,2978.4500000000003,0.05,2220.0,normal,636.0,0.28,928.42,352.1,5,1550.37,81,0,281.92,1488.14,Salary,1208.39,Entertainment,Positive,46.5,Low,0.0,0,-380.0400000000004,114.62586735734548,35.73031199849139
2021-11-16,1421,3737.62,3976.29,0.25,4248.53,normal,606.0,0.3,474.48,630.55,9,1308.81,29,0,0.0,2560.27,Salary,1416.02,Utilities,Positive,84.3,Low,1620.04,0,-238.67000000000007,106.3856143749231,12.694709467522113
2021-12-16,1458,2791.22,4447.58,0.22,2721.29,normal,616.0,0.13,363.32,96.27,3,1564.26,50,0,337.83,3095.28,Mixed,1014.47,Utilities,Positive,5.1,Medium,0.0,0,-1656.3600000000001,159.3417931943738,13.016530406059
2022-01-15,1073,3525.79,4302.099999999999,0.38,3003.38,normal,750.0,0.26,789.92,646.9,6,363.48,76,0,653.28,2490.48,Salary,1158.34,Entertainment,Positive,89.2,Medium,1016.51,0,-776.3099999999995,122.01804418300577,22.404056963120322
2022-02-14,1796,3538.65,4655.929999999999,0.05,3694.37,normal,667.0,0.18,494.42,650.53,1,1226.71,42,0,396.44,2739.96,Salary,1519.53,Healthcare,Positive,67.4,Low,999.78,0,-1117.2799999999993,131.57362270922525,13.97199496983313
2022-03-16,1479,5984.12,4755.32,0.34,2858.98,normal,676.0,0.14,927.83,779.21,7,1569.0,87,0,16.62,3573.37,Mixed,1165.33,Insurance,Positive,74.4,Low,2609.99,0,1228.8000000000002,79.46565242675614,15.504869554754919
2022-04-15,1553,4143.98,4579.55,0.37,2836.54,normal,626.0,0.13,395.4,203.12,8,1151.72,55,0,451.75,2984.14,Salary,1143.66,Entertainment,Positive,35.5,High,208.25,0,-435.5700000000006,110.51090980168826,9.541551841466417
2022-05-15,1816,3996.81,3829.1000000000004,0.2,2595.98,inflation,644.0,0.11,404.71,0.0,1,684.03,76,0,450.36,2312.53,Salary,1066.21,Dining Out,Neutral,91.1,Low,1778.94,0,167.70999999999958,95.80390361313148,10.125825345713206
2022-06-14,1494,3925.45,4643.87,0.28,3076.24,inflation,700.0,0.29,411.02,638.75,2,700.3,83,0,370.47,3386.47,Salary,886.93,Rent,Positive,63.9,Low,1725.17,0,-718.4200000000001,118.30159599536358,10.470646677450993
2022-07-14,1980,2415.69,3628.3600000000006,0.31,2877.84,inflation,738.0,0.12,425.88,454.91,2,345.8,71,0,562.3,1710.66,Salary,1355.4,Entertainment,Positive,78.4,High,0.0,0,-1212.6700000000005,150.19973589326446,17.629745538541783
2022-08-13,1812,4345.86,2988.49,0.37,2943.24,recession,666.0,0.45,648.88,822.4,3,628.3,90,0,438.31,1893.08,Freelance,657.1,Groceries,Positive,44.6,Low,119.11,0,1357.37,68.76636615077338,14.93099179448947
2022-09-12,1626,3167.23,3785.1900000000005,0.17,3214.17,inflation,705.0,0.19,331.45,225.88,7,1117.35,56,0,280.84,2712.07,Salary,792.28,Utilities,Negative,76.2,Low,0.0,0,-617.9600000000005,119.51105540172328,10.464980440321668
2022-10-12,1426,3667.84,4817.27,0.33,2887.99,inflation,636.0,0.51,1006.86,792.51,3,1662.67,59,0,276.96,2914.63,Salary,1625.68,Dining Out,Neutral,34.6,Low,399.62,0,-1149.4300000000003,131.33806272901762,27.45103385098587
2022-11-11,1526,4691.35,2741.2,0.3,2610.73,inflation,718.0,0.55,381.63,533.7,5,1054.18,21,0,702.55,1311.71,Salary,726.94,Healthcare,Positive,79.5,Low,2272.99,0,1950.1500000000005,58.43094205292719,8.13475865156085
2022-12-11,1701,3408.84,4457.7699999999995,0.38,3649.06,normal,676.0,0.19,618.18,287.7,3,1439.19,81,0,532.18,2387.99,Mixed,1537.6,Entertainment,Positive,62.3,Low,0.0,0,-1048.9299999999994,130.77087806995925,18.13461470764248
2023-01-10,1264,2382.08,3343.81,0.16,2308.48,recession,679.0,0.37,445.71,891.36,9,530.5,59,0,183.1,1968.53,Mixed,1192.18,Utilities,Negative,70.6,Low,762.32,0,-961.73,140.37353909188607,18.710958490059106
2023-02-09,1209,2672.05,4275.99,0.35,2327.68,normal,623.0,0.25,446.73,3.07,5,1736.19,86,0,408.37,2467.85,Salary,1399.77,Insurance,Positive,50.0,Medium,0.0,0,-1603.9399999999996,160.02657135906887,16.71862427724032
2023-03-11,1176,2968.03,4355.93,0.1,2936.19,normal,653.0,0.49,524.08,492.8,5,0.0,75,0,549.79,2341.66,Freelance,1464.48,Education,Neutral,60.5,High,513.26,0,-1387.9,146.76165672179863,17.657503461892233
2023-04-10,1407,3190.22,4346.18,0.18,2931.15,normal,639.0,0.11,577.94,633.17,8,551.86,46,0,287.75,2677.86,Salary,1380.57,Rent,Positive,36.8,High,0.0,0,-1155.9600000000005,136.23449166515164,18.11599200055169
2023-05-10,1783,3764.6,4219.5199999999995,0.22,2800.92,recession,653.0,0.26,654.73,545.02,2,1633.23,54,0,775.1,2513.74,Salary,930.68,Education,Neutral,47.9,Medium,145.03,0,-454.9199999999996,112.0841523667853,17.391754768102853
2023-06-09,1433,2661.13,3905.02,0.08,2226.18,normal,712.0,0.39,552.42,728.89,5,710.44,72,0,556.46,2987.12,Freelance,361.44,Transportation,Neutral,24.9,High,641.23,0,-1243.8899999999999,146.74292499802715,20.75885056348243
2023-07-09,1116,3355.81,3199.04,0.1,2842.88,normal,693.0,0.18,402.8,332.02,2,1025.8,23,0,704.16,1112.07,Salary,1382.81,Rent,Positive,41.5,Low,1602.66,0,156.76999999999998,95.32840059478933,12.00306334387227
2023-08-08,1309,3757.85,3742.21,0.36,2481.69,normal,682.0,0.12,510.76,553.43,8,1261.81,88,0,604.83,1996.91,Freelance,1140.47,Entertainment,Neutral,89.0,Low,549.45,0,15.639999999999873,99.58380456910201,13.591814468379527
2023-09-07,1921,3305.48,3864.84,0.34,2968.81,normal,688.0,0.39,601.18,302.12,8,398.15,79,0,294.62,2408.33,Freelance,1161.89,Transportation,Positive,61.8,Low,0.0,0,-559.3600000000001,116.92220191923714,18.18737369459201
2023-10-07,1340,5433.69,3310.68,0.07,2053.35,normal,681.0,0.26,547.88,320.78,7,1996.78,50,0,144.97,2187.27,Salary,978.44,Rent,Positive,15.3,High,2680.03,1,2123.0099999999998,60.928761118135185,10.083019090157885
2023-11-06,1103,3993.72,4691.780000000001,0.1,3330.02,normal,660.0,0.12,615.86,452.5,3,1459.83,26,0,727.98,2721.92,Salary,1241.88,Insurance,Positive,24.3,Low,914.56,0,-698.0600000000009,117.478941938844,15.42071051550935
2019-01-01,1230,4456.07,3838.36,0.33,1668.02,normal,781.0,0.23,546.3,0.0,8,1089.78,77,0,462.19,2619.34,Freelance,756.83,Education,Positive,2.3,Low,1925.09,1,617.7099999999996,86.13778508865437,12.259681737495146
2019-01-31,1890,4598.81,3502.2400000000002,0.26,2887.66,recession,722.0,0.22,335.82,489.07,1,725.49,83,0,361.57,2177.76,Salary,962.91,Investments,Neutral,54.8,Low,196.28,0,1096.5700000000002,76.1553532326841,7.302323862042572
2019-03-02,1348,3967.48,4011.46,0.25,2118.33,normal,650.0,0.23,740.32,434.18,8,964.3,94,0,362.88,2166.14,Salary,1482.44,Utilities,Positive,22.1,Low,0.0,0,-43.98000000000002,101.1085122042203,18.659703388548905
2019-04-01,1050,3710.06,3246.7999999999997,0.31,2109.71,normal,756.0,0.13,249.52,376.76,1,169.44,76,0,424.2,1894.23,Salary,928.37,Healthcare,Negative,88.1,Medium,0.0,0,463.2600000000002,87.51340948663902,6.725497700845809
2019-05-01,1335,3468.29,4856.530000000001,0.3,3493.07,normal,643.0,0.28,620.38,281.67,6,1576.48,86,0,755.39,3132.23,Salary,968.91,Education,Positive,55.9,Low,0.0,0,-1388.2400000000007,140.02664137081965,17.887200897272145
2019-05-31,1542,1596.51,3193.9399999999996,0.21,3378.62,inflation,742.0,0.57,302.47,432.82,1,932.31,54,0,381.53,1179.06,Freelance,1633.35,Healthcare,Positive,14.2,Medium,0.0,0,-1597.4299999999996,200.05762569604948,18.945700308798568
2019-06-30,1984,4085.94,3938.0499999999997,0.35,2936.09,normal,698.0,0.22,674.05,441.61,6,1192.23,96,0,700.37,2321.52,Salary,916.16,Investments,Positive,48.2,Medium,636.43,0,147.89000000000033,96.38051464289734,16.496815910169996
2019-07-30,1034,3880.74,4511.93,0.11,2444.3,inflation,698.0,0.37,630.2,589.59,7,1354.99,39,0,705.38,1554.28,Salary,2252.27,Healthcare,Neutral,11.8,Medium,825.83,0,-631.1900000000005,116.26468147827478,16.239170879780662
2019-08-29,1655,5089.88,4267.4,0.34,3143.18,normal,745.0,0.52,153.44,980.57,3,742.5,68,0,482.65,3162.15,Freelance,622.6,Healthcare,Positive,7.0,Medium,2077.33,0,822.4800000000005,83.84087640573058,3.0146093817535973
2019-09-28,1573,3669.75,4275.5,0.21,3079.28,normal,643.0,0.56,531.91,812.19,2,1225.71,96,0,544.49,2439.15,Salary,1291.86,Dining Out,Positive,99.8,Low,0.0,0,-605.75,116.50657401730362,14.494447850671024
2019-10-28,1847,4190.52,2476.6099999999997,0.12,2765.0,normal,695.0,0.51,279.63,208.07,5,1409.21,96,0,154.0,1186.27,Salary,1136.34,Transportation,Positive,22.6,Medium,0.0,0,1713.9100000000008,59.10030258774566,6.6729188740299525
2019-11-27,1424,4160.5,4642.870000000001,0.11,1859.05,normal,621.0,0.26,374.98,739.14,3,1270.99,84,0,887.98,2535.19,Salary,1219.7,Entertainment,Positive,94.6,Low,350.22,0,-482.3700000000008,111.59403917798343,9.012859031366423
2019-12-27,1173,6406.73,3731.2699999999995,0.3,2600.22,inflation,705.0,0.17,418.28,375.62,2,560.9,61,0,750.01,2451.91,Salary,529.35,Entertainment,Neutral,42.8,High,4321.35,1,2675.46,58.23985090678083,6.5287596012318305
2020-01-26,1918,3907.04,4950.59,0.27,3478.79,normal,691.0,0.17,724.76,594.5,3,465.67,98,0,222.83,3042.43,Freelance,1685.33,Transportation,Neutral,23.7,Medium,203.87,0,-1043.5500000000002,126.70947827511365,18.550104426880708
2020-02-25,1589,3868.2,2960.2200000000003,0.06,3671.15,normal,661.0,0.49,776.42,549.12,7,65.41,72,0,604.92,1027.61,Salary,1327.69,Transportation,Positive,97.2,Low,1639.99,0,907.9799999999996,76.52706685279976,20.071868052324078
2020-03-26,1274,5263.09,4080.7999999999997,0.31,1664.8,normal,684.0,0.23,599.35,260.85,9,747.05,85,0,569.14,2330.05,Freelance,1181.61,Groceries,Neutral,29.9,Low,1963.59,1,1182.2900000000004,77.53620021698279,11.387796902580044
2020-04-25,1922,1830.45,4103.04,0.13,2932.96,inflation,708.0,0.26,555.32,586.41,9,1899.02,87,0,740.71,2218.76,Salary,1143.57,Entertainment,Positive,77.5,High,0.0,0,-2272.59,224.1547160534295,30.337895053129017
2020-05-25,1529,4708.46,4273.5199999999995,0.37,2535.78,normal,697.0,0.36,783.58,0.0,3,709.75,61,0,690.13,2430.74,Salary,1152.65,Rent,Positive,20.8,Low,1174.49,0,434.9400000000005,90.76258479417898,16.641959366756858
2020-06-24,1598,3568.59,4833.8,0.25,2283.25,recession,675.0,0.35,767.24,62.52,7,585.73,51,0,479.39,3431.47,Mixed,922.94,Utilities,Positive,10.6,Low,554.43,0,-1265.21,135.4540588860026,21.4998080474361
2020-07-24,1468,4151.57,5328.3,0.3,2914.36,normal,603.0,0.53,752.54,259.35,5,1336.16,38,0,77.3,3379.82,Salary,1871.18,Utilities,Positive,34.4,Low,0.0,0,-1176.7300000000005,128.34421676618726,18.12663642910995
2020-08-23,1495,3221.83,4079.67,0.21,2761.45,normal,709.0,0.51,889.38,724.75,4,460.71,96,0,505.17,2157.51,Salary,1416.99,Entertainment,Positive,94.6,Medium,0.0,0,-857.8400000000001,126.62586169971726,27.604808447373074
2020-09-22,1938,4161.1,4292.5,0.24,2600.89,normal,712.0,0.21,323.51,173.44,8,1406.45,39,0,604.8,2541.1,Freelance,1146.6,Education,Positive,4.6,Medium,0.0,0,-131.39999999999964,103.15781884597821,7.774626901540457
2020-10-22,1083,4504.36,3105.77,0.29,3309.33,normal,643.0,0.31,673.7,291.43,5,1503.0,61,0,458.21,1580.99,Freelance,1066.57,Healthcare,Positive,28.1,Medium,1071.26,0,1398.5899999999997,68.9503059258141,14.956619808363456
2020-11-21,1903,3308.17,2572.77,0.11,3172.0,inflation,641.0,0.12,472.27,330.6,5,0.0,75,0,324.9,1607.32,Salary,640.55,Insurance,Neutral,82.2,High,0.0,0,735.4000000000001,77.77018714274054,14.27586853154463
2020-12-21,1040,4172.19,4399.55,0.18,2552.8,inflation,725.0,0.1,395.28,280.54,3,834.01,89,0,570.84,2978.74,Salary,849.97,Entertainment,Neutral,91.7,High,1448.62,0,-227.36000000000058,105.44941625381396,9.474161052109324
2021-01-20,1248,4007.61,3195.09,0.18,2459.79,recession,674.0,0.45,484.39,340.96,9,1170.79,49,0,372.65,1807.47,Salary,1014.97,Transportation,Positive,65.8,Low,679.46,0,812.52,79.7255720990815,12.086754948710078
2021-02-19,1897,4140.4,5851.25,0.28,2127.61,normal,687.0,0.22,413.83,433.13,4,817.56,93,0,769.98,3507.24,Mixed,1574.03,Transportation,Positive,75.9,Low,1821.34,0,-1710.8500000000004,141.32088687083376,9.994928026277655
2021-03-21,1059,3388.47,4957.14,0.2,2599.05,recession,598.0,0.17,593.87,24.05,9,732.43,67,0,856.96,2185.74,Salary,1914.44,Groceries,Neutral,21.6,Low,0.0,0,-1568.6700000000005,146.29434523546027,17.52619914002485
2021-04-20,1247,4168.96,4183.49,0.22,3065.08,recession,697.0,0.22,397.98,199.46,6,1746.02,39,0,435.08,2063.83,Salary,1684.58,Rent,Negative,7.2,Low,2427.16,0,-14.529999999999745,100.34852817009516,9.54626573533927
2021-05-20,1166,3307.47,2349.16,0.15,3004.1,normal,767.0,0.2,691.94,584.53,1,957.52,80,0,0.0,1617.28,Salary,731.88,Groceries,Positive,47.4,Low,443.81,0,958.31,71.02588987957563,20.920522332780042
2021-06-19,1646,3968.25,4195.1,0.11,2079.96,recession,747.0,0.51,452.51,308.08,4,1536.58,98,0,534.71,2564.27,Salary,1096.12,Insurance,Positive,86.6,Low,1404.54,0,-226.85000000000036,105.71662571662573,11.403263403263402
2021-07-19,1650,3333.33,4689.37,0.2,3327.99,normal,580.0,0.48,650.2,489.97,5,1710.05,66,0,535.82,2799.71,Freelance,1353.84,Groceries,Neutral,35.3,Low,1836.04,0,-1356.04,140.6812406812407,19.50601950601951
2021-08-18,1075,4174.09,3517.6899999999996,0.11,2400.17,normal,754.0,0.42,379.43,744.83,1,1584.43,38,0,580.16,1977.55,Salary,959.98,Entertainment,Positive,24.8,Medium,1605.84,0,656.4000000000005,84.27441669920867,9.090125033240778
2021-09-17,1211,2388.2,3395.91,0.36,3870.71,normal,702.0,0.6,521.3,189.27,4,199.81,66,0,549.72,1877.92,Salary,968.27,Education,Positive,26.8,High,184.51,0,-1007.71,142.1953772715853,21.828155095888118
2021-10-17,1572,4672.84,3479.46,0.29,3249.47,normal,675.0,0.53,360.24,369.69,5,190.83,73,0,319.77,1814.17,Salary,1345.52,Utilities,Positive,2.6,Low,1259.9,0,1193.38,74.46135540699018,7.7092303609796184
2021-11-16,1659,3565.41,4055.0,0.06,3132.17,recession,666.0,0.35,482.65,123.35,7,216.58,59,0,501.54,2588.87,Freelance,964.59,Utilities,Neutral,84.1,Low,0.0,0,-489.59000000000015,113.73166059443373,13.537012573589013
2021-12-16,1136,1812.45,3884.42,0.12,2338.74,normal,671.0,0.53,470.27,311.11,5,785.76,64,0,419.75,2149.77,Salary,1314.9,Entertainment,Negative,22.4,Low,0.0,0,-2071.9700000000003,214.31873982730556,25.946646804049767
2022-01-15,1351,3646.42,4524.55,0.3,3117.89,recession,677.0,0.19,576.39,425.7,6,1374.43,51,0,445.45,2637.07,Salary,1442.03,Healthcare,Positive,23.4,Medium,132.9,0,-878.1300000000001,124.08197629455739,15.807010711876304
2022-02-14,1289,6760.38,4309.49,0.15,2402.42,normal,672.0,0.26,658.54,1020.97,4,1248.67,74,0,419.73,2098.87,Salary,1790.89,Education,Neutral,11.5,Low,3733.36,1,2450.8900000000003,63.746268700871845,9.741168395859404
2022-03-16,1631,4919.85,4279.99,0.12,2045.35,recession,668.0,0.34,673.47,521.54,9,539.1,79,0,643.24,2270.6,Freelance,1366.15,Rent,Negative,18.0,Low,1082.46,0,639.8600000000006,86.99431893248777,13.68883197658465
2022-04-15,1333,3631.22,2791.1000000000004,0.2,2567.06,inflation,656.0,0.28,613.64,509.5,8,464.09,20,0,305.72,2057.52,Salary,427.86,Investments,Positive,81.4,Medium,758.92,0,840.1199999999994,76.86397409135223,16.8990036406497
2022-05-15,1399,3557.06,5413.64,0.28,3190.36,recession,716.0,0.57,526.35,386.69,9,1396.77,55,0,671.6,3143.11,Salary,1598.93,Education,Neutral,66.0,High,0.0,0,-1856.5800000000004,152.1942278173548,14.79733262863151
2022-06-14,1293,5208.51,4459.71,0.23,2826.45,normal,681.0,0.45,824.91,389.28,9,776.38,23,0,553.85,2743.49,Mixed,1162.37,Education,Positive,15.5,Medium,1926.11,0,748.8000000000002,85.6235276499421,15.837734784036126
2022-07-14,1175,2562.91,4423.51,0.17,2508.7,normal,718.0,0.34,604.48,101.87,1,876.18,67,0,213.1,2898.74,Salary,1311.67,Entertainment,Positive,12.5,Low,0.0,0,-1860.6000000000004,172.59716494141426,23.585689704281464
2022-08-13,1520,3658.63,4923.64,0.24,2830.27,normal,756.0,0.46,295.21,296.35,8,1023.08,84,0,637.3,2973.46,Mixed,1312.88,Education,Neutral,48.3,Low,1579.97,0,-1265.0100000000002,134.57605715800725,8.06886730825473
2022-09-12,1392,5198.04,3741.76,0.12,3192.61,recession,708.0,0.14,323.62,61.64,9,1114.16,32,0,428.78,1966.94,Salary,1346.04,Transportation,Negative,33.2,Low,1125.5,0,1456.2799999999997,71.98405552862232,6.22580818924056
2022-10-12,1373,4764.91,3399.45,0.33,2818.2,inflation,671.0,0.26,553.46,257.4,8,916.49,51,0,361.91,2737.54,Mixed,300.0,Utilities,Positive,17.5,Low,1247.84,0,1365.46,71.34342516437876,11.615329565511207
2022-11-11,1493,4903.91,3503.25,0.15,2181.01,recession,658.0,0.12,353.86,310.92,6,1028.16,71,0,619.22,1816.74,Freelance,1067.29,Investments,Positive,68.5,Low,472.93,0,1400.6599999999999,71.43789343605408,7.215874679592408
2022-12-11,1134,4813.44,3655.64,0.16,2977.31,normal,656.0,0.43,562.97,234.33,6,486.95,58,0,593.19,2363.81,Salary,698.64,Education,Positive,80.6,Low,797.44,0,1157.7999999999997,75.94651642068874,11.69579344502061
2023-01-10,1138,2402.06,3744.32,0.12,3262.63,normal,635.0,0.38,476.82,460.14,1,505.43,23,0,440.69,2339.13,Salary,964.5,Groceries,Neutral,32.9,High,0.0,0,-1342.2600000000002,155.8795367309726,19.850461687051947
2023-02-09,1416,2543.0,4018.38,0.27,2712.94,inflation,655.0,0.51,263.09,384.93,4,1070.63,98,0,601.16,1955.68,Salary,1461.54,Insurance,Neutral,2.6,Low,347.67,0,-1475.38,158.01730239874166,10.345654738497837
2023-03-11,1331,4780.41,3841.7,0.4,3063.31,normal,651.0,0.11,400.64,773.7,1,1502.69,58,0,149.29,2805.74,Salary,886.67,Groceries,Positive,23.6,High,1102.29,0,938.71,80.36339979206805,8.380871096830607
2023-04-10,1055,4315.96,4331.88,0.25,2716.62,normal,649.0,0.42,439.01,534.82,3,657.8,36,0,471.14,2941.26,Salary,919.48,Insurance,Neutral,43.7,Low,307.5,0,-15.920000000000073,100.36886347417493,10.17178101743297
2023-05-10,1083,4288.78,4956.370000000001,0.32,3417.75,normal,662.0,0.4,392.28,233.2,7,839.49,74,0,809.18,3586.17,Salary,561.02,Entertainment,Neutral,13.2,High,1455.36,0,-667.590000000001,115.5659651462654,9.146657091294028
2023-06-09,1868,4009.44,5340.99,0.1,3112.39,recession,670.0,0.41,672.61,366.0,9,205.52,92,0,646.82,3033.34,Mixed,1660.83,Dining Out,Positive,71.4,Medium,772.89,0,-1331.5499999999997,133.21037351849634,16.775659443712836
2023-07-09,1434,4446.02,2900.73,0.16,2752.25,normal,686.0,0.26,674.53,276.35,6,604.39,52,0,414.36,1584.9,Salary,901.47,Entertainment,Negative,64.2,Low,2145.46,0,1545.2900000000004,65.24329625147884,15.171546686699564
2023-08-08,1370,1117.36,4016.9300000000003,0.25,3901.15,normal,758.0,0.31,574.36,585.14,6,1259.65,36,0,668.95,2484.06,Salary,863.92,Groceries,Positive,59.7,Low,0.0,0,-2899.5700000000006,359.5018615307511,51.40330779694996
2023-09-07,1201,3982.86,4471.639999999999,0.4,2743.04,normal,670.0,0.57,477.46,299.86,4,1767.97,24,0,845.02,2875.94,Salary,750.68,Dining Out,Positive,37.9,Medium,369.92,0,-488.7799999999993,112.27208588803019,11.987868014441883
2023-10-07,1698,3798.38,4326.88,0.24,3649.27,recession,707.0,0.28,352.71,728.75,5,2452.47,66,0,565.45,2561.88,Salary,1199.55,Education,Negative,5.3,High,1608.65,0,-528.5,113.91382642073727,9.285800788757312
2023-11-06,1253,3540.81,3720.2699999999995,0.09,2182.71,normal,591.0,0.55,493.2,320.02,7,674.35,33,0,512.78,2341.85,Mixed,865.64,Insurance,Positive,75.6,Low,460.0,0,-179.45999999999958,105.06833182237962,13.92901624204631
2019-01-01,1352,4559.39,2376.1900000000005,0.2,2840.67,recession,724.0,0.27,581.49,156.21,8,2388.6,52,0,66.84,1151.96,Salary,1157.39,Healthcare,Positive,11.1,Medium,1736.16,0,2183.2,52.11640153617042,12.753679768565531
2019-01-31,1431,3630.76,3796.44,0.1,3668.85,normal,689.0,0.44,326.46,142.77,6,1699.12,95,0,723.39,1930.39,Salary,1142.66,Healthcare,Positive,40.2,Medium,1980.72,0,-165.67999999999984,104.56323194042018,8.991505910608247
2019-03-02,1314,3752.85,4182.69,0.28,2904.43,inflation,721.0,0.46,469.88,379.66,1,1309.6,65,0,286.03,2221.6,Salary,1675.06,Dining Out,Positive,20.7,Medium,626.86,0,-429.8399999999997,111.45369519165433,12.520617663908762
2019-04-01,1282,5225.13,4597.94,0.25,2985.72,normal,683.0,0.41,379.78,567.93,5,646.05,95,0,283.04,2643.3,Salary,1671.6,Groceries,Positive,81.1,Medium,0.0,0,627.1900000000005,87.99666228400058,7.268335907431968
2019-05-01,1181,3758.86,5165.93,0.3,2520.87,recession,683.0,0.18,343.52,291.12,8,1361.75,52,0,987.69,3319.95,Mixed,858.29,Utilities,Positive,55.4,Low,940.74,0,-1407.0700000000002,137.43342396364855,9.13894106191771
2019-05-31,1504,1906.42,3086.17,0.23,2325.85,inflation,744.0,0.2,564.21,759.06,8,79.34,36,0,0.0,2029.84,Salary,1056.33,Rent,Negative,9.9,Low,0.0,0,-1179.75,161.88300584341332,29.59526232414683
2019-06-30,1305,2959.28,2807.02,0.28,2838.1,inflation,572.0,0.37,269.08,868.34,4,708.25,37,0,450.41,1668.53,Salary,688.08,Investments,Negative,27.3,Medium,0.0,0,152.26000000000022,94.85482955313454,9.092752291097833
2019-07-30,1114,2620.71,4296.89,0.27,3410.49,normal,603.0,0.32,83.22,109.19,4,1500.28,31,0,870.07,1991.89,Salary,1434.93,Insurance,Positive,30.5,Low,0.0,0,-1676.1800000000003,163.95900347615725,3.1754753482834803
2019-08-29,1438,2823.98,3933.51,0.25,2994.82,normal,683.0,0.26,790.96,720.02,2,1547.78,28,0,836.38,1943.07,Mixed,1154.06,Healthcare,Positive,8.3,Medium,1453.45,0,-1109.5300000000002,139.28958420385413,28.008696945445788
2019-09-28,1071,3700.95,4650.61,0.11,3534.57,normal,636.0,0.15,608.58,0.0,8,1749.08,82,0,359.12,2535.45,Freelance,1756.04,Transportation,Neutral,68.2,Medium,1660.17,0,-949.6599999999999,125.65989813426282,16.443886029262757
2019-10-28,1633,3545.88,5074.7,0.39,2551.98,normal,628.0,0.36,327.94,560.62,8,353.45,98,0,577.41,2632.91,Salary,1864.38,Insurance,Positive,22.1,Medium,0.0,0,-1528.8199999999997,143.11539025573342,9.248479925998623
2019-11-27,1805,5416.9,2947.91,0.37,2662.77,normal,549.0,0.3,416.53,299.35,4,555.56,55,0,308.85,1868.54,Salary,770.52,Investments,Neutral,34.3,Medium,2760.47,1,2468.99,54.420609573741444,7.689453377392974
2019-12-27,1498,4089.24,3315.1600000000003,0.25,2460.57,normal,654.0,0.3,660.55,363.43,9,670.34,71,0,569.65,1486.8,Salary,1258.71,Groceries,Neutral,42.3,Medium,0.0,0,774.0799999999995,81.07032113546772,16.15336835206542
2020-01-26,1739,4492.59,4903.33,0.32,3344.62,normal,624.0,0.13,246.14,784.42,6,46.45,55,0,511.39,3125.72,Salary,1266.22,Rent,Neutral,29.2,Medium,1619.34,0,-410.7399999999998,109.14261038732668,5.478799534344331
2020-02-25,1439,7283.39,3347.41,0.15,4010.12,normal,755.0,0.43,660.27,145.24,7,1318.23,60,0,384.64,1889.32,Mixed,1073.45,Investments,Positive,29.2,Low,6589.66,1,3935.9800000000005,45.95950512055512,9.065421458963478
2020-03-26,1716,2721.22,2661.88,0.38,2851.26,inflation,653.0,0.23,224.08,657.92,3,178.67,42,0,153.44,1587.65,Salary,920.79,Groceries,Positive,84.2,Low,0.0,0,59.33999999999969,97.81936043392304,8.234541859901075
2020-04-25,1511,4081.92,4280.280000000001,0.28,2893.95,normal,601.0,0.51,491.31,266.66,3,1373.48,65,0,411.45,3098.26,Salary,770.57,Rent,Negative,65.7,Medium,974.08,0,-198.36000000000058,104.85947789275636,12.036247648165569
2020-05-25,1692,3353.89,3230.07,0.34,2831.99,normal,678.0,0.54,753.89,316.05,5,934.71,35,0,513.63,1301.67,Freelance,1414.77,Healthcare,Positive,70.0,High,632.59,0,123.81999999999971,96.30816753083732,22.478077694855823
2020-06-24,1077,5203.61,3247.48,0.08,3089.96,recession,718.0,0.14,781.06,0.0,5,573.42,53,0,157.75,1721.27,Salary,1368.46,Rent,Positive,73.1,High,2565.86,0,1956.1299999999997,62.40821275998778,15.009964236366677
2020-07-24,1195,3120.01,3864.31,0.29,2933.23,recession,743.0,0.32,185.93,141.58,4,1245.7,61,0,248.08,3084.23,Salary,532.0,Transportation,Negative,54.6,Low,0.0,0,-744.2999999999997,123.85569277021547,5.959275771552014
2020-08-23,1152,4785.53,3886.6500000000005,0.3,2856.58,recession,734.0,0.41,989.86,274.79,7,473.07,59,0,647.05,2306.07,Salary,933.53,Insurance,Positive,31.1,Medium,1501.32,0,898.8799999999992,81.21670953896435,20.684438296280664
2020-09-22,1097,4330.46,3844.11,0.11,2362.05,normal,711.0,0.26,828.14,563.4,7,70.64,72,0,240.21,1981.49,Salary,1622.41,Insurance,Positive,95.5,Low,2261.68,0,486.3499999999999,88.76909150529043,19.12360349708807
2020-10-22,1744,3222.12,3298.74,0.06,3568.2,inflation,637.0,0.57,819.75,173.91,3,792.02,46,0,451.63,1913.58,Salary,933.53,Education,Positive,1.8,Low,1087.58,0,-76.61999999999989,102.37793750698299,25.441324345461997
2020-11-21,1385,4223.73,3981.1600000000003,0.38,2656.97,normal,679.0,0.28,702.12,453.14,3,272.02,34,0,514.56,2872.9,Salary,593.7,Investments,Negative,71.9,Low,1567.02,0,242.56999999999925,94.25697191818607,16.623221654793277
2020-12-21,1796,4648.68,3205.91,0.2,3285.67,inflation,684.0,0.35,859.09,777.85,8,2127.42,92,0,417.72,2343.6,Freelance,444.59,Transportation,Positive,96.6,Low,2117.78,0,1442.7700000000004,68.96387791803264,18.480299784024712
2021-01-20,1419,4455.45,4320.43,0.25,2322.28,inflation,699.0,0.34,420.46,485.64,2,1109.67,47,0,813.31,2698.94,Salary,808.18,Insurance,Positive,4.2,Medium,1542.98,0,135.01999999999953,96.96955414155698,9.436981674129436
2021-02-19,1255,2948.52,4631.9800000000005,0.37,2507.79,inflation,775.0,0.54,766.42,712.77,3,892.63,85,0,482.72,3114.94,Salary,1034.32,Insurance,Neutral,8.9,High,6.89,0,-1683.4600000000005,157.0950849917925,25.993379729491405
2021-03-21,1133,4157.15,4865.86,0.08,3192.36,recession,762.0,0.43,617.78,437.33,5,1570.21,89,0,490.03,2280.87,Mixed,2094.96,Education,Positive,79.6,Medium,261.36,0,-708.71,117.04797758079452,14.86066175144029
2021-04-20,1539,5185.59,2940.6600000000003,0.39,3413.38,normal,643.0,0.17,345.78,103.79,7,968.76,56,0,431.81,1348.42,Salary,1160.43,Education,Positive,84.3,High,1765.96,0,2244.93,56.7083012733363,6.668093698113426
2021-05-20,1191,3612.44,2776.5,0.23,3033.22,inflation,665.0,0.27,638.41,589.41,7,899.72,22,0,488.22,1459.98,Salary,828.3,Groceries,Positive,61.3,Medium,2181.15,0,835.94,76.85940804553155,17.672542658147954
2021-06-19,1046,4419.39,4351.29,0.1,2570.54,normal,614.0,0.39,346.06,141.72,9,158.29,79,0,363.8,2300.21,Salary,1687.28,Insurance,Negative,7.2,Low,1735.62,0,68.10000000000036,98.4590633548974,7.830492443527273
2021-07-19,1099,3427.54,5292.44,0.12,3072.07,normal,779.0,0.18,605.25,239.23,8,956.0,83,0,457.9,3182.34,Salary,1652.2,Rent,Positive,93.2,High,0.0,0,-1864.8999999999996,154.40928479317526,17.658437246538334
2021-08-18,1428,4652.2,4180.2,0.1,2867.1,normal,733.0,0.57,738.89,757.03,6,1258.17,39,0,431.44,2328.47,Salary,1420.29,Healthcare,Positive,13.2,Low,2741.82,0,472.0,89.85426249946262,15.882593181720479
2021-09-17,1157,2568.63,4276.51,0.29,3389.17,normal,698.0,0.38,196.55,65.64,7,1100.43,57,0,353.64,2345.79,Freelance,1577.08,Groceries,Positive,85.8,Medium,882.92,0,-1707.88,166.4899187504623,7.651938971358272
2021-10-17,1401,3851.08,3673.0899999999997,0.2,2478.42,normal,684.0,0.31,398.24,624.99,6,1125.37,95,0,680.06,2273.99,Salary,719.04,Entertainment,Positive,0.3,Medium,1200.27,0,177.99000000000024,95.37817962753304,10.3409952532796
2021-11-16,1065,3929.27,4591.86,0.1,2718.35,normal,597.0,0.31,558.12,285.81,4,0.0,28,0,705.68,2977.02,Freelance,909.16,Insurance,Positive,51.6,Low,1349.85,0,-662.5899999999997,116.86292873739905,14.204165150269644
2021-12-16,1918,4401.09,2530.89,0.29,2854.08,recession,671.0,0.55,671.97,400.26,6,1060.31,97,0,324.2,1872.22,Salary,334.47,Education,Neutral,23.4,Low,1270.0,0,1870.2000000000003,57.505981472771516,15.268263089371043
2022-01-15,1533,4361.62,3625.5,0.38,3449.26,normal,673.0,0.14,393.36,106.71,7,682.78,38,0,476.95,2050.61,Salary,1097.94,Entertainment,Negative,88.0,Low,676.64,0,736.1199999999999,83.1227846534086,9.018667375883274
2022-02-14,1649,4718.26,4572.52,0.27,2940.14,recession,672.0,0.16,729.14,567.32,5,1339.5,86,0,808.39,2435.91,Salary,1328.22,Insurance,Negative,89.2,Low,0.0,0,145.73999999999978,96.91114944916134,15.4535782258714
2022-03-16,1846,3873.5,3918.3900000000003,0.16,3406.47,inflation,630.0,0.41,804.56,272.07,3,251.89,22,0,828.26,2364.3,Salary,725.83,Utilities,Negative,27.1,Low,0.0,0,-44.89000000000033,101.15890021943979,20.770879049954818
2022-04-15,1060,5168.96,3246.7400000000002,0.27,2780.42,normal,696.0,0.36,730.33,174.89,9,1515.8,70,0,344.39,1700.91,Mixed,1201.44,Insurance,Positive,85.3,Low,1384.69,0,1922.2199999999998,62.812248498730895,14.129147836315237
2022-05-15,1345,4470.05,3153.9,0.4,3281.43,inflation,701.0,0.19,438.25,667.81,7,1787.5,73,0,477.87,1808.45,Freelance,867.58,Entertainment,Neutral,24.6,Low,2351.69,0,1316.15,70.55625775998031,9.804140893278598
2022-06-14,1598,4324.87,3791.68,0.31,2036.12,normal,647.0,0.56,706.14,503.79,7,311.61,49,0,870.44,1426.28,Salary,1494.96,Insurance,Positive,37.0,High,3068.63,1,533.19,87.67153694793139,16.327427182782372
2022-07-14,1374,5713.69,3534.47,0.18,3266.72,normal,669.0,0.32,582.43,294.46,9,0.0,63,0,667.07,1674.28,Freelance,1193.12,Transportation,Neutral,99.3,Low,3659.79,1,2179.22,61.85967387100105,10.193587681515798
2022-08-13,1910,3271.42,2883.51,0.3,2077.23,normal,687.0,0.42,388.6,612.67,2,1594.2,61,0,448.33,1374.72,Salary,1060.46,Rent,Positive,2.9,Low,577.11,0,387.90999999999985,88.14245801517384,11.87863374314518
2022-09-12,1833,6285.31,5388.24,0.25,2848.22,normal,671.0,0.35,480.79,192.97,7,1136.0,41,0,468.34,3114.21,Freelance,1805.69,Investments,Positive,51.4,Low,3831.54,1,897.0700000000006,85.72751383782183,7.64942381521357
2022-10-12,1464,3278.96,3322.46,0.32,1875.27,normal,679.0,0.18,211.22,293.14,9,552.95,39,0,856.29,2166.17,Salary,300.0,Transportation,Positive,88.5,Medium,0.0,0,-43.5,101.32664015419523,6.441676629175104
2022-11-11,1158,3633.85,5152.01,0.35,2864.14,normal,678.0,0.29,491.23,363.41,9,405.86,88,0,293.17,3402.98,Salary,1455.86,Investments,Positive,59.0,Low,418.65,0,-1518.1600000000003,141.77827923552155,13.518169434621683
2022-12-11,1388,4308.44,3337.1299999999997,0.28,2411.45,normal,696.0,0.51,616.57,142.16,1,766.1,37,0,274.68,1453.02,Salary,1609.43,Insurance,Negative,62.6,High,1113.27,0,971.31,77.45564519872622,14.31074820584713
2023-01-10,1336,2766.09,4329.33,0.18,2507.59,normal,708.0,0.31,530.28,919.65,7,385.57,25,0,653.56,1904.82,Mixed,1770.95,Education,Positive,77.1,Medium,211.5,0,-1563.2399999999998,156.51443011615675,19.17074281747882
2023-02-09,1003,4031.86,4663.2699999999995,0.38,2297.4,inflation,724.0,0.47,841.49,361.1,6,1267.38,48,0,452.69,2539.89,Freelance,1670.69,Insurance,Positive,51.7,Low,1043.16,0,-631.4099999999994,115.66051400594266,20.87101238634278
2023-03-11,1666,4800.99,4597.1900000000005,0.32,2657.7,normal,724.0,0.33,506.87,522.94,1,819.72,67,0,727.52,2434.47,Salary,1435.2,Groceries,Positive,0.3,Medium,1282.5,0,203.79999999999927,95.75504218921516,10.557614158746425
2023-04-10,1574,2948.42,4186.5,0.29,3438.33,normal,660.0,0.53,447.89,107.23,2,1794.37,96,0,561.97,2711.33,Salary,913.2,Entertainment,Positive,85.4,Low,0.0,0,-1238.08,141.9913038169596,15.190847979595851
2023-05-10,1567,3870.98,4992.21,0.27,3487.76,normal,651.0,0.55,404.38,483.91,6,1013.22,30,0,893.66,2711.39,Salary,1387.16,Healthcare,Positive,7.2,Low,158.06,0,-1121.23,128.96501661078074,10.446450252907532
2023-06-09,1992,4200.26,3647.8899999999994,0.38,2892.95,recession,736.0,0.6,482.51,622.97,7,1223.63,56,0,311.95,1871.07,Salary,1464.87,Transportation,Negative,78.6,Low,537.35,0,552.3700000000008,86.84914743373028,11.48762219481651
2023-07-09,1771,1173.61,4066.1099999999997,0.06,3050.65,inflation,624.0,0.48,243.72,387.34,5,561.3,47,0,330.0,2337.45,Salary,1398.66,Education,Positive,4.3,Low,0.0,0,-2892.5,346.46177179812713,20.76669421698861
2023-08-08,1141,2935.68,4935.27,0.37,3462.66,normal,634.0,0.14,549.68,439.11,1,758.8,51,0,473.1,3231.55,Salary,1230.62,Transportation,Negative,78.0,Medium,1928.26,0,-1999.5900000000006,168.11335022890782,18.72411161979507
2023-09-07,1267,3354.92,4132.2,0.4,3568.93,normal,738.0,0.53,272.13,273.44,9,930.39,70,0,656.16,2296.69,Salary,1179.35,Education,Positive,51.9,Medium,739.14,0,-777.2799999999997,123.16836168969752,8.111370762939206
2023-10-07,1599,4682.23,3651.1200000000003,0.35,3180.59,recession,568.0,0.54,236.08,406.4,9,207.06,20,0,474.09,1693.14,Salary,1483.89,Entertainment,Neutral,33.0,Low,1525.79,0,1031.1099999999992,77.9782283228291,5.0420419330105535
2023-11-06,1673,5169.39,4459.389999999999,0.22,3386.44,recession,653.0,0.51,225.26,544.15,1,2129.11,76,0,304.84,2456.74,Salary,1697.81,Investments,Positive,74.0,Low,2629.13,0,710.0000000000009,86.26530403006929,4.35757410448815
2019-01-01,1806,5574.38,3556.22,0.27,2541.36,normal,710.0,0.23,660.87,273.5,4,1084.25,46,0,193.39,2027.66,Salary,1335.17,Transportation,Positive,14.8,Low,2784.58,1,2018.1600000000003,63.795794330490565,11.855488861541552
2019-01-31,1683,3425.75,2757.3399999999997,0.09,2771.5,inflation,703.0,0.32,240.75,0.0,7,530.93,60,0,568.41,1791.74,Salary,397.19,Utilities,Neutral,34.2,Medium,1264.46,0,668.4100000000003,80.48865211997372,7.027658177041523
2019-03-02,1705,4331.77,4041.0699999999997,0.17,3871.69,normal,733.0,0.31,360.37,237.71,7,1830.07,54,0,481.45,2774.35,Mixed,785.27,Transportation,Positive,55.5,Low,1932.69,0,290.7000000000007,93.28911738157841,8.31923209219326
2019-04-01,1764,5301.95,4908.78,0.25,2599.15,normal,667.0,0.11,473.21,450.23,5,1521.1,34,0,663.53,2359.83,Salary,1885.42,Healthcare,Neutral,80.5,Low,2031.86,0,393.1700000000001,92.58442648459528,8.92520676354926
2019-05-01,1068,6001.48,3849.6600000000003,0.26,2680.2,recession,638.0,0.34,549.65,314.89,2,1118.56,87,0,765.11,1293.85,Freelance,1790.7,Investments,Positive,10.4,Low,506.28,0,2151.8199999999993,64.1451775228777,9.158574218359472
2019-05-31,1221,4360.78,3143.5,0.1,2071.66,recession,742.0,0.44,484.97,167.99,4,1072.42,49,0,303.34,2540.16,Salary,300.0,Education,Positive,31.4,Low,2357.96,1,1217.2799999999997,72.0857277826444,11.121175569508209
2019-06-30,1166,3688.43,4505.24,0.1,2632.02,recession,722.0,0.34,571.46,410.23,5,0.0,27,0,147.54,3187.41,Salary,1170.29,Transportation,Positive,42.6,Medium,1534.33,0,-816.81,122.14519456787846,15.493312872956789
2019-07-30,1977,5095.78,3188.32,0.39,3353.53,inflation,765.0,0.34,255.18,295.27,1,472.84,28,0,223.28,1812.74,Salary,1152.3,Education,Positive,67.2,Medium,2099.06,0,1907.4599999999996,62.56785026041156,5.007673015711039
2019-08-29,1926,3737.22,3533.42,0.06,3080.03,normal,711.0,0.3,454.42,632.47,9,1025.95,69,0,491.84,1930.57,Salary,1111.01,Dining Out,Neutral,90.1,Medium,1027.12,0,203.79999999999973,94.54674865274188,12.159305580083593
2019-09-28,1616,5145.97,3454.5000000000005,0.1,2841.29,normal,693.0,0.48,270.82,354.12,7,1025.98,30,0,571.86,1282.63,Salary,1600.01,Entertainment,Positive,10.1,Low,3110.55,1,1691.4699999999998,67.13020091450204,5.262759013363856
2019-10-28,1989,4401.6,4238.61,0.19,2812.68,normal,657.0,0.39,491.03,504.49,3,1075.57,43,0,518.78,1979.82,Mixed,1740.01,Healthcare,Positive,48.0,Medium,1700.24,0,162.9900000000007,96.29702835332606,11.155716103235186
2019-11-27,1020,4336.52,3569.27,0.22,2512.14,normal,673.0,0.13,523.77,518.72,3,944.52,86,0,478.39,2352.14,Salary,738.74,Groceries,Neutral,98.9,Medium,1114.31,0,767.2500000000005,82.30724175145046,12.078117937885677
2019-12-27,1750,4495.95,4044.29,0.3,3119.23,inflation,684.0,0.22,721.23,231.02,4,1015.66,27,0,450.4,2441.85,Salary,1152.04,Education,Neutral,39.0,Low,1836.61,0,451.65999999999985,89.95406977390763,16.041770927167786
2020-01-26,1698,6342.61,3503.01,0.28,2529.62,normal,627.0,0.27,503.36,339.45,2,877.33,87,0,555.62,1446.41,Freelance,1500.98,Healthcare,Positive,0.8,Low,1792.54,0,2839.5999999999995,55.229787106569695,7.936165080306059
2020-02-25,1127,4476.58,3462.9000000000005,0.27,1943.46,normal,719.0,0.28,400.97,286.24,7,151.45,36,0,477.34,1174.88,Salary,1810.68,Groceries,Positive,37.5,Medium,1885.84,0,1013.6799999999994,77.35592796286453,8.957060970651703
2020-03-26,1286,3580.69,3160.5099999999998,0.18,3095.01,recession,671.0,0.28,698.86,420.88,5,239.15,95,0,249.33,2080.16,Salary,831.02,Education,Negative,19.1,Low,727.19,0,420.1800000000003,88.26539019015888,19.517467303787818
2020-04-25,1647,2914.83,4723.34,0.14,2709.64,normal,604.0,0.41,519.34,352.22,3,1049.97,47,0,248.6,3093.26,Salary,1381.48,Investments,Neutral,68.6,High,0.0,0,-1808.5100000000002,162.0451278462209,17.817162578949716
2020-05-25,1543,4448.12,5119.9,0.27,2309.8,normal,797.0,0.44,366.82,553.58,2,834.51,93,0,877.83,2917.2,Freelance,1324.87,Utilities,Positive,90.5,High,1770.4,0,-671.7799999999997,115.10256018272888,8.246630036959434
2020-06-24,1338,5453.26,3754.15,0.1,3010.68,inflation,659.0,0.47,484.84,689.64,1,410.77,94,0,575.29,1760.94,Salary,1417.92,Utilities,Positive,14.5,High,2412.96,0,1699.1100000000001,68.84230717038982,8.890828605274642
2020-07-24,1567,4887.93,3947.95,0.23,3381.91,normal,731.0,0.2,539.24,0.0,7,1019.58,22,0,794.47,2100.87,Mixed,1052.61,Rent,Positive,88.6,Medium,3022.54,0,939.9800000000005,80.76936453672617,11.032072881567451
2020-08-23,1750,5058.33,4337.2,0.25,2227.76,normal,614.0,0.23,510.6,320.79,9,985.35,64,0,501.6,2632.08,Salary,1203.52,Education,Neutral,95.2,Low,1262.5,0,721.1300000000001,85.7437138344078,10.094240589285397
2020-09-22,1042,4711.43,4511.02,0.29,2797.13,normal,685.0,0.12,399.6,350.11,1,1290.73,78,0,416.58,3129.02,Salary,965.42,Investments,Positive,88.8,Low,1235.25,0,200.40999999999985,95.74630207813763,8.481501370072356
2020-10-22,1216,3150.61,2855.49,0.09,2485.44,inflation,740.0,0.29,545.09,819.49,5,1131.02,94,0,620.8,1891.48,Salary,343.21,Rent,Positive,80.7,Low,137.35,0,295.12000000000035,90.63292505260885,17.30109407384602
2020-11-21,1416,4902.58,4189.4,0.25,2664.1,inflation,632.0,0.3,452.67,574.02,1,1178.21,87,0,419.11,2229.85,Salary,1540.44,Insurance,Negative,4.2,Low,1697.55,0,713.1800000000003,85.45296558138776,9.233301649335656
2020-12-21,1172,2969.58,5003.88,0.32,2754.26,normal,693.0,0.47,614.73,581.38,5,1027.31,77,0,420.25,2739.24,Salary,1844.39,Groceries,Positive,45.8,High,0.0,0,-2034.3000000000002,168.50463701937647,20.70090719899784
2021-01-20,1163,2742.74,3879.52,0.25,2859.9,inflation,656.0,0.45,524.49,440.24,2,236.41,49,0,631.79,1848.95,Salary,1398.78,Entertainment,Positive,23.7,Low,0.0,0,-1136.7800000000002,141.44687429358964,19.122847954964744
2021-02-19,1463,3575.04,4359.2300000000005,0.38,1757.66,normal,687.0,0.14,526.01,850.63,3,958.96,25,0,464.22,2896.27,Salary,998.74,Utilities,Positive,76.1,High,0.0,0,-784.1900000000005,121.93513918725387,14.713401808091659
2021-03-21,1974,4774.81,2910.41,0.24,2483.09,normal,663.0,0.53,633.49,694.53,7,1266.24,88,0,690.97,1026.24,Salary,1193.2,Healthcare,Positive,18.4,Medium,1323.13,0,1864.4000000000005,60.95342013608918,13.267334197591108
2021-04-20,1584,2028.96,3146.5099999999998,0.05,2857.71,normal,760.0,0.37,383.61,277.89,7,532.38,49,0,284.66,1363.82,Salary,1498.03,Education,Positive,17.9,Low,0.0,0,-1117.5499999999997,155.079942433562,18.906730541755383
2021-05-20,1522,4676.61,2242.34,0.12,2844.99,normal,748.0,0.54,335.43,556.09,1,1281.88,20,0,473.87,1000.0,Salary,768.47,Investments,Neutral,78.7,Low,1167.31,0,2434.2699999999995,47.94797941243765,7.1725031593397786
2021-06-19,1172,3641.92,4250.24,0.17,3297.79,normal,677.0,0.6,734.86,315.18,1,611.53,45,0,777.72,2058.0,Mixed,1414.52,Dining Out,Neutral,88.6,Medium,27.28,0,-608.3199999999997,116.70327739214478,20.177818293647306
2021-07-19,1968,3587.67,4674.67,0.26,2961.3,recession,685.0,0.5,449.09,12.34,2,1200.4,86,0,540.23,2469.77,Freelance,1664.67,Groceries,Positive,98.7,Medium,1979.73,0,-1087.0,130.2982158336748,12.517594985046005
2021-08-18,1888,2812.24,4618.5199999999995,0.24,2915.28,normal,730.0,0.12,353.3,564.32,9,44.14,82,0,516.66,2861.97,Salary,1239.89,Groceries,Neutral,19.4,Low,0.0,0,-1806.2799999999997,164.229226524052,12.56293915170825
2021-09-17,1767,4316.84,3752.5800000000004,0.24,2797.43,normal,681.0,0.22,515.67,687.21,2,413.97,83,0,518.73,2496.76,Salary,737.09,Education,Neutral,26.7,High,1618.53,0,564.2599999999998,86.92886463246265,11.945543499411606
2021-10-17,1603,3457.99,3863.9300000000003,0.38,2505.38,normal,626.0,0.13,441.16,0.0,9,820.45,94,0,596.38,1392.57,Salary,1874.98,Transportation,Positive,4.6,Low,0.0,0,-405.9400000000005,111.73918952917737,12.757700282534074
2021-11-16,1848,3699.45,4118.16,0.18,2596.34,normal,673.0,0.46,447.79,319.56,6,655.65,75,0,474.01,2272.98,Freelance,1371.17,Entertainment,Positive,11.6,Medium,1952.38,0,-418.71000000000004,111.31816891700117,12.104231710119073
2021-12-16,1220,4908.88,2733.4000000000005,0.17,2517.83,normal,751.0,0.27,218.68,354.38,5,418.57,20,0,480.76,1608.67,Freelance,643.97,Investments,Negative,83.3,High,1833.27,0,2175.4799999999996,55.68276266684051,4.454783983311875
2022-01-15,1369,4738.69,4871.45,0.09,3274.18,recession,640.0,0.22,493.76,803.88,5,1816.54,68,1,813.58,3008.38,Freelance,1049.49,Entertainment,Negative,10.7,High,1396.54,0,-132.76000000000022,102.80161816873441,10.419757359101355
2022-02-14,1911,4117.59,4398.889999999999,0.36,3138.21,normal,690.0,0.49,285.6,50.05,3,966.19,73,0,117.44,2153.52,Mixed,2127.93,Healthcare,Neutral,49.3,Low,2635.53,0,-281.2999999999993,106.83166609594446,6.936096114474729
2022-03-16,1837,4250.74,1831.15,0.25,3063.59,normal,707.0,0.16,405.56,684.38,7,968.16,32,0,289.02,1000.0,Salary,542.13,Education,Positive,49.4,Medium,0.0,0,2419.5899999999997,43.078381646489795,9.540926991535592
2022-04-15,1423,1239.94,4518.89,0.13,2962.44,normal,744.0,0.22,355.18,0.0,3,889.15,29,0,661.25,2322.84,Salary,1534.8,Education,Positive,22.0,Low,0.0,0,-3278.9500000000003,364.44424730228883,28.644934432311242
2022-05-15,1123,4691.21,4796.7,0.37,3099.22,normal,718.0,0.14,948.03,392.01,5,1984.61,97,0,812.23,2650.24,Salary,1334.23,Dining Out,Positive,53.6,Low,1836.18,0,-105.48999999999978,102.24867358314805,20.20864553068398
2022-06-14,1112,2724.46,2517.1299999999997,0.16,2070.64,inflation,738.0,0.54,341.72,351.89,6,999.29,80,0,380.6,1000.0,Salary,1136.53,Utilities,Positive,20.9,Low,233.97,0,207.33000000000038,92.39005160655688,12.542669005968158
2022-07-14,1023,3247.65,4346.370000000001,0.28,2939.23,normal,765.0,0.18,167.87,321.76,3,921.71,44,1,101.02,2546.98,Salary,1698.37,Rent,Positive,7.8,Low,0.0,0,-1098.7200000000007,133.83123181377306,5.168968330946992
2022-08-13,1572,3501.27,5388.13,0.1,2648.14,recession,711.0,0.5,71.92,293.7,7,1870.16,92,0,496.29,3215.26,Salary,1676.58,Transportation,Positive,83.9,Low,0.0,0,-1886.8600000000001,153.89073107758043,2.0541117937205646
2022-09-12,1885,5065.27,4343.61,0.14,2044.48,normal,585.0,0.5,676.05,273.97,4,1571.9,87,0,895.88,1786.58,Salary,1661.15,Insurance,Positive,20.8,High,1990.19,0,721.6600000000008,85.75278316851815,13.346771248126949
2022-10-12,1553,3830.87,3931.78,0.17,4386.5,recession,649.0,0.46,479.31,675.47,7,204.87,72,0,985.9,1890.72,Salary,1055.16,Transportation,Positive,0.4,Low,1655.68,0,-100.91000000000031,102.634127495843,12.51177930861658
2022-11-11,1950,6575.88,4626.1900000000005,0.06,2244.91,normal,712.0,0.53,573.89,443.84,2,1760.12,63,0,639.52,2563.99,Salary,1422.68,Insurance,Neutral,10.7,Low,3825.98,1,1949.6899999999996,70.35088839820679,8.727196968314505
2022-12-11,1438,4833.52,4860.09,0.19,2641.02,recession,680.0,0.59,549.17,0.0,5,628.85,85,0,493.39,3065.21,Salary,1301.49,Investments,Negative,92.0,Medium,616.22,0,-26.56999999999971,100.54970290802561,11.361699134378258
2023-01-10,1828,3571.8,4421.24,0.28,2684.68,inflation,645.0,0.14,416.4,344.0,5,1502.44,59,0,460.92,2859.01,Mixed,1101.31,Utilities,Negative,85.7,Medium,165.22,0,-849.4399999999996,123.78184668794445,11.657987569292793
2023-02-09,1906,4413.76,3075.5099999999998,0.2,3752.35,normal,684.0,0.37,484.13,37.07,3,456.7,64,0,182.29,2332.14,Salary,561.08,Healthcare,Positive,6.5,Medium,1509.08,0,1338.2500000000005,69.68004603784527,10.968652577394328
2023-03-11,1754,3111.42,3866.0000000000005,0.1,3154.35,normal,671.0,0.57,552.91,399.7,3,1434.6,31,0,680.23,2031.14,Salary,1154.63,Rent,Positive,45.9,Medium,649.77,0,-754.5800000000004,124.25194927075098,17.770342801678975
2023-04-10,1448,2644.59,4306.49,0.28,2069.0,normal,669.0,0.19,372.12,352.22,8,808.17,20,0,393.55,1994.56,Freelance,1918.38,Dining Out,Positive,74.1,Low,0.0,0,-1661.8999999999996,162.84149906034583,14.070990210202716
2023-05-10,1065,3410.52,4168.09,0.32,2546.27,normal,713.0,0.28,515.36,431.37,7,832.45,44,0,265.38,2254.49,Salary,1648.22,Groceries,Positive,32.2,Medium,2150.82,0,-757.5700000000002,122.2127417519909,15.110892180664532
2023-06-09,1683,4741.9,4752.72,0.26,3120.58,inflation,630.0,0.44,222.7,424.96,5,1815.05,53,0,639.51,2999.14,Salary,1114.07,Utilities,Negative,48.4,Low,1625.04,0,-10.820000000000618,100.22817857820705,4.696429701174635
2023-07-09,1160,3854.53,4037.9900000000002,0.31,2531.1,normal,677.0,0.27,313.4,27.85,3,108.19,43,0,656.06,2299.9,Salary,1082.03,Investments,Positive,77.3,Low,1713.44,0,-183.46000000000004,104.75959455497816,8.130692976835048
2023-08-08,1734,3766.71,4168.28,0.23,2240.93,normal,700.0,0.55,508.37,528.38,2,1535.86,24,0,673.11,2852.3,Salary,642.87,Rent,Positive,11.2,Medium,144.77,0,-401.5699999999997,110.66102779348554,13.496393404323667
2023-09-07,1203,5214.41,4207.88,0.22,2550.97,normal,770.0,0.47,572.45,792.44,9,743.84,31,0,452.21,2536.46,Salary,1219.21,Entertainment,Positive,97.8,Medium,3047.92,1,1006.5299999999997,80.69714502695416,10.978231477770258
2023-10-07,1670,4072.72,4266.37,0.06,2682.71,inflation,694.0,0.22,652.77,670.54,6,1048.08,51,0,181.12,2802.07,Salary,1283.18,Transportation,Positive,95.6,Low,2040.41,0,-193.6500000000001,104.75480759787071,16.02786344261329
2023-11-06,1933,4019.7,3527.3500000000004,0.28,2701.8,normal,689.0,0.33,426.17,353.85,7,1568.92,25,0,593.34,1068.64,Salary,1865.37,Transportation,Positive,82.2,Low,1267.55,0,492.34999999999945,87.75157350051,10.602034977734657
2019-01-01,1666,3258.17,3452.1099999999997,0.16,2906.09,normal,597.0,0.54,387.0,517.52,6,1103.66,30,0,662.83,1857.09,Salary,932.19,Investments,Negative,20.0,Low,777.73,0,-193.9399999999996,105.95242114438473,11.877833262230023
2019-01-31,1789,2768.86,3438.63,0.29,3560.72,normal,702.0,0.45,516.47,1051.06,5,1230.7,25,0,220.35,2918.28,Salary,300.0,Rent,Positive,9.9,High,1018.06,0,-669.77,124.18937757777569,18.65280295861835
2019-03-02,1592,3396.54,3996.6800000000003,0.06,1994.39,normal,657.0,0.33,758.64,567.45,8,1139.14,48,0,611.24,2083.19,Mixed,1302.25,Rent,Positive,69.6,Low,490.88,0,-600.1400000000003,117.66915743668558,22.335671006377076
2019-04-01,1408,4391.95,4607.82,0.31,2806.62,recession,680.0,0.18,552.95,0.0,1,288.36,21,0,350.99,3077.52,Salary,1179.31,Transportation,Positive,69.2,Low,322.91,0,-215.8699999999999,104.91512881521876,12.59007957740867
2019-05-01,1804,3979.12,3625.2300000000005,0.35,4101.56,inflation,750.0,0.27,522.42,404.11,7,783.1,59,0,228.5,2087.76,Freelance,1308.97,Dining Out,Neutral,85.7,High,0.0,0,353.8899999999994,91.1063250165866,13.129033555157923
2019-05-31,1808,4802.64,4860.24,0.32,2511.17,recession,695.0,0.6,827.88,121.08,5,1537.94,69,0,460.5,3001.88,Salary,1397.86,Utilities,Negative,5.7,High,2230.41,0,-57.599999999999454,101.19934036280046,17.23801908950077
2019-06-30,1785,4277.12,3490.7000000000003,0.07,3128.51,recession,648.0,0.37,967.68,397.2,8,1372.75,65,0,378.13,1572.15,Salary,1540.42,Entertainment,Positive,77.1,Medium,1722.78,0,786.4199999999996,81.6133285949424,22.62456980398025
2019-07-30,1671,4480.08,3841.6800000000003,0.08,3506.07,normal,713.0,0.38,554.22,235.42,5,1267.36,33,0,166.91,2340.28,Freelance,1334.49,Utilities,Positive,46.1,Low,1861.22,0,638.3999999999996,85.7502544597418,12.370761236406494
2019-08-29,1463,4504.05,4256.07,0.33,1883.7,normal,654.0,0.12,674.75,584.07,2,1607.61,58,0,777.48,2764.99,Mixed,713.6,Utilities,Positive,72.8,Low,1008.34,0,247.98000000000047,94.49428847370699,14.980961579023322
2019-09-28,1788,2699.8,4557.21,0.36,3116.25,normal,637.0,0.22,513.32,533.78,9,1167.35,68,0,614.46,2244.25,Salary,1698.5,Insurance,Negative,22.8,Medium,0.0,0,-1857.4099999999999,168.79805911549002,19.01326024149937
2019-10-28,1647,3287.92,3261.8999999999996,0.2,1804.6,recession,659.0,0.49,360.71,523.87,3,803.95,46,0,613.41,1411.17,Salary,1237.32,Investments,Negative,75.7,Low,360.69,0,26.020000000000437,99.20861821455509,10.97076571206112
2019-11-27,1485,2761.4,3218.79,0.11,2604.13,normal,656.0,0.28,701.48,0.0,4,751.98,54,0,495.84,1538.37,Freelance,1184.58,Education,Positive,26.4,Low,0.0,0,-457.3899999999999,116.56369957268052,25.40305642065619
2019-12-27,1285,5728.92,2518.7599999999998,0.36,2274.25,inflation,594.0,0.1,158.26,47.05,1,1010.98,31,1,470.69,1000.0,Salary,1048.07,Investments,Negative,42.9,Low,2608.97,1,3210.1600000000003,43.965703832485005,2.762475300754767
2020-01-26,1051,5818.42,5080.4800000000005,0.17,4052.73,normal,597.0,0.25,438.88,976.79,1,815.23,79,0,311.56,3460.6,Salary,1308.32,Entertainment,Positive,25.9,Low,2335.59,0,737.9399999999996,87.31717545312989,7.542941210844181
2020-02-25,1372,3708.57,3115.32,0.26,2363.85,normal,655.0,0.4,562.29,528.33,4,1562.48,72,0,278.15,1685.83,Mixed,1151.34,Healthcare,Neutral,56.7,High,2236.93,0,593.25,84.00326810603548,15.161908768069631
2020-03-26,1672,3430.78,3985.5899999999997,0.23,3549.62,inflation,695.0,0.26,630.27,105.93,8,2048.3,20,0,651.68,2442.16,Salary,891.75,Groceries,Negative,20.8,High,1580.65,0,-554.8099999999995,116.17154116556583,18.371040987763713
2020-04-25,1280,3986.88,4444.41,0.22,3285.38,normal,689.0,0.26,564.72,726.66,2,1169.52,84,0,575.1,2640.91,Salary,1228.4,Rent,Negative,49.4,Low,1332.18,0,-457.52999999999975,111.47589092222489,14.164459426920297
2020-05-25,1524,4703.43,4366.05,0.31,3193.16,normal,680.0,0.35,630.81,1288.24,4,1066.51,59,0,473.21,2219.56,Salary,1673.28,Utilities,Neutral,45.0,Medium,121.71,0,337.3800000000001,92.82693693751156,13.411701673034356
2020-06-24,1831,4109.68,4500.12,0.38,2111.3,inflation,597.0,0.51,512.01,644.16,7,1420.79,24,0,681.89,2373.5,Salary,1444.73,Utilities,Negative,43.5,High,417.9,0,-390.4399999999996,109.50049638901325,12.45863424889529
2020-07-24,1498,3713.28,3766.7900000000004,0.4,2578.97,recession,760.0,0.44,360.98,490.62,1,363.74,66,0,922.4,1814.41,Salary,1029.98,Entertainment,Positive,23.3,Low,1549.28,0,-53.51000000000022,101.44104403653913,9.721324543260943
2020-08-23,1383,4367.91,5111.86,0.27,3009.42,recession,700.0,0.17,757.07,936.11,3,795.62,49,0,260.15,3310.91,Salary,1540.8,Groceries,Neutral,60.6,Low,787.24,0,-743.9499999999998,117.03217328195865,17.33254577131855
2020-09-22,1336,5846.22,3817.45,0.32,3044.42,normal,704.0,0.43,683.44,231.23,8,674.59,84,0,601.16,2431.02,Salary,785.27,Utilities,Negative,35.5,Low,2627.99,0,2028.7700000000004,65.29774794653639,11.690288767784997
2020-10-22,1161,4616.13,3700.94,0.12,2844.64,normal,679.0,0.19,498.12,398.73,4,0.0,25,1,468.56,1866.65,Salary,1365.73,Transportation,Positive,28.5,High,607.72,0,915.19,80.17408521857054,10.790857276549836
2020-11-21,1099,3147.63,4185.1900000000005,0.16,2467.59,inflation,655.0,0.3,577.77,660.31,3,704.45,46,0,727.47,2541.13,Salary,916.59,Transportation,Neutral,9.7,Medium,227.65,0,-1037.5600000000004,132.96321359244894,18.355715252428016
2020-12-21,1020,3925.14,4425.42,0.38,2980.01,normal,807.0,0.39,706.45,775.73,1,1389.52,37,0,315.38,2335.37,Salary,1774.67,Rent,Negative,73.0,Medium,1028.24,0,-500.2800000000002,112.74553264342164,17.99808414476936
2021-01-20,1816,5516.76,4112.639999999999,0.21,2215.5,recession,730.0,0.56,991.52,538.51,2,727.36,64,0,509.61,2339.71,Salary,1263.32,Transportation,Positive,12.9,Low,2986.93,1,1404.1200000000008,74.54810432210209,17.972868132744583
2021-02-19,1323,4442.21,3125.54,0.24,2742.87,inflation,684.0,0.42,139.32,372.94,5,768.35,92,0,539.98,2285.56,Salary,300.0,Rent,Positive,17.4,Low,0.0,0,1316.67,70.36002350181553,3.1362767631426696
2021-03-21,1355,3579.27,5001.28,0.17,2366.75,normal,731.0,0.28,658.83,524.88,3,861.9,30,0,588.54,3133.75,Salary,1278.99,Investments,Positive,43.9,Medium,0.0,0,-1422.0099999999998,139.72905089585305,18.406825972893913
2021-04-20,1805,2474.88,5348.86,0.16,2767.98,normal,696.0,0.44,752.33,684.6,6,814.24,87,0,501.4,3600.13,Salary,1247.33,Groceries,Positive,21.3,Medium,0.0,0,-2873.9799999999996,216.12603439358674,30.39864559089734
2021-05-20,1192,2049.78,5733.2699999999995,0.35,3051.1,inflation,655.0,0.23,456.42,465.79,5,1429.13,32,0,308.75,3726.68,Salary,1697.84,Healthcare,Positive,0.6,Low,0.0,0,-3683.4899999999993,279.701724087463,22.266779849544825
2021-06-19,1163,3501.07,4653.33,0.31,2950.98,normal,656.0,0.12,677.77,88.48,3,1859.19,38,0,725.98,2385.97,Salary,1541.38,Transportation,Positive,10.9,Medium,911.83,0,-1152.2599999999998,132.91165272331028,19.35893883869788
2021-07-19,1333,4599.99,3703.9100000000003,0.37,2848.76,recession,665.0,0.47,470.48,289.82,9,227.5,93,0,453.34,2357.19,Salary,893.38,Investments,Positive,30.8,Low,1598.58,0,896.0799999999995,80.51995765208187,10.227848321409395
2021-08-18,1169,2990.93,4311.9,0.2,2042.97,normal,684.0,0.17,561.79,598.51,8,221.72,84,0,684.88,2627.69,Freelance,999.33,Dining Out,Positive,26.0,Low,276.35,0,-1320.9699999999998,144.165861454464,18.783120969063134
2021-09-17,1741,4600.92,3188.88,0.24,3231.79,normal,654.0,0.51,746.07,154.04,1,1294.22,69,0,527.33,1536.2,Freelance,1125.35,Rent,Neutral,27.4,Low,2887.04,0,1412.04,69.30961633760204,16.215669909496363
2021-10-17,1021,4077.43,3817.39,0.14,2304.88,normal,717.0,0.58,442.84,395.29,5,254.77,62,0,381.56,2243.0,Salary,1192.83,Insurance,Positive,64.3,Low,1311.93,0,260.03999999999996,93.6224533591012,10.860762784400958
2021-11-16,1730,4482.92,4324.05,0.13,2120.53,normal,720.0,0.25,437.04,386.36,6,1599.62,24,0,436.62,2649.77,Salary,1237.66,Healthcare,Negative,26.6,Low,1648.24,0,158.8699999999999,96.4561045033148,9.749002882050092
2021-12-16,1582,3970.13,4251.29,0.06,2648.37,normal,671.0,0.54,440.4,646.38,8,1064.93,34,0,216.74,2636.24,Salary,1398.31,Rent,Positive,56.5,Medium,1859.78,0,-281.15999999999985,107.08188396853504,11.09283575097037
2022-01-15,1888,3400.29,3704.89,0.15,3066.71,inflation,713.0,0.51,503.49,214.81,7,534.89,74,1,476.33,2655.42,Salary,573.14,Rent,Positive,13.4,High,1076.17,0,-304.5999999999999,108.95805945963433,14.807266439039024
2022-02-14,1538,3019.64,4419.5599999999995,0.19,2585.22,recession,701.0,0.13,565.46,231.14,1,1600.26,26,0,630.0,2303.98,Freelance,1485.58,Entertainment,Negative,99.5,High,11.64,0,-1399.9199999999996,146.36049330383753,18.7260733067518
2022-03-16,1580,2511.69,2445.12,0.11,3096.48,normal,689.0,0.49,682.08,307.62,9,406.54,33,0,647.83,1497.29,Freelance,300.0,Rent,Neutral,40.5,Medium,0.0,0,66.57000000000016,97.34959330172114,27.15621752684448
2022-04-15,1395,2747.93,3448.9500000000003,0.29,2585.77,normal,641.0,0.54,608.09,240.11,1,2150.43,93,0,514.98,1912.63,Salary,1021.34,Dining Out,Positive,2.1,Low,0.0,0,-701.0200000000004,125.510839067953,22.129020753803776
2022-05-15,1849,3239.67,3935.8,0.21,2562.68,inflation,645.0,0.42,255.5,976.25,4,594.96,42,0,528.08,2350.71,Salary,1057.01,Rent,Neutral,58.5,Medium,0.0,0,-696.1300000000001,121.48768238740367,7.88660573453469
2022-06-14,1732,4154.97,5407.8099999999995,0.34,2862.08,recession,664.0,0.56,394.0,638.03,7,1140.33,80,0,844.41,3038.61,Freelance,1524.79,Entertainment,Neutral,79.5,Low,3029.91,1,-1252.8399999999992,130.15280495406705,9.482619609768541
2022-07-14,1787,3757.38,3685.7,0.09,2216.65,normal,701.0,0.15,383.93,666.64,4,1024.38,38,0,767.68,1860.65,Freelance,1057.37,Insurance,Neutral,69.4,Low,858.57,0,71.68000000000029,98.09228771111785,10.21802426158653
2022-08-13,1803,5842.25,2116.55,0.08,2721.32,inflation,709.0,0.57,341.44,0.0,7,1072.42,55,0,363.81,1348.8,Salary,403.94,Rent,Neutral,70.2,Medium,3839.43,1,3725.7,36.22833668535239,5.844323676665668
2022-09-12,1121,4226.28,3656.8900000000003,0.09,2664.69,recession,761.0,0.57,303.42,454.08,9,716.32,94,0,705.69,2348.36,Salary,602.84,Rent,Positive,45.6,Low,1213.85,0,569.3899999999994,86.52739525066964,7.17936341179477
2022-10-12,1751,4241.91,4338.89,0.4,2132.46,inflation,700.0,0.58,419.5,370.62,5,2045.64,40,0,823.05,2871.61,Mixed,644.23,Education,Positive,30.4,Low,1786.69,0,-96.98000000000047,102.28623426711081,9.889413023850107
2022-11-11,1572,3360.59,4364.030000000001,0.39,1992.49,normal,678.0,0.5,495.91,291.6,4,1114.26,64,0,883.94,1833.94,Salary,1646.15,Dining Out,Negative,87.0,Low,373.38,0,-1003.4400000000005,129.8590426085896,14.756634995640647
2022-12-11,1925,4397.2,4271.22,0.09,2611.9,inflation,649.0,0.23,378.74,603.35,9,1277.87,80,0,648.2,2494.39,Salary,1128.63,Utilities,Neutral,12.1,Low,1344.43,0,125.97999999999956,97.13499499681618,8.613208405348859
2023-01-10,1277,4198.33,3466.07,0.16,2874.44,inflation,712.0,0.21,478.66,695.56,9,1047.97,47,0,333.39,1839.38,Salary,1293.3,Healthcare,Neutral,78.0,Low,1513.84,0,732.2599999999998,82.55830294426593,11.40120000095276
2023-02-09,1643,3932.59,3259.48,0.23,2747.25,inflation,768.0,0.58,226.21,0.0,7,1349.69,46,0,311.75,1811.79,Mixed,1135.94,Rent,Positive,13.9,Low,1296.37,0,673.1100000000001,82.88379922646398,5.7521887610963764
2023-03-11,1428,2212.12,4258.32,0.19,2128.04,inflation,648.0,0.35,522.04,351.64,6,1270.42,36,0,620.52,2492.22,Salary,1145.58,Entertainment,Neutral,91.9,Medium,0.0,0,-2046.1999999999998,192.49950273945356,23.599081424154207
2023-04-10,1014,2414.64,4102.95,0.38,3611.74,normal,789.0,0.27,292.08,320.72,7,1247.25,73,0,617.38,2025.78,Salary,1459.79,Groceries,Positive,35.4,Low,167.79,0,-1688.31,169.9197395885101,12.096213100089455
2023-05-10,1063,4214.54,4485.299999999999,0.14,2091.56,inflation,655.0,0.16,257.64,322.5,5,1318.14,60,0,296.48,2895.81,Salary,1293.01,Healthcare,Neutral,95.2,Medium,270.94,0,-270.7599999999993,106.42442591599557,6.113122665818808
2023-06-09,1167,3715.42,3803.01,0.36,2840.06,normal,654.0,0.42,476.82,482.24,3,271.78,55,0,333.01,2215.34,Salary,1254.66,Rent,Neutral,87.0,Low,1602.15,0,-87.59000000000015,102.35747237189874,12.833542372060226
2023-07-09,1164,5136.31,5177.19,0.16,2880.24,normal,664.0,0.19,534.33,566.83,2,1868.06,56,0,525.61,3150.4,Mixed,1501.18,Transportation,Positive,26.5,Low,3366.4,1,-40.8799999999992,100.79590211649996,10.402993588782609
2023-08-08,1472,3962.23,2889.4,0.27,2791.84,recession,748.0,0.31,413.41,169.76,4,1330.26,94,0,569.85,1029.51,Salary,1290.04,Education,Positive,76.3,Medium,254.16,0,1072.83,72.92358091276883,10.433770881549027
2023-09-07,1397,4400.31,4227.81,0.08,2275.42,normal,674.0,0.15,561.82,0.0,1,893.96,95,0,455.39,2141.02,Freelance,1631.4,Education,Neutral,59.0,Low,928.65,0,172.5,96.07982164892928,12.76773681854233
2023-10-07,1156,5580.52,2841.45,0.12,2823.33,normal,680.0,0.54,494.01,444.44,9,405.32,81,0,465.79,1592.32,Freelance,783.34,Education,Positive,37.6,Medium,2067.33,0,2739.0700000000006,50.9172980295743,8.852400851533549
2023-11-06,1925,4917.63,4004.05,0.24,3443.1,normal,596.0,0.22,349.85,429.32,8,1504.53,95,0,134.81,2684.61,Salary,1184.63,Transportation,Negative,55.8,Medium,1335.95,0,913.5799999999999,81.42235182394771,7.114199319590941
2019-01-01,1599,1891.43,4452.5199999999995,0.27,2565.96,recession,699.0,0.15,489.13,477.14,2,1110.61,59,0,432.13,2626.89,Freelance,1393.5,Transportation,Neutral,71.5,High,0.0,0,-2561.0899999999992,235.4049581533548,25.860327900054454
2019-01-31,1958,5080.44,3683.5699999999997,0.4,2733.13,inflation,628.0,0.59,656.59,712.86,3,1083.98,43,0,684.2,2351.38,Salary,647.99,Insurance,Positive,9.4,High,2389.65,0,1396.87,72.5049405169631,12.923880608766172
2019-03-02,1870,3509.17,4172.110000000001,0.16,2814.4,recession,614.0,0.36,301.77,1188.0,8,1561.23,37,0,934.37,2625.9,Salary,611.84,Entertainment,Positive,81.5,Medium,0.0,0,-662.9400000000005,118.89164674267705,8.599469390197681
2019-04-01,1979,3011.78,3780.8500000000004,0.29,2872.22,normal,727.0,0.16,851.09,0.0,6,1016.8,68,0,618.45,2346.71,Mixed,815.69,Transportation,Positive,28.8,High,0.0,0,-769.0700000000002,125.5353976718087,28.25870415501796
2019-05-01,1037,3766.66,4319.12,0.39,3287.03,inflation,615.0,0.55,0.0,463.51,7,1237.53,70,0,475.05,2637.13,Salary,1206.94,Utilities,Positive,80.0,Low,967.44,0,-552.46,114.66710560549664,0.0
2019-05-31,1752,3889.28,3915.7799999999997,0.22,3815.38,normal,698.0,0.44,211.15,285.15,2,774.85,42,0,597.04,2463.0,Freelance,855.74,Entertainment,Positive,63.4,Medium,2103.11,0,-26.499999999999545,100.68136004607535,5.429025423728814
2019-06-30,1397,3129.53,2210.86,0.37,3665.33,inflation,660.0,0.31,477.26,495.15,3,1722.78,44,0,457.83,1099.9,Salary,653.13,Rent,Neutral,72.5,Low,0.0,0,918.6700000000001,70.64511284442074,15.250213290813635
2019-07-30,1930,3107.57,3605.3399999999997,0.06,3860.52,inflation,703.0,0.56,549.96,578.18,9,1515.99,62,0,422.45,2259.41,Salary,923.48,Transportation,Negative,75.7,Low,621.69,0,-497.7699999999995,116.01798189582213,17.697429180999947
2019-08-29,1154,4763.39,3240.0600000000004,0.19,2587.44,normal,743.0,0.17,953.62,634.83,1,1558.32,85,1,398.32,2308.92,Salary,532.82,Healthcare,Positive,18.8,Low,1641.04,0,1523.33,68.02004454810545,20.019775831918025
2019-09-28,1963,2648.79,3371.9100000000003,0.09,3518.22,recession,744.0,0.37,123.09,224.6,2,1017.48,27,0,287.86,1935.56,Salary,1148.49,Transportation,Positive,4.9,Low,1240.76,0,-723.1200000000003,127.30001245851881,4.647027510674685
2019-10-28,1447,4220.47,3708.0299999999997,0.26,2941.72,inflation,657.0,0.33,448.69,371.29,6,188.69,28,0,719.01,1395.3,Salary,1593.72,Education,Neutral,64.7,Low,1813.57,0,512.4400000000005,87.85822432098793,10.631280402419636
2019-11-27,1075,3721.67,3928.6500000000005,0.33,3273.66,normal,699.0,0.29,499.24,460.01,2,1018.89,72,0,0.0,2589.51,Salary,1339.14,Insurance,Positive,71.2,Low,1755.93,0,-206.98000000000047,105.56148180789808,13.414408047999956
2019-12-27,1674,3551.42,4555.66,0.3,2156.62,normal,748.0,0.29,668.47,375.38,3,776.38,48,0,1155.77,1723.52,Salary,1676.37,Education,Neutral,66.3,Low,31.9,0,-1004.2399999999998,128.27713984828603,18.822611800350284
2020-01-26,1310,3432.58,4265.91,0.24,3192.88,recession,700.0,0.22,430.84,621.29,9,1606.24,23,0,876.67,2509.0,Salary,880.24,Groceries,Positive,79.3,Low,401.28,0,-833.3299999999999,124.27707438719564,12.551491880742766
2020-02-25,1201,3899.34,3470.55,0.3,1966.21,normal,664.0,0.37,1064.1,460.52,1,1499.38,69,0,598.49,2541.93,Salary,330.13,Dining Out,Neutral,67.9,Medium,0.0,0,428.78999999999996,89.00352367323701,27.2892335626029
2020-03-26,1900,3808.43,4237.79,0.1,2060.09,normal,629.0,0.6,320.04,127.57,3,1041.29,25,0,556.85,2918.28,Salary,762.66,Transportation,Positive,68.1,High,1654.23,0,-429.3600000000001,111.2739370291695,8.403462844269162
2020-04-25,1953,2461.78,3962.3,0.3,3114.1,recession,763.0,0.44,557.48,718.62,4,1333.9,54,0,369.41,2034.16,Salary,1558.73,Utilities,Negative,4.2,Low,1089.11,0,-1500.52,160.95264402180536,22.64540291983849
2020-05-25,1252,4358.15,5028.56,0.08,1901.55,inflation,664.0,0.37,696.93,427.17,9,1076.16,93,0,566.45,2941.9,Salary,1520.21,Rent,Positive,42.1,Low,3251.1,1,-670.4100000000008,115.38290329612337,15.991418377063663
2020-06-24,1218,2127.13,3834.47,0.36,2838.25,normal,606.0,0.21,503.83,388.14,5,1357.34,66,0,734.39,1765.98,Salary,1334.1,Transportation,Positive,5.2,Low,528.36,0,-1707.3399999999997,180.26495794803324,23.6859054218595
2020-07-24,1081,4446.81,4395.32,0.05,3764.88,inflation,660.0,0.22,321.73,308.04,6,1459.97,31,0,393.67,2393.44,Salary,1608.21,Groceries,Positive,94.5,High,1390.21,0,51.49000000000069,98.84209129690721,7.235074131793352
2020-08-23,1511,4999.71,3481.21,0.14,1617.47,normal,735.0,0.34,664.56,217.69,3,2015.76,28,0,346.9,2016.75,Salary,1117.56,Dining Out,Positive,44.9,Medium,2074.92,1,1518.5,69.6282384378294,13.29197093431419
2020-09-22,1280,2753.5,3990.3799999999997,0.29,2848.18,normal,628.0,0.36,599.85,513.21,9,1817.19,28,0,648.35,2190.87,Freelance,1151.16,Entertainment,Negative,73.7,Low,133.5,0,-1236.8799999999997,144.92028327583074,21.785000907935355
2020-10-22,1828,3422.1,4579.18,0.33,2732.69,normal,650.0,0.44,326.95,335.2,4,1129.31,70,0,440.98,2810.62,Salary,1327.58,Dining Out,Positive,27.2,Low,0.0,0,-1157.0800000000004,133.81198679173608,9.55407498319745
2020-11-21,1279,3275.27,3097.87,0.19,2770.52,recession,669.0,0.19,625.24,422.67,4,1227.66,78,0,326.46,1762.62,Salary,1008.79,Insurance,Negative,55.5,Low,1098.71,0,177.4000000000001,94.58365264543076,19.089723900624985
2020-12-21,1288,4834.54,2691.27,0.17,3351.42,normal,633.0,0.4,240.92,303.21,8,892.29,44,0,446.5,1440.51,Salary,804.26,Transportation,Negative,24.4,Low,2484.76,0,2143.27,55.66755058392319,4.9833076156159635
2021-01-20,1919,1172.52,3946.97,0.33,2399.12,normal,683.0,0.57,440.02,243.7,2,1840.21,77,0,342.06,1342.27,Freelance,2262.64,Groceries,Neutral,49.2,Medium,0.0,0,-2774.45,336.62282946133115,37.52771807730358
2021-02-19,1332,4195.37,3718.6800000000003,0.16,2979.51,normal,639.0,0.51,642.16,523.33,3,1549.86,69,0,468.61,1545.4,Freelance,1704.67,Rent,Positive,1.5,Medium,3020.96,1,476.6899999999996,88.63771252595124,15.306397290346263
2021-03-21,1510,6429.44,2738.5,0.29,2286.01,normal,743.0,0.46,441.69,71.33,1,7.62,51,0,136.72,1790.42,Salary,811.36,Transportation,Positive,41.4,Low,2415.38,1,3690.9399999999996,42.5931340832172,6.869805146326896
2021-04-20,1890,4433.49,3790.23,0.18,1791.71,recession,717.0,0.58,501.06,972.17,5,1240.81,84,0,956.16,1757.93,Mixed,1076.14,Utilities,Positive,31.2,Low,1218.34,0,643.2599999999998,85.49088866784408,11.301705879566661
2021-05-20,1846,4486.17,3211.5499999999997,0.34,2876.22,normal,693.0,0.54,549.95,238.33,5,278.78,85,0,494.15,2084.99,Salary,632.41,Healthcare,Positive,2.5,Low,0.0,0,1274.6200000000003,71.58779092187767,12.25878644812836
2021-06-19,1371,3570.72,4203.14,0.34,3143.54,inflation,757.0,0.13,497.05,652.28,6,2139.66,24,0,670.55,2347.54,Salary,1185.05,Utilities,Positive,21.4,Medium,0.0,0,-632.4200000000005,117.7112739167451,13.920161760093203
2021-07-19,1147,3350.17,3090.71,0.11,3896.14,recession,668.0,0.53,439.65,190.19,3,577.15,81,0,694.9,1749.04,Salary,646.77,Investments,Neutral,63.6,Low,421.3,0,259.46000000000004,92.25531838682814,13.123214642839018
2021-08-18,1305,3089.53,4844.119999999999,0.34,2892.15,normal,656.0,0.3,627.05,389.76,9,412.15,84,0,554.73,2726.64,Freelance,1562.75,Rent,Positive,13.8,Low,0.0,0,-1754.5899999999988,156.79148608364375,20.295967347784288
2021-09-17,1805,4401.94,4767.9800000000005,0.21,3038.19,normal,713.0,0.27,269.95,1027.34,4,1082.75,46,0,700.87,2832.69,Freelance,1234.42,Healthcare,Positive,86.6,Medium,718.52,0,-366.0400000000009,108.31542456280643,6.132523387415549
2021-10-17,1059,4266.04,5574.98,0.3,2658.01,inflation,622.0,0.47,567.15,155.05,8,1067.29,63,0,602.65,2721.13,Freelance,2251.2,Groceries,Neutral,61.6,Medium,2223.27,0,-1308.9399999999996,130.68278778445583,13.294530759205259
2021-11-16,1955,5248.76,3405.05,0.08,2266.74,normal,691.0,0.5,637.88,459.92,6,778.23,36,0,404.26,1748.15,Salary,1252.64,Groceries,Positive,42.8,Medium,2982.75,1,1843.71,64.87341772151899,12.152965652839908
2021-12-16,1776,5221.41,3610.41,0.38,2437.89,normal,649.0,0.13,628.21,569.76,9,1249.18,74,0,526.72,2279.8,Salary,803.89,Transportation,Positive,78.8,High,1556.26,0,1611.0,69.14626508931495,12.031424461974831
2022-01-15,1597,4048.72,3644.4100000000003,0.22,2530.6,normal,603.0,0.59,339.36,253.85,7,0.0,87,0,270.61,2067.6,Freelance,1306.2,Healthcare,Negative,51.7,Medium,264.57,0,404.3099999999995,90.01388093026932,8.381908356221226
2022-02-14,1473,4040.51,4384.079999999999,0.23,3206.36,normal,726.0,0.47,416.88,301.03,6,746.66,32,0,261.78,1761.81,Salary,2360.49,Investments,Neutral,75.1,High,1412.6,0,-343.5699999999988,108.50313450529757,10.317509423315373
2022-03-16,1831,3964.65,3841.12,0.29,3017.87,recession,820.0,0.53,411.63,179.44,7,1573.37,96,0,556.89,1576.52,Mixed,1707.71,Rent,Positive,80.6,Medium,1040.74,0,123.5300000000002,96.88421424337584,10.382505391396466
2022-04-15,1899,5559.93,5673.2,0.24,2952.09,normal,644.0,0.53,564.79,646.17,8,1212.1,83,0,875.29,3885.25,Salary,912.66,Transportation,Positive,89.7,High,1374.34,0,-113.26999999999953,102.03725586473209,10.15822141645668
2022-05-15,1570,3394.48,3192.22,0.38,3560.53,normal,661.0,0.47,446.25,196.18,8,911.22,51,0,333.02,2103.58,Salary,755.62,Investments,Neutral,48.8,High,1167.15,0,202.26000000000022,94.04150267493105,13.146343475289294
2022-06-14,1826,2052.7,3393.38,0.25,1898.91,normal,656.0,0.27,70.73,770.67,6,33.74,90,0,519.04,1908.68,Salary,965.66,Education,Positive,15.1,Medium,164.35,0,-1340.6800000000003,165.31300238709994,3.4457056559653143
2022-07-14,1484,3812.68,4210.9800000000005,0.37,1808.35,normal,708.0,0.25,419.17,531.29,1,984.48,33,0,711.01,2347.32,Mixed,1152.65,Groceries,Neutral,23.7,Medium,1035.67,0,-398.30000000000064,110.44671989256902,10.994103884931334
2022-08-13,1154,2949.03,5070.959999999999,0.17,1932.28,normal,664.0,0.46,656.97,351.19,8,1023.27,49,0,628.23,2801.16,Salary,1641.57,Groceries,Negative,70.6,Medium,532.8,0,-2121.929999999999,171.95348979155852,22.277494633828752
2022-09-12,1338,4814.9,2907.12,0.25,2679.18,normal,554.0,0.41,337.23,358.33,3,579.73,32,0,486.58,2061.25,Salary,359.29,Investments,Positive,52.7,High,807.81,0,1907.7799999999997,60.37757793515961,7.003883777440861
2022-10-12,1027,3291.11,4367.5,0.15,2957.58,normal,674.0,0.55,368.21,786.48,9,1434.91,66,0,442.54,2909.5,Salary,1015.46,Rent,Positive,27.5,High,0.0,0,-1076.3899999999999,132.70598673395907,11.18801863201169
2022-11-11,1864,5261.41,3848.62,0.06,3180.42,recession,571.0,0.15,0.0,366.4,3,902.25,75,0,509.47,1672.65,Salary,1666.5,Education,Neutral,70.9,Low,2381.18,0,1412.79,73.14807247486891,0.0
2022-12-11,1389,4529.38,2968.78,0.25,3568.74,recession,657.0,0.44,491.76,294.75,4,364.74,41,0,439.57,1458.89,Salary,1070.32,Transportation,Positive,42.7,Low,527.6,0,1560.6,65.54495317239888,10.857115101846167
2023-01-10,1583,5606.25,3187.31,0.35,2878.46,recession,666.0,0.11,571.38,601.51,9,570.19,54,0,884.29,1612.32,Salary,690.7,Investments,Negative,83.2,Low,2211.1,0,2418.94,56.852798216276476,10.191839464882943
2023-02-09,1039,4274.42,4233.57,0.14,3345.62,normal,545.0,0.58,373.1,320.55,7,1143.49,92,0,888.8,2699.16,Salary,645.61,Education,Positive,0.3,High,1786.1,0,40.850000000000364,99.04431478422802,8.728669620673681
2023-03-11,1782,2718.7,5099.61,0.21,3635.04,normal,708.0,0.38,867.41,606.57,4,819.28,23,0,121.73,3399.29,Freelance,1578.59,Groceries,Neutral,19.8,High,0.0,0,-2380.91,187.5753117298709,31.90532239673373
2023-04-10,1262,3264.93,3562.58,0.16,1862.55,inflation,600.0,0.45,695.42,383.75,8,1171.39,36,0,217.68,2895.48,Salary,449.42,Insurance,Positive,73.8,Medium,12.08,0,-297.6500000000001,109.11658136621611,21.299690958152244
2023-05-10,1848,4257.1,3258.27,0.19,3599.7,recession,781.0,0.15,238.54,463.41,5,1457.34,83,0,341.25,1663.98,Salary,1253.04,Investments,Positive,6.8,Medium,549.73,0,998.8300000000004,76.5373141340349,5.60334500011745
2023-06-09,1516,3319.65,3872.92,0.24,2981.45,normal,743.0,0.32,374.91,94.32,4,0.0,88,0,491.15,1967.68,Salary,1414.09,Healthcare,Negative,33.8,Low,0.0,0,-553.27,116.66651604837858,11.293660476255027
2023-07-09,1232,4921.25,4269.68,0.31,2781.88,inflation,598.0,0.19,84.26,488.71,1,1688.49,33,0,770.71,2036.08,Freelance,1462.89,Healthcare,Positive,15.6,Low,2178.92,0,651.5699999999997,86.76007112014224,1.7121666243332487
2023-08-08,1197,4446.87,4581.289999999999,0.34,3118.84,inflation,786.0,0.2,490.29,784.74,3,1199.88,33,0,435.65,2935.56,Salary,1210.08,Entertainment,Neutral,74.1,Low,1760.47,0,-134.41999999999916,103.02280030673259,11.025507829102269
2023-09-07,1422,2833.25,3335.39,0.31,3128.3,inflation,690.0,0.48,408.9,679.71,7,1639.78,83,0,395.02,1815.19,Freelance,1125.18,Utilities,Positive,90.8,Low,0.0,0,-502.1399999999999,117.72310950322067,14.432189182034765
2023-10-07,1552,3620.95,5082.330000000001,0.1,1999.31,recession,667.0,0.19,282.26,524.59,4,813.78,89,0,587.22,2528.4,Freelance,1966.71,Insurance,Neutral,60.4,Low,1719.38,0,-1461.380000000001,140.35902180367034,7.795191869537001
2023-11-06,1865,3535.77,4228.53,0.38,3244.4,inflation,692.0,0.2,568.17,727.25,4,784.2,82,0,223.32,2538.45,Salary,1466.76,Groceries,Positive,34.9,Low,0.0,0,-692.7599999999998,119.59290338455273,16.069201333797164
2019-01-01,1173,6160.82,4079.2599999999998,0.38,2551.22,inflation,654.0,0.41,519.04,283.93,3,1178.22,92,0,522.14,1888.79,Salary,1668.33,Groceries,Positive,47.5,High,3983.23,1,2081.56,66.2129391866667,8.424852535863732
2019-01-31,1020,4298.5,4947.38,0.38,2354.88,inflation,673.0,0.23,414.92,534.78,3,1888.48,66,0,779.58,2321.76,Salary,1846.04,Insurance,Positive,58.8,High,1077.33,0,-648.8800000000001,115.09549842968478,9.65266953588461
2019-03-02,1047,3702.54,5730.59,0.31,2001.96,normal,774.0,0.23,292.23,468.97,1,439.36,55,0,721.98,3233.37,Salary,1775.24,Investments,Positive,44.3,Low,2590.4,1,-2028.0500000000002,154.7745601668044,7.89268988316129
2019-04-01,1789,3975.15,3624.3899999999994,0.11,3153.14,inflation,687.0,0.12,576.52,393.72,9,1456.48,92,0,686.99,1533.61,Salary,1403.79,Insurance,Positive,77.3,Medium,1226.86,0,350.7600000000007,91.17618203086676,14.503100511930366
2019-05-01,1846,3529.85,4858.14,0.24,2424.83,inflation,660.0,0.33,455.82,25.1,8,1723.19,73,0,583.51,2979.87,Freelance,1294.76,Utilities,Positive,37.0,Low,0.0,0,-1328.2900000000004,137.630210915478,12.913296599005625
2019-05-31,1042,3641.88,2903.1299999999997,0.05,2862.18,inflation,688.0,0.33,379.18,354.98,4,809.5,85,0,350.23,1851.59,Salary,701.31,Education,Neutral,98.9,Medium,374.11,0,738.7500000000005,79.71514712181619,10.411655518578316
2019-06-30,1394,2544.3,4050.9800000000005,0.16,3077.87,recession,744.0,0.33,508.4,673.79,1,1584.47,68,0,416.13,2600.53,Salary,1034.32,Education,Positive,32.6,High,0.0,0,-1506.6800000000003,159.21785952914357,19.981920371025428
2019-07-30,1406,4907.74,4487.910000000001,0.16,3173.14,normal,601.0,0.53,527.73,490.53,6,0.0,80,0,306.43,3244.13,Mixed,937.35,Entertainment,Positive,12.8,Low,855.67,0,419.829999999999,91.445553350422,10.753014625876677
2019-08-29,1404,2405.42,3772.3500000000004,0.32,4144.82,recession,770.0,0.42,322.36,102.27,3,1025.73,25,0,339.88,2002.05,Salary,1430.42,Rent,Neutral,6.2,Medium,0.0,0,-1366.9300000000003,156.82708217275987,13.401401834191118
2019-09-28,1886,5234.17,2692.37,0.15,3054.28,normal,665.0,0.39,419.42,206.82,5,2140.65,66,0,686.73,1188.17,Salary,817.47,Insurance,Positive,20.5,Low,1677.34,0,2541.8,51.4383369283,8.013113827025107
2019-10-28,1466,4775.91,4264.13,0.16,3301.0,normal,601.0,0.15,456.07,299.99,5,435.04,56,0,120.68,2814.52,Freelance,1328.93,Healthcare,Positive,31.4,Low,548.09,0,511.77999999999975,89.28413642635645,9.549384305818158
2019-11-27,1650,3256.31,4463.58,0.31,2881.28,inflation,665.0,0.58,137.77,334.65,9,1370.47,37,0,341.89,2869.74,Mixed,1251.95,Transportation,Negative,2.9,High,0.0,0,-1207.27,137.07478710565027,4.230862540728617
2019-12-27,1978,3409.21,3272.34,0.13,3487.54,normal,654.0,0.11,491.2,705.43,2,1561.27,57,0,310.48,1795.41,Freelance,1166.45,Education,Positive,24.3,Medium,927.0,0,136.8699999999999,95.98528691397715,14.408030012818218
2020-01-26,1318,3417.45,4418.849999999999,0.4,3335.81,normal,643.0,0.19,612.08,220.03,7,674.17,52,0,1073.03,1534.53,Salary,1811.29,Entertainment,Positive,24.3,Medium,804.53,0,-1001.3999999999996,129.30255014703945,17.910430291591688
2020-02-25,1570,2004.74,3755.9700000000003,0.05,2787.08,normal,738.0,0.38,729.66,287.77,2,622.79,58,0,350.94,2271.55,Salary,1133.48,Utilities,Neutral,47.3,High,0.0,0,-1751.2300000000002,187.35446990632204,36.39673972684737
2020-03-26,1345,4233.57,4689.45,0.38,3135.34,normal,615.0,0.32,426.01,955.54,4,816.89,88,0,650.56,2943.68,Salary,1095.21,Utilities,Negative,19.4,Medium,1387.19,0,-455.8800000000001,110.76821689496099,10.062665787975632
2020-04-25,1818,4226.7,4986.0,0.22,2727.01,inflation,605.0,0.2,562.99,224.12,9,1790.08,54,0,556.18,3032.39,Mixed,1397.43,Utilities,Negative,38.0,Low,1958.59,0,-759.3000000000002,117.9643693661722,13.319847635271016
2020-05-25,1459,6190.28,4200.47,0.22,2272.3,normal,677.0,0.22,459.49,653.92,1,1830.59,98,0,490.83,2738.41,Freelance,971.23,Healthcare,Positive,41.5,Low,3064.62,1,1989.8099999999995,67.85589666380196,7.422766013815208
2020-06-24,1449,2401.46,3534.1099999999997,0.35,2382.64,normal,745.0,0.23,684.14,105.03,9,1731.16,52,1,513.74,1439.96,Salary,1580.41,Education,Positive,76.1,Low,0.0,0,-1132.6499999999996,147.16505792309678,28.488502827446638
2020-07-24,1581,5302.86,5161.799999999999,0.32,3035.51,normal,650.0,0.22,774.29,45.19,9,954.31,90,0,91.94,2842.66,Salary,2227.2,Utilities,Positive,50.3,Low,1753.81,0,141.0600000000004,97.33992600219503,14.601366055298461
2020-08-23,1544,1850.88,3587.7400000000002,0.37,2701.57,inflation,677.0,0.48,267.7,424.46,8,1471.79,34,0,210.36,2398.98,Freelance,978.4,Utilities,Positive,7.6,Low,0.0,0,-1736.8600000000001,193.83968706777318,14.46339038727524
2020-09-22,1727,1358.55,3143.29,0.34,3088.37,recession,746.0,0.2,637.49,305.35,7,156.09,28,0,469.6,1509.22,Salary,1164.47,Utilities,Neutral,58.6,Low,0.0,0,-1784.74,231.3709469655147,46.92429428434728
2020-10-22,1312,4395.93,3647.69,0.35,2922.25,inflation,722.0,0.52,812.37,256.77,7,436.64,46,0,485.31,2115.45,Mixed,1046.93,Insurance,Neutral,78.2,Low,738.0,0,748.2400000000002,82.97880084532738,18.480048590400667
2020-11-21,1158,5389.36,4331.18,0.33,3435.46,normal,596.0,0.17,517.32,726.77,8,0.0,67,0,532.95,2162.79,Freelance,1635.44,Transportation,Neutral,71.4,Low,1303.76,0,1058.1799999999994,80.36538661362388,9.59891341457984
2020-12-21,1452,2678.07,5140.27,0.2,2237.88,normal,676.0,0.27,577.38,286.67,3,1306.62,64,0,820.85,3015.31,Salary,1304.11,Insurance,Positive,81.0,Medium,0.0,0,-2462.2000000000003,191.939344378601,21.559555948873626
2021-01-20,1736,5284.93,3797.7000000000003,0.12,2687.59,normal,637.0,0.27,571.41,146.92,6,1608.74,96,0,399.8,2329.55,Freelance,1068.35,Investments,Positive,8.2,High,928.75,0,1487.23,71.85904070631021,10.812063735943521
2021-02-19,1674,3998.83,3265.2299999999996,0.14,1175.57,recession,647.0,0.21,600.0,570.29,8,1024.21,27,0,642.78,1633.35,Mixed,989.1,Groceries,Positive,32.2,Medium,452.52,0,733.6000000000004,81.65463398043927,15.00438878371924
2021-03-21,1245,4066.0,3549.8199999999997,0.14,2711.57,normal,665.0,0.4,394.57,104.21,8,1177.74,51,0,338.2,2584.37,Salary,627.25,Dining Out,Neutral,33.1,High,689.34,0,516.1800000000003,87.3049680275455,9.704131824889325
2021-04-20,1863,2318.45,4524.05,0.21,2082.23,normal,653.0,0.17,256.51,624.72,5,855.91,32,0,702.33,2617.33,Freelance,1204.39,Dining Out,Positive,12.5,Medium,0.0,0,-2205.6000000000004,195.13252388449183,11.063857318467079
2021-05-20,1840,4637.24,3207.33,0.33,3080.45,normal,620.0,0.17,560.37,385.03,4,835.79,31,0,522.51,1738.23,Salary,946.59,Entertainment,Negative,75.4,Low,2080.79,0,1429.9099999999999,69.16463241065807,12.08412762764058
2021-06-19,1580,3826.08,3151.89,0.37,3665.75,normal,724.0,0.53,435.31,433.2,1,1791.71,63,0,482.85,1147.55,Mixed,1521.49,Dining Out,Neutral,1.2,Low,826.05,0,674.19,82.3790929619872,11.377441140802075
2021-07-19,1272,2261.97,4621.55,0.28,3460.36,normal,638.0,0.4,495.46,660.24,1,1746.74,73,0,878.43,2814.66,Salary,928.46,Education,Positive,23.6,Low,0.0,0,-2359.5800000000004,204.31526501235652,21.90391561338126
2021-08-18,1024,3257.44,3487.46,0.23,3237.4,recession,710.0,0.24,436.38,357.13,5,970.36,74,0,289.98,1790.8,Salary,1406.68,Insurance,Positive,95.2,Medium,0.0,0,-230.01999999999998,107.06137334839629,13.396409450365931
2021-09-17,1043,3802.14,3581.94,0.19,2908.44,recession,708.0,0.11,738.5,429.62,3,1209.07,42,0,348.63,1936.03,Salary,1297.28,Dining Out,Positive,69.2,High,701.79,0,220.19999999999982,94.20852467294735,19.423272157258808
2021-10-17,1890,3937.79,4488.26,0.35,2723.54,normal,547.0,0.53,313.01,551.84,6,1468.52,75,0,580.09,2247.93,Salary,1660.24,Insurance,Positive,62.1,Low,0.0,0,-550.4700000000003,113.97916089989563,7.948874876517031
2021-11-16,1042,3741.08,4063.18,0.31,3756.28,normal,631.0,0.53,304.41,689.79,7,1674.05,57,0,721.31,2571.93,Salary,769.94,Groceries,Positive,14.6,Low,283.2,0,-322.0999999999999,108.60981320901986,8.136955103873749
2021-12-16,1963,3897.4,4677.400000000001,0.28,2516.28,inflation,689.0,0.54,731.69,174.12,9,1325.74,33,0,202.25,3092.51,Salary,1382.64,Groceries,Positive,18.6,Low,794.14,0,-780.0000000000005,120.01334222815213,18.773797916559758
2022-01-15,1968,3464.86,3765.27,0.19,3205.74,normal,667.0,0.23,236.69,332.75,3,1285.67,48,0,477.9,2175.25,Salary,1112.12,Utilities,Negative,73.2,High,0.0,0,-300.40999999999985,108.6701915806122,6.831156237192844
2022-02-14,1899,2432.9,3964.57,0.34,2906.75,normal,655.0,0.28,281.38,215.94,6,1921.07,65,0,245.92,2505.32,Salary,1213.33,Dining Out,Positive,22.6,Low,0.0,0,-1531.67,162.95655390686014,11.565621275021579
2022-03-16,1076,2408.45,4763.74,0.22,2359.19,inflation,631.0,0.13,529.17,596.36,9,1366.44,52,0,646.61,2148.69,Salary,1968.44,Transportation,Positive,14.0,Low,0.0,0,-2355.29,197.79277128443607,21.97139238929602
2022-04-15,1802,3230.35,5885.47,0.39,2900.92,inflation,730.0,0.23,187.8,457.65,3,1363.95,99,0,619.8,3747.03,Salary,1518.64,Investments,Positive,0.5,High,0.0,0,-2655.1200000000003,182.1929512281951,5.813611528162584
2022-05-15,1835,2929.09,2682.79,0.19,2222.45,normal,695.0,0.57,408.24,478.22,5,735.06,82,0,499.56,1763.02,Freelance,420.21,Insurance,Positive,35.4,Low,0.0,0,246.30000000000018,91.59124506245966,13.937434493306794
2022-06-14,1616,5506.03,4386.28,0.19,3493.09,normal,628.0,0.48,467.15,715.88,1,624.59,99,0,581.59,2217.91,Salary,1586.78,Insurance,Negative,14.0,Low,2043.51,0,1119.75,79.66320561275548,8.484334447868973
2022-07-14,1594,3039.13,3928.29,0.14,2722.67,normal,694.0,0.38,684.11,469.24,6,1124.47,20,0,978.5,1148.41,Salary,1801.38,Groceries,Positive,61.0,Low,0.0,0,-889.1599999999999,129.25705711832003,22.510060444929962
2022-08-13,1812,4447.19,4104.54,0.27,3204.24,inflation,700.0,0.56,454.22,114.05,1,479.52,79,0,444.38,2825.77,Salary,834.39,Insurance,Negative,78.7,Medium,1114.65,0,342.64999999999964,92.2951346805511,10.213640523566568
2022-09-12,1404,3436.35,5280.74,0.14,2674.16,normal,668.0,0.25,355.3,363.18,7,687.46,77,0,507.33,3301.4,Salary,1472.01,Insurance,Negative,97.2,Low,0.0,0,-1844.3899999999999,153.6729378555735,10.339459019017273
2022-10-12,1654,4709.47,2851.72,0.22,2715.4,normal,736.0,0.42,529.29,309.68,9,933.11,53,0,151.66,1870.61,Mixed,829.45,Groceries,Positive,9.8,Low,1453.93,0,1857.7500000000005,60.55288599354066,11.238844286087394
2022-11-11,1449,5146.83,3273.96,0.27,2449.43,recession,624.0,0.29,701.73,574.23,3,1481.68,75,0,465.31,1259.02,Salary,1549.63,Transportation,Negative,49.2,Low,2070.27,0,1872.87,63.61119368621073,13.634217566929546
2022-12-11,1258,5989.19,3008.21,0.3,3194.39,normal,611.0,0.12,223.1,504.72,2,457.28,44,0,660.01,1630.53,Salary,717.67,Insurance,Positive,39.7,Medium,3301.7,1,2980.9799999999996,50.22732623276271,3.725044622060746
2023-01-10,1425,3570.91,4478.69,0.28,2738.91,inflation,659.0,0.44,455.32,632.74,8,975.57,59,0,453.96,3183.33,Salary,841.4,Dining Out,Negative,4.2,Low,0.0,0,-907.7799999999997,125.42153120633115,12.750811417817868
2023-02-09,1153,4090.67,4645.830000000001,0.34,2781.05,recession,706.0,0.49,469.22,362.57,5,1927.09,26,0,310.06,2675.79,Salary,1659.98,Insurance,Positive,17.2,High,1196.65,0,-555.1600000000008,113.57137094901326,11.470492608790247
2023-03-11,1495,4902.38,5037.24,0.33,2456.22,normal,670.0,0.18,764.97,778.64,3,144.86,20,0,284.91,3094.83,Freelance,1657.5,Entertainment,Neutral,27.2,Medium,2840.79,1,-134.85999999999967,102.75090874228437,15.604053541341145
2023-04-10,1597,4488.76,3979.1299999999997,0.27,2510.6,normal,734.0,0.5,649.05,498.5,8,571.17,66,1,492.93,2350.71,Salary,1135.49,Insurance,Positive,39.4,Medium,447.8,0,509.63000000000056,88.64653044493356,14.459449825787074
2023-05-10,1668,3391.57,3359.8,0.36,1957.95,recession,673.0,0.26,792.47,404.69,7,1406.8,26,1,244.88,1518.37,Mixed,1596.55,Education,Negative,21.4,Low,0.0,0,31.769999999999982,99.06326568521364,23.36587480134569
2023-06-09,1868,5455.2,4361.31,0.34,2359.56,recession,682.0,0.2,820.72,372.95,1,1072.89,25,0,917.6,2009.81,Salary,1433.9,Transportation,Neutral,80.5,Medium,3348.66,1,1093.8899999999994,79.9477562692477,15.044727965977417
2023-07-09,1665,3671.09,5184.9400000000005,0.08,2535.11,normal,682.0,0.38,831.75,696.62,6,1679.63,22,0,571.75,2932.55,Salary,1680.64,Education,Positive,9.4,Low,748.04,0,-1513.8500000000004,141.2370712785576,22.656758619374624
2023-08-08,1511,4197.88,3345.59,0.19,3251.07,normal,755.0,0.24,644.13,328.59,5,927.69,87,0,752.76,1726.36,Salary,866.47,Education,Neutral,26.5,Low,179.83,0,852.29,79.69713283848037,15.344173725785396
2023-09-07,1741,5114.97,3999.54,0.21,2332.99,normal,669.0,0.42,373.82,662.39,2,700.11,94,0,720.78,1994.66,Salary,1284.1,Transportation,Positive,66.7,High,2355.98,1,1115.4300000000003,78.19283397556583,7.308351759638863
2023-10-07,1837,2693.57,3077.2,0.2,2782.88,recession,789.0,0.35,614.37,682.18,6,880.4,46,0,573.96,1762.68,Salary,740.56,Entertainment,Positive,66.2,High,0.0,0,-383.62999999999965,114.24243661757443,22.80876309136202
2023-11-06,1784,4705.75,2618.4399999999996,0.14,3156.19,inflation,515.0,0.24,598.24,191.9,2,1033.55,26,0,213.2,1526.11,Salary,879.13,Rent,Neutral,36.6,High,1298.05,0,2087.3100000000004,55.643414971046056,12.712957551931147
2019-01-01,1310,2957.68,5590.61,0.23,3158.17,normal,712.0,0.33,454.62,222.19,2,729.34,38,0,680.62,3148.5,Freelance,1761.49,Transportation,Negative,27.7,Medium,0.0,0,-2632.93,189.0201103567661,15.370831192015363
2019-01-31,1611,4443.78,4417.12,0.27,2814.65,inflation,625.0,0.38,934.69,624.31,4,1552.85,77,0,729.66,2436.83,Salary,1250.63,Rent,Negative,27.1,Low,1025.87,0,26.659999999999854,99.4000603090162,21.033669533595276
2019-03-02,1601,4779.42,1864.0900000000001,0.24,2527.14,normal,675.0,0.32,290.78,617.21,3,1611.5,42,0,274.69,1000.0,Salary,589.4,Healthcare,Neutral,80.7,Low,2123.24,0,2915.33,39.002431257349215,6.084001824489163
2019-04-01,1023,3229.96,4202.45,0.12,2598.28,recession,619.0,0.2,446.65,163.61,7,1339.18,41,0,701.24,2553.28,Salary,947.93,Investments,Negative,26.1,Low,97.62,0,-972.4899999999998,130.10842239532377,13.82834462346283
2019-05-01,1408,4747.29,2703.92,0.14,2273.57,inflation,611.0,0.53,153.6,309.83,7,1025.65,52,0,351.01,1000.0,Salary,1352.91,Rent,Positive,69.9,Medium,0.0,0,2043.37,56.95712711884043,3.2355301656313387
2019-05-31,1524,4396.98,4500.47,0.07,2800.15,inflation,641.0,0.6,491.36,0.0,6,1504.6,82,0,348.39,3055.35,Salary,1096.73,Education,Positive,71.9,High,1666.1,0,-103.49000000000069,102.35366092181452,11.174942801650225
2019-06-30,1232,2786.48,3988.3700000000003,0.06,2778.54,normal,624.0,0.32,479.45,517.59,1,1295.81,21,0,519.19,2192.86,Salary,1276.32,Rent,Positive,81.7,Medium,719.46,0,-1201.8900000000003,143.1329132094973,17.20629611552927
2019-07-30,1226,5357.38,2443.74,0.21,2622.25,normal,685.0,0.35,691.03,378.35,5,1546.13,89,0,158.51,1000.0,Freelance,1285.23,Entertainment,Positive,14.8,High,2227.94,0,2913.6400000000003,45.61446079986859,12.898655686174958
2019-08-29,1289,4172.06,3433.35,0.1,3495.42,normal,645.0,0.47,394.86,373.81,9,1349.96,68,0,731.41,1702.44,Salary,999.5,Groceries,Neutral,95.5,Medium,1667.68,0,738.7100000000005,82.29387880327704,9.464389294497202
2019-09-28,1442,2153.93,4136.8,0.23,3403.05,normal,711.0,0.43,639.59,727.82,9,1049.85,74,0,271.3,2687.07,Freelance,1178.43,Dining Out,Negative,35.4,High,51.17,0,-1982.8700000000003,192.05823773288827,29.69409405133872
2019-10-28,1294,2911.8,3841.72,0.17,2727.75,inflation,667.0,0.37,245.39,327.63,2,1639.53,71,0,699.62,1817.3,Salary,1324.8,Entertainment,Negative,88.5,Low,0.0,0,-929.9199999999996,131.9362593584724,8.427433202829864
2019-11-27,1892,4372.83,4631.129999999999,0.24,2492.97,normal,722.0,0.32,467.93,190.73,1,1349.67,64,0,861.98,2183.74,Freelance,1585.41,Rent,Positive,99.3,Low,0.0,0,-258.2999999999993,105.90692983719923,10.700850478980433
2019-12-27,1350,5147.14,4490.24,0.38,3459.09,normal,584.0,0.58,229.5,685.28,7,783.34,90,0,561.94,2149.51,Salary,1778.79,Healthcare,Positive,59.1,High,669.16,0,656.9000000000005,87.23757271028182,4.458786821419274
2020-01-26,1168,4074.14,4280.21,0.34,3393.59,recession,588.0,0.51,369.34,201.66,9,477.53,55,0,271.68,3001.95,Salary,1006.58,Investments,Neutral,76.9,Low,1172.56,0,-206.07000000000016,105.05799997054595,9.065471486006862
2020-02-25,1327,4822.96,4154.01,0.08,2918.12,normal,716.0,0.43,347.64,441.85,1,1258.67,75,0,753.5,1761.88,Salary,1638.63,Utilities,Positive,34.5,Low,1625.85,0,668.9499999999998,86.1298870403238,7.208021629870452
2020-03-26,1152,3925.88,2237.36,0.36,3537.37,recession,698.0,0.44,721.88,384.95,4,838.73,76,0,170.36,1062.95,Salary,1004.05,Groceries,Positive,36.3,Low,1466.07,0,1688.52,56.99002516633214,18.38772453564551
2020-04-25,1215,4702.36,3505.6000000000004,0.24,2764.38,normal,672.0,0.21,582.83,374.05,1,965.94,63,0,534.94,2079.3,Salary,891.36,Dining Out,Positive,97.0,Medium,3342.52,1,1196.7599999999993,74.5498005256935,12.394414719417487
2020-05-25,1127,5677.78,4195.77,0.38,2677.7,inflation,663.0,0.3,300.58,168.99,9,977.87,68,0,843.47,2441.82,Salary,910.48,Healthcare,Positive,34.8,Low,2272.81,0,1482.0099999999993,73.89807283832766,5.293970530735605
2020-06-24,1677,3253.54,3235.9700000000003,0.21,3246.55,normal,665.0,0.56,103.94,279.75,2,1960.84,27,0,188.63,1978.84,Mixed,1068.5,Investments,Negative,29.0,Low,709.83,0,17.56999999999971,99.45997282959485,3.1946741088168578
2020-07-24,1111,2817.23,2996.0299999999997,0.34,2647.89,normal,642.0,0.48,621.55,537.89,5,922.11,72,0,662.08,1537.95,Salary,796.0,Entertainment,Positive,37.0,Medium,0.0,0,-178.79999999999973,106.3466596621504,22.062451415042432
2020-08-23,1329,3091.95,2923.19,0.35,3522.89,normal,617.0,0.14,498.08,416.48,5,1099.45,68,0,415.27,1866.79,Mixed,641.13,Entertainment,Positive,85.6,Medium,837.01,0,168.75999999999976,94.54195572373422,16.108928022768804
2020-09-22,1800,5678.52,2977.5600000000004,0.07,2418.67,normal,662.0,0.12,519.34,488.97,2,906.1,60,0,114.34,1495.18,Freelance,1368.04,Rent,Positive,88.7,Low,2365.7,0,2700.96,52.43549375541514,9.145692891809839
2020-10-22,1997,4838.62,3772.23,0.21,1898.3,inflation,692.0,0.6,300.2,397.25,4,630.59,35,0,365.11,2172.16,Salary,1234.96,Groceries,Positive,52.7,Low,1580.72,0,1066.3899999999999,77.96086487469567,6.204248318735507
2020-11-21,1842,4287.44,3818.26,0.17,3017.47,normal,647.0,0.48,714.55,450.86,3,1228.69,74,0,535.82,2761.19,Salary,521.25,Rent,Negative,45.4,Medium,1910.84,0,469.1799999999994,89.05687309909878,16.666122441363612
2020-12-21,1236,3933.04,2883.87,0.11,3209.52,normal,651.0,0.57,481.6,170.11,4,0.0,87,0,801.87,1000.0,Mixed,1082.0,Utilities,Negative,66.0,Low,802.71,0,1049.17,73.3241970587637,12.24498098163253
2021-01-20,1632,3835.88,4075.71,0.21,2630.93,normal,744.0,0.35,887.31,1.16,4,188.05,58,0,509.11,3162.9,Salary,403.7,Groceries,Positive,15.2,Low,48.82,0,-239.82999999999993,106.2522810932563,23.13184979717822
2021-02-19,1324,4703.7,3637.69,0.28,2445.61,normal,597.0,0.48,347.59,551.11,9,990.29,26,0,330.48,2204.13,Salary,1103.08,Rent,Positive,42.4,Low,1438.64,0,1066.0099999999998,77.33677743053342,7.3897144800901415
2021-03-21,1464,4958.81,5463.5,0.22,3190.56,inflation,700.0,0.59,654.82,465.46,2,470.96,61,0,528.04,2718.4,Mixed,2217.06,Entertainment,Positive,95.2,Medium,2832.81,0,-504.6899999999996,110.1776434265479,13.205184308332038
2021-04-20,1024,4071.25,3899.5299999999997,0.06,2289.2,normal,662.0,0.1,581.74,109.74,2,1060.16,67,0,291.0,2144.12,Salary,1464.41,Groceries,Negative,63.8,Low,1011.62,0,171.72000000000025,95.7821307952103,14.288977586736259
2021-05-20,1661,4611.0,2789.56,0.25,2740.38,normal,706.0,0.18,329.77,379.26,8,806.13,25,0,0.0,2056.08,Salary,733.48,Education,Positive,20.9,Low,2227.47,0,1821.44,60.49793970939059,7.151810887009326
2021-06-19,1206,4865.31,4917.889999999999,0.23,2249.48,normal,667.0,0.4,595.98,579.2,4,862.97,62,0,312.48,3217.77,Salary,1387.64,Healthcare,Positive,41.6,Low,829.11,0,-52.57999999999902,101.08071222594242,12.249579163506539
2021-07-19,1438,2556.53,3408.15,0.39,3140.44,normal,668.0,0.45,552.75,240.68,6,1182.77,91,0,611.6,2076.98,Salary,719.57,Rent,Positive,92.5,Low,0.0,0,-851.6199999999999,133.31155902727525,21.621103605277465
2021-08-18,1698,3898.94,3159.22,0.12,2221.74,recession,649.0,0.49,468.67,976.71,2,1244.12,97,0,218.27,1994.69,Mixed,946.26,Insurance,Positive,56.8,High,2658.33,1,739.7200000000003,81.02766392917049,12.020446582917408
2021-09-17,1311,3043.73,5246.63,0.33,1881.46,normal,636.0,0.55,547.48,91.77,3,187.59,31,1,625.7,3281.68,Salary,1339.25,Insurance,Positive,2.9,High,432.92,0,-2202.9,172.37501355245044,17.98714077792708
2021-10-17,1632,3108.58,2962.64,0.32,2660.53,normal,626.0,0.16,456.07,480.76,8,532.33,40,0,120.81,1453.54,Salary,1388.29,Dining Out,Positive,88.9,Low,593.52,0,145.94000000000005,95.30525191566566,14.671329031261862
2021-11-16,1189,3583.03,4189.63,0.16,2783.6,normal,670.0,0.12,495.4,542.4,1,459.06,85,1,495.67,2350.72,Salary,1343.24,Utilities,Positive,94.0,High,33.6,0,-606.5999999999999,116.92980522072101,13.826286690315179
2021-12-16,1581,4380.18,3682.8,0.27,2344.43,normal,555.0,0.6,672.24,369.26,2,1903.88,62,0,623.74,1203.55,Mixed,1855.51,Groceries,Positive,15.4,Medium,580.72,0,697.3800000000001,84.07873649028123,15.347314493924907
2022-01-15,1427,4726.75,4546.84,0.19,3528.87,normal,639.0,0.51,483.23,288.54,3,1174.69,28,0,434.01,3379.51,Salary,733.32,Entertainment,Neutral,66.8,Medium,1659.47,0,179.90999999999985,96.19379065954409,10.223303538372033
2022-02-14,1912,4092.12,4442.58,0.1,2752.37,recession,687.0,0.27,501.72,265.89,4,1170.45,51,0,747.78,2016.51,Salary,1678.29,Insurance,Positive,5.3,Medium,704.05,0,-350.46000000000004,108.56426497756664,12.260637517961351
2022-03-16,1810,4439.23,2842.39,0.37,2745.61,normal,698.0,0.57,407.05,183.54,7,702.06,24,0,508.62,1456.06,Salary,877.71,Groceries,Neutral,60.5,Low,1211.07,0,1596.8399999999997,64.02889690329178,9.16938297857962
2022-04-15,1065,4274.63,3226.0699999999997,0.06,1701.97,recession,663.0,0.34,637.03,591.07,8,1628.39,51,0,500.99,1516.58,Salary,1208.5,Investments,Positive,53.1,Low,1488.67,0,1048.5600000000004,75.47015765107155,14.902576363334369
2022-05-15,1023,5338.27,4133.85,0.09,2418.28,normal,674.0,0.33,571.06,358.08,8,248.03,57,0,661.57,2744.28,Salary,728.0,Dining Out,Negative,3.9,Low,1921.54,0,1204.42,77.43800894297216,10.69747315141422
2022-06-14,1854,5505.05,3073.22,0.32,2494.64,normal,637.0,0.43,437.3,526.02,3,1681.61,81,0,369.58,1805.87,Salary,897.77,Rent,Positive,16.7,Medium,3781.57,1,2431.8300000000004,55.825469341786174,7.943615407671138
2022-07-14,1827,4090.24,3020.45,0.32,2928.88,normal,768.0,0.2,474.35,65.92,4,1684.55,94,0,403.24,1292.68,Freelance,1324.53,Healthcare,Positive,97.4,Low,290.95,0,1069.79,73.845300031294,11.59711899546237
2022-08-13,1369,4148.09,3033.99,0.24,2770.29,inflation,632.0,0.44,594.68,589.72,5,650.97,91,0,240.29,1659.95,Salary,1133.75,Utilities,Positive,64.5,Low,1058.35,0,1114.1000000000004,73.1418556492265,14.336236677603425
2022-09-12,1198,3540.78,4698.58,0.17,2669.13,recession,727.0,0.15,672.33,494.59,4,1483.74,60,0,383.33,3120.46,Salary,1194.79,Utilities,Negative,46.2,Low,289.61,0,-1157.7999999999997,132.69900982269442,18.9881890430922
2022-10-12,1339,3344.13,4248.8,0.1,2244.59,inflation,610.0,0.22,277.99,0.0,6,1079.64,27,0,387.0,2750.07,Salary,1111.73,Healthcare,Neutral,85.5,Medium,79.86,0,-904.6700000000001,127.05247702690986,8.312774922027552
2022-11-11,1411,3879.76,3672.2200000000003,0.06,2399.13,inflation,744.0,0.15,210.98,233.22,3,572.47,43,0,577.82,1561.96,Mixed,1532.44,Dining Out,Positive,9.1,Medium,2006.69,0,207.53999999999996,94.65070004330165,5.437965234962987
2022-12-11,1851,2905.1,4397.71,0.36,2199.02,inflation,668.0,0.35,450.09,446.8,3,1171.39,33,0,337.25,2633.49,Freelance,1426.97,Transportation,Positive,78.5,Medium,0.0,0,-1492.6100000000001,151.37895425286564,15.493098344291074
2023-01-10,1074,4349.98,3611.24,0.21,2382.33,recession,742.0,0.3,307.02,293.15,9,1993.79,53,0,644.55,2523.04,Freelance,443.65,Healthcare,Positive,73.2,Low,1766.85,0,738.7399999999998,83.01739318341694,7.057963484889586
2023-02-09,1893,4700.7,3994.3799999999997,0.15,1580.11,inflation,706.0,0.49,130.68,821.31,4,355.97,89,0,303.31,2025.05,Freelance,1666.02,Utilities,Negative,51.6,Low,1970.82,1,706.3200000000002,84.97415278575531,2.7800114876507758
2023-03-11,1357,3687.5,4604.4800000000005,0.25,3160.27,recession,642.0,0.34,566.28,72.11,8,1370.12,79,0,386.97,2649.46,Salary,1568.05,Insurance,Positive,62.4,Low,0.0,0,-916.9800000000005,124.86725423728815,15.356745762711862
2023-04-10,1394,4287.57,2436.87,0.13,2603.38,normal,724.0,0.41,449.86,271.65,1,526.75,56,0,292.89,1486.0,Freelance,657.98,Rent,Neutral,84.7,Low,1055.05,0,1850.6999999999998,56.835690146166705,10.492190214970252
2023-05-10,1641,5164.49,4150.3,0.17,2912.26,normal,625.0,0.31,13.68,347.32,7,926.23,94,0,450.66,2810.69,Mixed,888.95,Insurance,Neutral,52.0,Medium,2344.93,0,1014.1899999999996,80.36224293202233,0.26488578736719404
2023-06-09,1787,3366.81,3592.28,0.18,2697.98,recession,694.0,0.58,468.85,592.6,7,233.59,51,0,392.11,2152.75,Mixed,1047.42,Investments,Positive,96.0,High,943.78,0,-225.47000000000025,106.69684359972793,13.92564474977798
2023-07-09,1209,4549.54,3468.46,0.19,2924.06,normal,580.0,0.13,615.51,138.1,1,1656.05,59,0,739.52,2050.27,Freelance,678.67,Insurance,Positive,80.4,Medium,2575.56,0,1081.08,76.23759764723467,13.529060080799377
2023-08-08,1091,5808.44,4462.049999999999,0.1,2540.99,normal,752.0,0.52,991.13,372.37,4,1149.51,76,0,544.54,3008.7,Salary,908.81,Utilities,Neutral,19.7,Low,4226.02,1,1346.3900000000003,76.82011004675954,17.06361777000365
2023-09-07,1107,5057.78,2765.21,0.29,2405.93,normal,650.0,0.23,302.74,580.91,4,1144.99,47,0,972.89,1328.22,Mixed,464.1,Transportation,Negative,61.6,Low,2311.62,0,2292.5699999999997,54.67240567996235,5.98563005903776
2023-10-07,1196,2813.46,2417.81,0.08,2403.04,recession,735.0,0.13,663.07,195.56,4,1054.55,71,0,287.52,1366.33,Salary,763.96,Transportation,Positive,54.3,Medium,0.0,0,395.6500000000001,85.93724453164431,23.567777754082165
2023-11-06,1217,7085.77,4932.56,0.2,3372.32,normal,591.0,0.15,277.09,249.5,5,1285.7,68,0,935.51,2036.02,Mixed,1961.03,Dining Out,Negative,79.2,Medium,4451.28,1,2153.21,69.61219458153454,3.9105136068486557
2019-01-01,1833,5779.01,5298.76,0.26,3175.8,recession,771.0,0.58,707.67,194.65,6,1744.2,34,0,775.79,2857.63,Salary,1665.34,Insurance,Positive,62.0,High,1937.37,0,480.25,91.68975308919694,12.245523022109323
2019-01-31,1331,3647.96,3396.6,0.06,2428.01,normal,755.0,0.43,278.47,468.21,6,1218.43,70,0,661.48,1910.69,Mixed,824.43,Transportation,Positive,14.8,Medium,0.0,0,251.36000000000013,93.10957356988563,7.633581508569173
2019-03-02,1243,4439.75,3872.38,0.21,2382.26,normal,698.0,0.59,347.76,685.64,3,0.0,84,0,212.93,1590.17,Salary,2069.28,Education,Positive,89.8,Medium,1775.81,0,567.3699999999999,87.22067683991216,7.832873472605439
2019-04-01,1341,4180.17,4634.37,0.29,3012.24,normal,668.0,0.33,654.95,123.39,6,779.4,68,0,626.95,2732.29,Salary,1275.13,Dining Out,Neutral,4.8,Medium,1107.23,0,-454.1999999999998,110.8655868062782,15.66802307083205
2019-05-01,1305,6093.49,3373.23,0.27,2312.77,normal,634.0,0.39,558.56,363.44,5,135.52,31,0,622.32,1968.09,Freelance,782.82,Healthcare,Positive,51.4,Low,3632.72,1,2720.2599999999998,55.35793116916579,9.166503924680274
2019-05-31,1040,2683.18,3192.04,0.29,3209.61,inflation,667.0,0.26,554.46,758.19,5,1762.8,21,0,439.12,1752.61,Salary,1000.31,Entertainment,Positive,35.1,Medium,0.0,0,-508.8600000000001,118.96481041152663,20.664286406428197
2019-06-30,1517,6721.85,1918.06,0.11,2634.83,inflation,653.0,0.14,701.41,161.24,8,1926.65,57,0,618.06,1000.0,Salary,300.0,Transportation,Positive,26.3,Low,3176.14,1,4803.790000000001,28.534703987741466,10.434776140497034
2019-07-30,1057,4316.44,3369.0499999999997,0.18,1707.87,normal,754.0,0.22,430.81,0.0,2,1437.24,53,0,315.19,2000.56,Salary,1053.3,Investments,Positive,2.6,Medium,1158.67,0,947.3899999999999,78.05158880929655,9.980678522115447
2019-08-29,1785,4853.09,4189.95,0.2,2875.84,normal,723.0,0.17,638.97,262.1,9,1478.05,20,0,726.36,2231.88,Salary,1231.71,Dining Out,Positive,84.9,Medium,1161.44,0,663.1400000000003,86.33571600773939,13.166250780430614
2019-09-28,1854,4190.03,2840.17,0.4,2804.52,normal,725.0,0.13,413.88,192.72,9,1584.57,82,0,659.97,1596.84,Salary,583.36,Groceries,Positive,12.6,Medium,1640.95,0,1349.8599999999997,67.78400154652832,9.877733572313325
2019-10-28,1275,5303.49,3682.07,0.13,2385.15,normal,678.0,0.22,626.35,470.88,7,770.83,66,0,269.75,1942.42,Salary,1469.9,Investments,Negative,11.6,Low,1596.86,0,1621.4199999999996,69.427301644766,11.81014765748592
2019-11-27,1511,3766.15,2501.71,0.33,2724.38,normal,608.0,0.38,250.14,522.36,6,476.18,61,0,518.74,1398.69,Mixed,584.28,Dining Out,Neutral,89.5,Low,0.0,0,1264.44,66.42619120321814,6.641795998566175
2019-12-27,1464,2264.88,5209.530000000001,0.19,2190.87,inflation,755.0,0.4,188.86,887.66,6,112.96,60,0,576.72,3053.82,Freelance,1578.99,Investments,Positive,32.8,Low,168.34,0,-2944.6500000000005,230.01351064957086,8.338631627282682
2020-01-26,1882,4210.93,3507.1100000000006,0.2,2830.4,inflation,732.0,0.5,749.5,291.58,7,559.7,71,0,574.76,1266.43,Salary,1665.92,Insurance,Positive,6.6,Low,831.63,0,703.8199999999997,83.28587746649791,17.798918528686063
2020-02-25,1560,3160.51,4808.7,0.35,2401.72,normal,736.0,0.54,519.39,134.97,4,1029.3,24,0,562.39,2829.31,Freelance,1417.0,Utilities,Neutral,80.7,Low,0.0,0,-1648.1899999999996,152.14949486000674,16.433740124220456
2020-03-26,1037,4797.88,4733.49,0.18,2667.16,recession,645.0,0.21,236.42,149.96,4,1347.91,86,0,369.78,2961.04,Salary,1402.67,Utilities,Positive,0.6,High,2615.26,0,64.39000000000033,98.65794892744294,4.927593020250611
2020-04-25,1889,3130.77,2379.6600000000003,0.08,2756.68,inflation,717.0,0.12,720.65,417.85,2,2191.34,44,0,663.17,1322.39,Freelance,394.1,Rent,Positive,53.7,Low,0.0,0,751.1099999999997,76.0087773934208,23.018299012702943
2020-05-25,1100,3965.82,6073.490000000001,0.21,2769.08,normal,583.0,0.39,397.29,633.23,9,562.98,85,0,381.06,3575.89,Salary,2116.54,Dining Out,Neutral,31.2,Medium,0.0,0,-2107.6700000000005,153.1458815579124,10.017852550040093
2020-06-24,1772,4398.16,4122.44,0.09,2223.14,normal,738.0,0.25,577.78,256.25,2,1943.22,68,0,217.05,2566.93,Salary,1338.46,Rent,Negative,21.9,Low,2226.92,1,275.72000000000025,93.73101478800226,13.136857231205775
2020-07-24,1083,5397.7,4241.65,0.29,3070.43,normal,767.0,0.26,383.68,651.95,5,608.81,83,0,90.37,3020.04,Mixed,1131.24,Groceries,Positive,74.9,Medium,2074.02,0,1156.0500000000002,78.58254441706653,7.108212757285511
2020-08-23,1320,2819.15,4405.639999999999,0.3,2501.11,normal,598.0,0.19,366.2,0.0,7,950.99,93,0,488.25,2670.41,Freelance,1246.98,Transportation,Positive,14.3,Medium,123.62,0,-1586.4899999999993,156.27547310359503,12.989730947271338
2020-09-22,1306,5312.17,4532.45,0.28,2533.99,normal,664.0,0.42,555.75,791.86,3,709.86,62,0,314.24,3056.14,Salary,1162.07,Education,Positive,5.7,Medium,2922.55,1,779.7200000000003,85.32200588460083,10.46182633462408
2020-10-22,1449,3999.61,3151.8199999999997,0.19,1948.06,recession,621.0,0.33,631.92,302.89,3,310.95,84,0,712.33,1000.0,Salary,1439.49,Utilities,Positive,13.0,Low,1693.15,0,847.7900000000004,78.80318331037275,15.79954045519438
2020-11-21,1168,4091.69,3306.59,0.35,2929.75,inflation,597.0,0.5,261.83,586.18,6,966.08,62,0,481.45,1602.19,Salary,1222.95,Groceries,Negative,44.4,Low,2443.46,0,785.0999999999999,80.81232937979172,6.399067378027172
2020-12-21,1404,2663.41,4502.81,0.31,2540.11,inflation,620.0,0.36,594.45,476.33,9,1178.12,22,0,331.06,2906.19,Salary,1265.56,Groceries,Neutral,90.1,Low,698.18,0,-1839.4000000000005,169.06184177426684,22.319132240248408
2021-01-20,1336,3353.89,5561.2,0.08,3024.85,normal,650.0,0.13,753.58,745.22,4,410.35,22,0,771.26,3507.66,Salary,1282.28,Groceries,Neutral,92.8,Medium,1939.9,0,-2207.31,165.81342858591069,22.468834696427137
2021-02-19,1337,3123.1,3188.08,0.14,2416.09,normal,645.0,0.23,742.91,620.34,3,1447.93,73,0,482.55,1614.11,Salary,1091.42,Investments,Neutral,74.7,High,1072.63,0,-64.98000000000002,102.08062502001216,23.787582850373028
2021-03-21,1753,2989.32,5355.2,0.05,3147.07,recession,710.0,0.12,227.87,372.47,9,782.78,31,0,251.2,3179.94,Salary,1924.06,Rent,Negative,74.2,Medium,84.37,0,-2365.8799999999997,179.1444208047315,7.622803848366852
2021-04-20,1329,2165.57,3744.0299999999997,0.08,2678.1,normal,687.0,0.56,288.96,126.86,2,1642.24,40,0,538.03,1691.66,Salary,1514.34,Healthcare,Negative,62.2,Low,0.0,0,-1578.4599999999996,172.88889299353053,13.343369182247628
2021-05-20,1805,2995.55,4066.63,0.13,3368.69,normal,726.0,0.21,555.74,381.08,7,836.35,67,0,452.34,2129.96,Salary,1484.33,Healthcare,Neutral,46.5,Low,570.41,0,-1071.08,135.7557042947038,18.55218574218424
2021-06-19,1477,3897.53,4524.46,0.34,2947.79,recession,776.0,0.44,636.59,410.64,1,1205.41,72,0,683.09,1954.33,Salary,1887.04,Utilities,Negative,30.7,High,431.4,0,-626.9299999999998,116.0853155716569,16.3331648505592
2021-07-19,1668,4114.49,4139.97,0.21,3513.54,recession,701.0,0.23,531.71,246.18,3,1577.94,43,0,235.47,2550.75,Salary,1353.75,Healthcare,Positive,47.8,Low,783.69,0,-25.480000000000473,100.6192748068412,12.922865288286033
2021-08-18,1784,3788.81,4718.82,0.1,2847.16,inflation,642.0,0.13,385.77,530.05,1,890.12,46,1,595.86,2952.46,Salary,1170.5,Groceries,Positive,15.2,Medium,522.94,0,-930.0099999999998,124.5462295549262,10.181824900166543
2021-09-17,1530,3471.8,4069.31,0.22,3042.14,recession,579.0,0.18,285.69,590.11,6,952.09,51,0,348.06,1999.08,Salary,1722.17,Healthcare,Positive,71.0,Low,0.0,0,-597.5099999999998,117.21038078230312,8.228872630911917
2021-10-17,1616,3489.98,4218.61,0.35,3010.67,normal,633.0,0.5,655.63,604.46,4,1200.67,34,0,911.82,1885.5,Salary,1421.29,Insurance,Negative,71.9,High,11.1,0,-728.6299999999997,120.87777007318093,18.786067541934337
2021-11-16,1043,4234.68,3131.7299999999996,0.23,2822.38,normal,630.0,0.39,411.87,0.0,2,1648.98,98,0,335.58,1356.33,Salary,1439.82,Entertainment,Negative,30.7,Low,599.98,0,1102.9500000000007,73.95434838051516,9.72611862053331
2021-12-16,1138,6292.41,3481.1600000000003,0.12,2482.01,normal,701.0,0.52,158.59,308.77,7,922.38,92,0,365.11,1758.04,Freelance,1358.01,Healthcare,Negative,20.5,High,2909.93,1,2811.2499999999995,55.3231591711284,2.5203379945044904
2022-01-15,1722,3208.88,3539.27,0.38,3264.37,normal,742.0,0.45,110.92,371.97,1,698.05,52,0,498.56,2137.08,Salary,903.63,Investments,Positive,96.9,High,228.21,0,-330.3899999999999,110.29611577871405,3.456657774675276
2022-02-14,1322,4118.35,4392.48,0.09,2967.28,normal,654.0,0.58,353.98,288.49,3,438.27,95,0,436.8,2524.06,Salary,1431.62,Transportation,Positive,86.5,Low,912.24,0,-274.1299999999992,106.65630653052798,8.595189821166244
2022-03-16,1326,3493.23,2682.5699999999997,0.15,2550.46,normal,686.0,0.28,711.12,263.23,8,1440.77,74,0,223.33,1284.42,Freelance,1174.82,Groceries,Positive,81.0,Low,777.26,0,810.6600000000003,76.79339751462113,20.357090715469635
2022-04-15,1790,2503.18,3702.46,0.33,2938.38,normal,645.0,0.52,557.3,349.59,3,772.95,23,0,531.81,1663.52,Freelance,1507.13,Utilities,Positive,35.7,Medium,0.0,0,-1199.2800000000002,147.91025815163115,22.263680598278988
2022-05-15,1982,4784.25,3703.9700000000003,0.18,2964.91,normal,684.0,0.5,222.98,447.57,8,1033.63,57,0,580.47,2284.05,Freelance,839.45,Transportation,Positive,3.0,Low,3720.37,1,1080.2799999999997,77.42007629199979,4.660709620107645
2022-06-14,1177,5721.48,3841.08,0.4,2747.68,recession,732.0,0.6,906.09,386.99,1,756.11,73,0,541.63,1483.51,Salary,1815.94,Utilities,Positive,46.2,High,2572.56,0,1880.3999999999996,67.13437781832673,15.836636674426899
2022-07-14,1379,5641.88,3836.91,0.28,2926.18,inflation,765.0,0.25,748.64,0.0,7,2020.27,90,0,333.13,2304.5,Salary,1199.28,Education,Positive,76.1,Low,3070.03,1,1804.9700000000003,68.00764993229207,13.26933575333045
2022-08-13,1142,4171.99,3281.7799999999997,0.33,3599.57,recession,641.0,0.53,521.78,476.34,4,1454.54,57,0,794.79,1713.31,Mixed,773.68,Healthcare,Positive,36.3,Low,1980.82,0,890.21,78.66222114626353,12.506741387203709
2022-09-12,1448,3585.61,4322.2699999999995,0.32,1942.21,normal,782.0,0.52,480.07,258.28,4,1580.71,43,0,541.55,2745.99,Salary,1034.73,Insurance,Negative,86.0,Medium,1195.85,0,-736.6599999999994,120.54490030984964,13.388795769757447
2022-10-12,1746,3688.36,3688.1,0.22,2400.09,inflation,734.0,0.34,525.42,442.05,7,1381.41,72,0,390.35,2343.4,Salary,954.35,Transportation,Positive,82.7,Low,2030.14,0,0.2600000000002183,99.99295079655998,14.245355659425869
2022-11-11,1027,3856.87,4448.41,0.4,2847.61,normal,705.0,0.39,412.18,531.27,8,1292.65,68,0,665.78,2063.71,Salary,1718.92,Insurance,Positive,34.6,Medium,1073.79,0,-591.54,115.33730719469415,10.68690414766378
2022-12-11,1395,3536.81,3135.85,0.26,2937.86,recession,641.0,0.29,845.54,445.26,8,1745.01,68,0,304.83,1357.46,Salary,1473.56,Healthcare,Positive,72.4,Low,980.13,0,400.96000000000004,88.66323042515714,23.906853916382275
2023-01-10,1880,4996.59,3448.5099999999998,0.27,2408.93,normal,696.0,0.25,717.69,685.89,4,1560.59,61,0,307.77,1942.17,Salary,1198.57,Healthcare,Positive,2.3,Low,1718.0,0,1548.0800000000004,69.01726977798857,14.363595972453213
2023-02-09,1165,4130.8,2970.47,0.25,3385.99,inflation,734.0,0.49,496.29,0.0,2,1092.15,47,0,610.35,1434.69,Freelance,925.43,Healthcare,Positive,32.6,Medium,684.3,0,1160.3300000000004,71.91028372228139,12.014379781156192
2023-03-11,1944,5428.34,5926.89,0.29,3623.76,inflation,647.0,0.35,250.59,290.18,9,592.38,61,0,354.18,3864.58,Salary,1708.13,Education,Positive,76.7,Low,2581.38,0,-498.5500000000002,109.1842073267334,4.616328380315161
2023-04-10,1928,3061.36,2977.54,0.24,4184.02,normal,751.0,0.58,256.4,760.52,4,1314.26,56,0,775.92,1251.51,Salary,950.11,Groceries,Positive,57.9,Medium,0.0,0,83.82000000000016,97.26200120208011,8.375362583949617
2023-05-10,1909,4011.29,4275.52,0.4,2056.66,normal,693.0,0.22,316.08,0.0,6,1210.38,68,0,327.18,1889.69,Salary,2058.65,Rent,Negative,80.5,Medium,0.0,0,-264.2300000000005,106.58715774725837,7.8797593791523415
2023-06-09,1567,5623.07,5297.85,0.08,2198.78,recession,706.0,0.49,514.39,924.76,2,828.07,26,0,691.44,3169.35,Salary,1437.06,Utilities,Neutral,36.1,Low,2277.55,1,325.21999999999935,94.21632666852805,9.147849840034002
2023-07-09,1200,3856.03,2704.89,0.22,3597.22,normal,724.0,0.42,373.62,47.13,6,1085.73,56,0,262.19,1709.08,Mixed,733.62,Transportation,Negative,25.7,Low,1139.96,0,1151.1400000000003,70.14701649105426,9.689239969606046
2023-08-08,1674,3652.17,3048.44,0.33,2280.95,normal,708.0,0.29,781.52,350.41,1,1388.89,60,0,438.48,2139.84,Salary,470.12,Investments,Positive,40.0,High,298.54,0,603.73,83.46927990756181,21.398784832031367
2023-09-07,1461,4701.87,3938.1499999999996,0.24,2787.34,inflation,680.0,0.49,396.26,18.17,1,1289.83,48,0,256.68,2333.24,Freelance,1348.23,Transportation,Neutral,94.0,High,1048.09,0,763.7200000000003,83.75710089815328,8.427710676815819
2023-10-07,1687,3792.48,3939.52,0.25,2433.01,normal,610.0,0.1,602.71,775.47,2,1331.23,35,0,726.02,2458.62,Freelance,754.88,Healthcare,Negative,19.6,Medium,43.94,0,-147.03999999999996,103.87714635278236,15.892239378981564
2023-11-06,1613,3821.93,4215.62,0.36,2854.14,normal,621.0,0.1,396.48,621.16,9,1107.38,59,0,920.25,2021.03,Salary,1274.34,Transportation,Negative,77.8,Low,2023.37,0,-393.69000000000005,110.30081660312983,10.373816370263192
2019-01-01,1131,3922.4,4289.14,0.09,2430.0,normal,702.0,0.38,512.24,509.9,2,631.21,65,0,296.17,2594.23,Salary,1398.74,Healthcare,Positive,12.4,Low,492.11,0,-366.74000000000024,109.34988782378137,13.05935141749949
2019-01-31,1814,3830.55,3648.52,0.21,2961.18,normal,660.0,0.19,525.8,369.84,7,1337.6,81,0,533.06,2239.88,Freelance,875.58,Insurance,Positive,65.9,Low,0.0,0,182.0300000000002,95.24794089621594,13.726488363289866
2019-03-02,1847,6598.46,3146.62,0.12,2406.45,normal,600.0,0.5,399.31,389.35,3,777.29,93,0,536.23,1852.61,Freelance,757.78,Healthcare,Positive,26.3,Medium,3958.85,1,3451.84,47.68718761650446,6.051563546645732
2019-04-01,1186,5028.45,4000.8500000000004,0.22,3113.11,normal,699.0,0.4,1045.07,171.64,1,1305.32,65,0,137.8,2230.73,Salary,1632.32,Education,Neutral,35.9,High,553.19,0,1027.5999999999995,79.56427925106146,20.783143911145583
2019-05-01,1658,4499.01,4465.950000000001,0.35,2437.16,normal,641.0,0.15,819.17,273.25,9,1359.65,46,0,737.69,1913.14,Salary,1815.12,Healthcare,Negative,46.1,Low,1965.23,0,33.05999999999949,99.26517167110099,18.20778349014561
2019-05-31,1808,6382.64,4788.04,0.27,2408.95,inflation,678.0,0.58,333.32,552.92,8,404.35,63,0,635.82,2973.79,Salary,1178.43,Dining Out,Negative,37.8,Medium,2758.38,1,1594.6000000000004,75.01660754797388,5.222290462880563
2019-06-30,1204,4343.69,4316.0199999999995,0.25,2629.67,inflation,765.0,0.38,526.96,106.21,6,703.81,99,0,346.22,1909.58,Salary,2060.22,Investments,Negative,78.9,Low,1751.86,0,27.670000000000073,99.36298400668556,12.13162081087739
2019-07-30,1067,4554.87,5239.660000000001,0.21,2680.73,normal,552.0,0.28,287.51,151.75,4,878.76,90,0,342.3,3483.9,Salary,1413.46,Entertainment,Neutral,48.3,Medium,2076.77,0,-684.7900000000009,115.03423807924267,6.312145022799773
2019-08-29,1521,5290.5,4155.5,0.22,2437.05,normal,822.0,0.28,603.13,229.16,6,1055.61,59,0,601.47,1981.52,Salary,1572.51,Healthcare,Positive,29.7,High,1692.11,0,1135.0,78.54645118608828,11.400245723466591
2019-09-28,1226,2315.79,4269.61,0.27,2498.29,recession,735.0,0.29,590.73,0.0,9,764.82,88,0,397.97,2406.22,Salary,1465.42,Utilities,Positive,14.1,Low,0.0,0,-1953.8199999999997,184.369480825118,25.50878965709326
2019-10-28,1531,4842.78,3386.4000000000005,0.24,2363.89,recession,562.0,0.36,883.06,331.25,1,724.48,65,0,143.76,2598.42,Freelance,644.22,Investments,Neutral,94.3,Medium,1837.08,0,1456.3799999999992,69.92677759468737,18.234567748276817
2019-11-27,1226,4788.35,4661.11,0.19,2105.19,normal,750.0,0.37,517.34,525.99,1,1218.2,70,0,749.14,2412.41,Salary,1499.56,Utilities,Positive,33.4,Low,1449.44,0,127.24000000000069,97.34271721991917,10.804139212881264
2019-12-27,1552,3523.77,4281.879999999999,0.16,2000.32,normal,683.0,0.43,303.91,257.87,3,1088.74,20,0,452.98,2433.54,Salary,1395.36,Dining Out,Positive,37.7,Medium,1037.63,0,-758.1099999999992,121.51417374005679,8.624569708011592
2020-01-26,1392,3805.5,4535.8099999999995,0.08,2634.24,normal,651.0,0.23,723.55,298.68,6,469.05,32,0,442.15,2480.52,Freelance,1613.14,Insurance,Neutral,1.9,High,252.43,0,-730.3099999999995,119.19090789646563,19.01327026671922
2020-02-25,1573,4714.82,3596.9799999999996,0.05,2016.52,normal,687.0,0.33,355.45,380.48,3,849.65,57,0,723.16,2045.86,Mixed,827.96,Utilities,Positive,82.7,Low,2672.98,1,1117.8400000000001,76.29092945223783,7.538994065521059
2020-03-26,1081,5689.03,4541.210000000001,0.1,2222.85,inflation,686.0,0.11,550.69,468.14,3,1868.19,50,0,704.52,1743.89,Mixed,2092.8,Transportation,Positive,46.4,Low,3234.81,1,1147.8199999999988,79.82397702244496,9.67985755040842
2020-04-25,1516,4744.36,4364.15,0.35,2811.8,recession,704.0,0.57,581.99,322.26,8,681.49,64,0,515.84,2347.18,Salary,1501.13,Rent,Neutral,7.5,Low,1906.52,0,380.21000000000004,91.98606345218322,12.266986485005354
2020-05-25,1652,3881.49,4214.35,0.05,2643.11,recession,705.0,0.22,239.12,251.37,5,295.57,36,0,593.63,1797.74,Salary,1822.98,Dining Out,Neutral,98.8,Low,713.68,0,-332.8600000000006,108.575572782617,6.160520830918024
2020-06-24,1068,2030.17,2368.9700000000003,0.33,2429.85,recession,732.0,0.13,208.77,266.76,8,1413.98,20,0,574.5,1056.51,Salary,737.96,Utilities,Neutral,81.3,Low,0.0,0,-338.8000000000002,116.6882576335972,10.283375283843226
2020-07-24,1500,5221.04,4072.3,0.29,2843.18,normal,747.0,0.32,302.95,345.1,1,1237.23,71,0,530.03,2675.11,Salary,867.16,Utilities,Positive,5.9,High,2930.81,1,1148.7399999999998,77.99787015613748,5.8024837963317655
2020-08-23,1707,1333.75,4756.639999999999,0.33,2679.81,normal,650.0,0.43,613.31,827.64,4,510.91,56,0,553.56,2186.12,Salary,2016.96,Insurance,Negative,2.8,Low,0.0,0,-3422.8899999999994,356.63655107778817,45.98388003748828
2020-09-22,1617,3496.23,3917.5200000000004,0.3,2910.22,normal,630.0,0.36,967.21,490.58,5,996.5,52,0,668.63,2302.19,Salary,946.7,Rent,Positive,1.1,Medium,1064.01,0,-421.2900000000004,112.04983653821404,27.66436990701413
2020-10-22,1390,3334.65,3843.0,0.24,2337.13,normal,670.0,0.39,728.05,315.16,2,1069.07,35,0,614.0,2037.04,Salary,1191.96,Dining Out,Positive,76.5,Low,0.0,0,-508.3499999999999,115.24447843101974,21.832876013974477
2020-11-21,1896,4605.31,5711.959999999999,0.27,3241.61,inflation,624.0,0.15,459.19,253.28,5,1463.72,80,0,421.48,3632.88,Salary,1657.6,Rent,Positive,49.5,High,2043.38,0,-1106.6499999999987,124.0298698676093,9.970881439034505
2020-12-21,1930,4316.82,3840.46,0.07,2675.76,normal,787.0,0.35,257.02,0.0,2,710.78,78,0,645.39,1423.93,Salary,1771.14,Utilities,Positive,62.8,Medium,514.2,0,476.3599999999997,88.96502518057274,5.953919783544368
2021-01-20,1226,4437.88,3614.7799999999997,0.14,2362.42,normal,713.0,0.54,580.18,26.42,7,1269.92,30,0,465.0,1430.54,Salary,1719.24,Investments,Negative,96.9,Low,1036.66,0,823.1000000000004,81.4528558681172,13.073359351762551
2021-02-19,1974,6901.16,4069.9799999999996,0.08,1873.23,normal,758.0,0.32,531.53,488.44,7,1436.17,30,0,537.04,2578.2,Salary,954.74,Transportation,Negative,32.3,High,2779.07,1,2831.1800000000003,58.97530270273402,7.70203849787572
2021-03-21,1714,3561.39,3573.6699999999996,0.24,3061.8,normal,653.0,0.23,729.18,108.59,9,1095.68,42,0,756.39,1962.73,Freelance,854.55,Rent,Positive,85.8,High,665.67,0,-12.279999999999745,100.34480918967033,20.47458997750878
2021-04-20,1401,3960.08,4935.74,0.21,2606.62,recession,613.0,0.44,329.81,665.16,4,1201.82,90,0,422.67,3145.91,Salary,1367.16,Utilities,Negative,74.8,Medium,161.1,0,-975.6599999999999,124.63738106300883,8.328367103694875
2021-05-20,1318,3073.53,3623.61,0.33,2697.23,normal,639.0,0.39,760.16,514.88,3,1455.76,67,0,548.34,1938.53,Salary,1136.74,Investments,Positive,1.1,Low,173.27,0,-550.0799999999999,117.89733628759113,24.732473735411723
2021-06-19,1783,4492.58,3631.18,0.07,2955.42,normal,595.0,0.37,672.05,393.81,8,448.07,56,0,758.18,1672.06,Salary,1200.94,Investments,Positive,18.1,Low,1602.18,0,861.4000000000001,80.82616224975403,14.959110355296957
2021-07-19,1396,4753.76,3615.8599999999997,0.06,2024.7,normal,626.0,0.4,459.42,586.01,1,776.6,90,0,777.66,2209.95,Freelance,628.25,Investments,Negative,52.5,Medium,3736.72,1,1137.9000000000005,76.06315842617212,9.664349904075932
2021-08-18,1665,3268.37,4061.1099999999997,0.2,3411.93,inflation,635.0,0.42,441.62,161.38,8,1177.17,95,0,402.1,3018.39,Salary,640.62,Transportation,Negative,56.7,High,0.0,0,-792.7399999999998,124.25490382055887,13.511934083350416
2021-09-17,1586,4726.02,4617.139999999999,0.22,2081.31,recession,709.0,0.5,534.19,412.02,3,1394.02,33,0,771.75,2093.45,Salary,1751.94,Investments,Positive,47.6,Medium,2505.35,1,108.88000000000102,97.69615871282811,11.303168416553463
2021-10-17,1418,4075.23,4087.4300000000003,0.4,3083.69,normal,671.0,0.43,434.12,370.53,7,1487.26,80,0,552.13,2281.81,Salary,1253.49,Healthcare,Neutral,75.7,Low,2922.99,0,-12.200000000000273,100.29936960613266,10.652650279861504
2021-11-16,1470,5131.05,3616.53,0.16,3399.28,recession,668.0,0.47,364.78,522.63,5,1076.92,75,0,507.07,2036.75,Salary,1072.71,Utilities,Neutral,90.7,Low,1345.4,0,1514.52,70.48323442570235,7.109266134611823
2021-12-16,1612,4297.15,4107.75,0.22,2022.33,inflation,693.0,0.21,416.23,449.68,1,1284.27,65,0,344.9,1958.64,Salary,1804.21,Investments,Positive,90.1,Medium,1131.68,0,189.39999999999964,95.59242753918295,9.686187356736443
2022-01-15,1472,3454.17,3669.4800000000005,0.15,2486.3,normal,680.0,0.54,658.93,534.41,8,504.36,32,0,139.03,2095.8,Salary,1434.65,Dining Out,Positive,98.1,High,1029.05,0,-215.3100000000004,106.23333535986939,19.076362773111917
2022-02-14,1839,4859.54,3224.16,0.12,2374.28,normal,711.0,0.13,645.39,233.26,7,1010.71,44,0,491.67,2094.77,Salary,637.72,Transportation,Neutral,86.3,Medium,1280.68,0,1635.38,66.3470204998827,13.280886668285474
2022-03-16,1626,2642.03,3203.1000000000004,0.15,2694.91,recession,715.0,0.35,447.08,11.87,5,2286.29,50,0,361.38,2078.28,Salary,763.44,Transportation,Positive,32.8,Medium,0.0,0,-561.0700000000002,121.2363220705291,16.921836618055057
2022-04-15,1671,3718.62,5067.08,0.24,2518.02,normal,730.0,0.51,790.44,626.31,5,365.31,90,0,770.53,2762.75,Salary,1533.8,Education,Positive,19.9,High,431.2,0,-1348.46,136.26237690325982,21.256272488181104
2022-05-15,1349,3706.82,4585.9800000000005,0.09,2217.73,normal,640.0,0.28,95.35,152.18,8,916.94,82,0,785.15,2777.26,Salary,1023.57,Rent,Negative,19.6,Low,1113.16,0,-879.1600000000003,123.71736420975392,2.5722856788298323
2022-06-14,1304,3478.13,4660.93,0.16,3031.53,recession,766.0,0.25,563.31,602.56,4,1176.73,94,0,740.75,2682.39,Salary,1237.79,Groceries,Neutral,72.2,Low,0.0,0,-1182.8000000000002,134.0067795050789,16.195771865916452
2022-07-14,1934,2812.22,4014.02,0.32,3365.43,normal,716.0,0.14,393.46,384.95,9,624.13,26,0,644.62,1834.42,Salary,1534.98,Groceries,Positive,14.3,Medium,603.88,0,-1201.8000000000002,142.7349211654849,13.991081778808201
2022-08-13,1447,4206.61,2474.89,0.09,2468.9,recession,744.0,0.57,459.62,576.26,2,1074.25,38,0,609.39,1000.0,Salary,865.5,Groceries,Negative,87.8,Medium,0.0,0,1731.7199999999998,58.83335987885733,10.926137673803847
2022-09-12,1107,3885.65,5307.96,0.19,2168.56,normal,628.0,0.12,654.25,295.71,6,172.79,92,0,736.21,3096.29,Salary,1475.46,Entertainment,Positive,93.8,Medium,887.35,0,-1422.31,136.60417176019456,16.83759473961885
2022-10-12,1096,3667.15,4149.11,0.25,2491.29,inflation,709.0,0.27,173.04,396.02,8,722.03,73,0,706.99,2469.13,Salary,972.99,Utilities,Positive,97.1,High,1536.91,0,-481.9599999999996,113.14263119861472,4.718650723313745
2022-11-11,1199,3450.7,4061.7999999999997,0.16,2957.13,normal,657.0,0.42,436.23,608.75,1,1398.63,45,0,430.86,2232.47,Salary,1398.47,Education,Neutral,37.7,Low,1148.51,0,-611.0999999999999,117.70945025646971,12.64178282667285
2022-12-11,1203,3502.85,3097.8100000000004,0.23,3270.76,inflation,638.0,0.57,439.59,538.46,3,254.01,85,1,406.01,1580.54,Salary,1111.26,Transportation,Positive,58.9,Low,455.31,0,405.0399999999995,88.43684428394023,12.549495410879713
2023-01-10,1177,3249.9,4759.39,0.1,2342.0,recession,813.0,0.38,762.35,258.92,7,958.25,82,0,971.66,2355.5,Salary,1432.23,Investments,Positive,91.3,High,0.0,0,-1509.4900000000002,146.4472753007785,23.457644850610787
2023-02-09,1978,2840.37,2724.51,0.26,2871.77,normal,697.0,0.26,433.33,442.68,4,791.6,60,0,601.37,1823.14,Salary,300.0,Transportation,Positive,52.6,Low,131.22,0,115.85999999999967,95.9209539602235,15.256110999623287
2023-03-11,1157,3233.77,4062.8199999999997,0.17,2648.6,inflation,705.0,0.22,878.54,154.61,1,0.0,22,0,431.99,2880.62,Mixed,750.21,Education,Neutral,74.8,Medium,1586.95,0,-829.0499999999997,125.6372592979711,27.167671170182174
2023-04-10,1860,2036.57,3982.6899999999996,0.23,1731.82,normal,675.0,0.22,526.46,717.87,3,452.75,93,0,512.93,2579.49,Salary,890.27,Healthcare,Positive,77.0,Low,0.0,0,-1946.1199999999997,195.5587090058284,25.85032677492058
2023-05-10,1288,4472.59,4405.4800000000005,0.2,3521.55,normal,634.0,0.54,241.16,345.43,9,492.84,97,0,560.33,2216.07,Salary,1629.08,Insurance,Positive,57.7,Medium,3150.62,0,67.10999999999967,98.49952711963314,5.391954102656403
2023-06-09,1060,4480.67,3151.9,0.09,2720.17,normal,644.0,0.4,536.79,547.43,7,434.1,35,0,470.69,1478.47,Salary,1202.74,Investments,Positive,80.5,Medium,1987.93,0,1328.77,70.34439045946253,11.980127971932768
2023-07-09,1372,4660.79,4310.51,0.3,3609.07,inflation,642.0,0.29,461.27,458.26,9,824.4,50,0,380.99,2688.15,Salary,1241.37,Healthcare,Negative,46.6,Medium,780.18,0,350.27999999999975,92.48453588340175,9.896820066984352
2023-08-08,1408,4493.53,4167.1900000000005,0.25,2883.64,normal,667.0,0.43,202.61,468.63,3,662.25,73,0,464.97,2220.96,Salary,1481.26,Investments,Neutral,70.1,Low,753.95,0,326.33999999999924,92.73755822260007,4.508927279889086
2023-09-07,1444,4897.24,3262.5,0.27,2734.32,inflation,721.0,0.32,388.29,199.31,4,1119.7,61,0,482.28,1645.9,Salary,1134.32,Transportation,Positive,10.7,Low,1173.8,0,1634.7399999999998,66.61915691287338,7.928751705042024
2023-10-07,1575,6577.71,4494.06,0.34,2234.61,recession,787.0,0.32,471.39,651.29,8,371.98,37,0,392.6,2439.4,Salary,1662.06,Healthcare,Neutral,92.6,Medium,3161.92,1,2083.6499999999996,68.32256210748118,7.166475870781776
2023-11-06,1277,3717.91,3340.29,0.31,2998.43,normal,692.0,0.32,413.0,626.19,2,817.84,97,0,572.42,1529.86,Salary,1238.01,Transportation,Positive,10.5,Medium,1668.11,0,377.6199999999999,89.84321836730852,11.108391542560202
2019-01-01,1193,2459.45,5076.31,0.11,2848.08,normal,594.0,0.53,710.37,573.77,2,481.0,41,0,639.13,3561.47,Freelance,875.71,Healthcare,Neutral,50.4,Low,461.68,0,-2616.8600000000006,206.40021142938463,28.88328691374088
2019-01-31,1774,5296.21,3795.8199999999997,0.32,2407.96,inflation,725.0,0.18,315.97,911.24,9,649.54,35,0,940.39,1386.12,Mixed,1469.31,Education,Negative,89.7,Low,1957.72,0,1500.3900000000003,71.67049644934774,5.965964340537857
2019-03-02,1057,3900.81,4774.4,0.08,2204.68,recession,624.0,0.46,268.88,643.82,2,1536.07,45,0,857.51,2660.64,Salary,1256.25,Investments,Positive,11.1,High,1242.73,0,-873.5899999999997,122.39509230134253,6.8929273663674975
2019-04-01,1909,6004.68,3945.37,0.11,2491.69,inflation,705.0,0.37,572.74,778.81,1,516.94,26,0,548.12,3097.25,Freelance,300.0,Investments,Negative,11.3,Low,3899.8,1,2059.3100000000004,65.70491683153806,9.53822684972388
2019-05-01,1574,5560.87,4835.74,0.18,2467.16,inflation,705.0,0.21,602.44,836.38,2,1454.36,83,0,742.83,3045.95,Salary,1046.96,Dining Out,Negative,82.9,Low,2825.21,1,725.1300000000001,86.96013393587694,10.833556619737559
2019-05-31,1791,4093.76,4064.0099999999998,0.25,2338.76,normal,694.0,0.22,660.9,31.6,6,409.42,42,0,636.04,1949.62,Salary,1478.35,Groceries,Neutral,83.6,Low,1750.71,0,29.750000000000455,99.27328421793166,16.14408270147737
2019-06-30,1937,5904.98,5353.860000000001,0.25,3199.33,normal,657.0,0.56,771.88,199.68,3,557.3,77,0,562.83,3070.53,Salary,1720.5,Rent,Positive,47.3,Low,3451.24,1,551.119999999999,90.6668608530427,13.071678481552858
2019-07-30,1153,4773.79,5047.01,0.15,2885.79,normal,709.0,0.57,681.66,239.54,9,89.82,82,1,446.22,2794.04,Salary,1806.75,Dining Out,Positive,33.2,Medium,1513.4,0,-273.22000000000025,105.72333512785438,14.279220493570097
2019-08-29,1495,4782.36,4959.780000000001,0.08,2489.35,normal,681.0,0.29,191.94,459.47,5,906.01,69,0,679.35,3331.9,Freelance,948.53,Education,Positive,97.1,Medium,2502.56,1,-177.42000000000098,103.70988382304974,4.013499611070685
2019-09-28,1223,5370.44,3757.05,0.16,3037.85,normal,717.0,0.12,663.98,0.0,1,132.26,20,0,450.86,1463.71,Mixed,1842.48,Education,Negative,74.4,Medium,1748.79,0,1613.3899999999994,69.95795502789343,12.363605216704778
2019-10-28,1473,5777.42,2870.0099999999998,0.18,2740.06,inflation,748.0,0.47,656.06,506.07,5,784.77,34,0,518.21,2035.34,Salary,316.46,Entertainment,Positive,97.6,Low,1749.52,0,2907.4100000000003,49.67632611096302,11.355587788320737
2019-11-27,1555,5007.12,2608.06,0.15,2497.2,normal,712.0,0.42,630.31,234.67,2,1520.99,47,0,167.15,1396.66,Salary,1044.25,Utilities,Positive,69.1,Low,1696.81,0,2399.06,52.08702807202543,12.5882742974005
2019-12-27,1707,4286.35,3521.15,0.31,1704.7,recession,696.0,0.34,1053.91,266.38,6,1601.0,38,0,585.86,1712.12,Salary,1223.17,Groceries,Negative,22.5,Medium,584.53,0,765.2000000000003,82.14798138276154,24.587586174717416
2020-01-26,1326,5252.02,4196.070000000001,0.22,2389.19,normal,691.0,0.34,704.57,373.61,7,509.68,52,0,379.64,2006.8,Salary,1809.63,Entertainment,Negative,42.9,High,3675.63,1,1055.9499999999998,79.89440253464382,13.415219287055265
2020-02-25,1750,4099.25,4674.42,0.39,2534.13,normal,668.0,0.37,340.21,426.0,3,1445.92,25,0,148.88,3195.98,Salary,1329.56,Entertainment,Positive,97.4,High,378.12,0,-575.1700000000001,114.03110325059463,8.299323046898822
2020-03-26,1097,3213.26,5062.6900000000005,0.1,3418.06,recession,674.0,0.38,911.02,1020.87,6,86.37,51,0,680.08,2946.01,Salary,1436.6,Investments,Positive,12.9,Low,1419.33,0,-1849.4300000000003,157.55618904165863,28.35189184815421
2020-04-25,1002,4712.63,3690.6499999999996,0.2,3174.14,normal,615.0,0.22,184.54,605.21,5,1318.93,83,0,460.49,1814.41,Freelance,1415.75,Education,Positive,85.3,Low,2404.73,0,1021.9800000000005,78.31401998459458,3.915860146033107
2020-05-25,1599,4136.61,3823.17,0.39,3100.36,inflation,725.0,0.45,761.91,399.58,1,445.02,84,0,458.94,1893.77,Mixed,1470.46,Healthcare,Positive,28.0,Medium,1178.33,0,313.4399999999996,92.42278097282558,18.418705171626044
2020-06-24,1298,4226.39,3665.1099999999997,0.23,3095.09,normal,669.0,0.32,456.41,505.93,8,603.55,61,0,404.5,1961.0,Salary,1299.61,Healthcare,Positive,40.6,Low,1998.72,0,561.2800000000007,86.71963543354966,10.799050726506545
2020-07-24,1946,3297.15,2928.41,0.1,2770.25,normal,763.0,0.54,336.07,681.8,8,282.13,25,0,676.79,1065.44,Mixed,1186.18,Education,Negative,2.5,Medium,522.51,0,368.74000000000024,88.81640204418967,10.19274221676296
2020-08-23,1171,2854.93,3631.6400000000003,0.08,3227.5,normal,702.0,0.3,570.15,613.62,3,1621.22,32,0,692.42,1866.95,Salary,1072.27,Dining Out,Negative,80.5,Medium,508.11,0,-776.7100000000005,127.20592098580352,19.970717320564777
2020-09-22,1941,3091.21,4139.94,0.27,2999.49,inflation,706.0,0.51,550.27,370.47,5,1697.6,32,0,153.41,2259.64,Salary,1726.89,Healthcare,Positive,49.4,High,0.0,0,-1048.7299999999996,133.92619718492108,17.801119949793122
2020-10-22,1031,3731.11,4155.59,0.21,3027.27,recession,757.0,0.43,554.81,292.9,9,1509.93,38,0,370.22,2945.5,Salary,839.87,Transportation,Negative,66.1,Low,2165.44,0,-424.48,111.37677527599025,14.869837662250642
2020-11-21,1914,4043.8,4560.47,0.4,2058.71,normal,669.0,0.12,454.12,176.46,6,1678.9,95,0,487.72,2803.18,Salary,1269.57,Investments,Positive,67.6,Low,419.8,0,-516.6700000000001,112.77684356298532,11.230031158811018
2020-12-21,1914,6506.77,5245.58,0.16,3732.76,normal,671.0,0.23,681.78,143.61,4,1119.0,59,0,660.88,3135.65,Salary,1449.05,Investments,Positive,62.3,Medium,3469.21,0,1261.1900000000005,80.61726478729076,10.478009826688202
2021-01-20,1245,1957.14,5223.74,0.32,2610.94,recession,647.0,0.33,118.24,132.06,7,1227.94,35,0,570.24,3045.26,Salary,1608.24,Dining Out,Positive,15.8,Medium,0.0,0,-3266.5999999999995,266.9068130026467,6.041468673676896
2021-02-19,1869,3890.29,3447.87,0.33,2583.23,inflation,718.0,0.42,309.56,195.56,2,665.41,62,0,455.2,2062.29,Salary,930.38,Transportation,Positive,19.4,High,575.08,0,442.4200000000001,88.62758303365558,7.957247403149894
2021-03-21,1041,3804.77,4414.1,0.24,2637.47,normal,547.0,0.56,274.53,487.84,7,471.83,79,1,762.59,2012.13,Salary,1639.38,Entertainment,Positive,99.3,Low,783.44,0,-609.3300000000004,116.01489708970583,7.215416437787303
2021-04-20,1966,3050.34,1679.5,0.07,2491.38,inflation,645.0,0.45,768.89,183.52,5,1675.32,46,0,126.12,1091.55,Salary,461.83,Healthcare,Negative,51.1,High,222.14,0,1370.8400000000001,55.05943599729866,25.206698269701082
2021-05-20,1662,2967.7,4341.02,0.38,2662.94,inflation,610.0,0.37,530.85,331.37,1,155.63,47,0,374.25,3095.39,Freelance,871.38,Insurance,Neutral,34.1,Medium,0.0,0,-1373.3200000000006,146.27556693735892,17.88758971594164
2021-06-19,1154,2554.47,3715.99,0.17,2302.62,inflation,677.0,0.38,812.38,409.2,4,1326.54,55,0,664.84,2385.37,Salary,665.78,Dining Out,Positive,87.0,Low,0.0,0,-1161.52,145.47009751533585,31.80229166911336
2021-07-19,1270,4987.0,4105.12,0.16,3563.92,recession,636.0,0.25,828.78,442.9,3,1420.45,95,0,462.86,2808.55,Mixed,833.71,Rent,Negative,75.9,High,2417.0,0,881.8800000000001,82.31642269901744,16.618808903148185
2021-08-18,1717,3636.72,3050.03,0.4,2993.12,normal,659.0,0.11,682.15,151.9,6,1669.71,99,0,320.14,1574.44,Salary,1155.45,Transportation,Neutral,82.1,Low,1386.43,0,586.6899999999996,83.8676059746145,18.757286785894983
2021-09-17,1529,3500.91,3721.9700000000003,0.37,3043.75,normal,738.0,0.4,833.44,612.71,6,979.74,60,0,589.95,2650.27,Salary,481.75,Groceries,Positive,40.4,Medium,0.0,0,-221.0600000000004,106.31435826685063,23.80638176931141
2021-10-17,1572,2292.67,3317.5299999999997,0.22,2775.48,recession,732.0,0.55,287.29,511.27,3,600.82,73,0,441.22,2527.1,Freelance,349.21,Utilities,Negative,39.1,Low,0.0,0,-1024.8599999999997,144.7015924664256,12.530804694962642
2021-11-16,1369,4879.06,3945.14,0.16,2428.55,normal,674.0,0.16,673.95,285.13,7,981.46,35,0,880.66,1945.8,Salary,1118.68,Groceries,Negative,33.2,Low,1852.71,0,933.9200000000005,80.8586080105594,13.81311154197735
2021-12-16,1293,4181.87,4456.4800000000005,0.08,3068.14,inflation,649.0,0.42,519.13,945.01,5,1117.69,27,0,354.56,2432.6,Salary,1669.32,Education,Positive,5.3,Medium,1733.74,0,-274.6100000000006,106.566679499841,12.413824437392842
2022-01-15,1880,2884.27,3408.6600000000003,0.2,2739.26,recession,631.0,0.19,672.31,394.98,8,696.64,55,0,476.4,1632.41,Salary,1299.85,Entertainment,Positive,10.2,High,0.0,0,-524.3900000000003,118.18103020868367,23.309537595301407
2022-02-14,1416,3495.12,3562.7599999999998,0.22,1458.28,normal,696.0,0.39,883.06,353.65,4,926.41,63,0,276.56,1936.52,Salary,1349.68,Transportation,Neutral,25.3,High,0.0,0,-67.63999999999987,101.93526974753371,25.265513058206874
2022-03-16,1171,4297.09,3393.0499999999997,0.38,3429.0,normal,666.0,0.4,550.85,378.06,2,1219.18,47,0,611.27,1799.55,Salary,982.23,Utilities,Negative,87.9,Medium,1244.41,0,904.0400000000004,78.96157632258108,12.819140395011509
2022-04-15,1190,2827.7,3770.97,0.08,3213.06,normal,713.0,0.2,1095.26,536.3,9,1142.83,35,0,580.23,1962.99,Mixed,1227.75,Investments,Neutral,27.7,Medium,0.0,0,-943.27,133.3582063160873,38.73324610107154
2022-05-15,1622,5052.02,3981.7700000000004,0.25,3762.22,inflation,701.0,0.54,518.4,728.55,9,1542.49,89,0,223.21,2629.4,Mixed,1129.16,Transportation,Positive,86.9,Low,2977.32,0,1070.25,78.8154045312568,10.261242037838329
2022-06-14,1017,3817.1,3783.0299999999997,0.06,2967.27,normal,740.0,0.17,583.62,0.0,1,1611.07,84,0,710.1,2033.35,Salary,1039.58,Entertainment,Positive,63.2,High,599.73,0,34.070000000000164,99.1074375835058,15.289617772654635
2022-07-14,1550,3275.11,3395.98,0.38,1802.11,recession,711.0,0.41,393.83,233.59,8,804.64,59,0,474.3,1856.35,Freelance,1065.33,Investments,Negative,59.8,Low,0.0,0,-120.86999999999989,103.69056306505735,12.02493962034863
2022-08-13,1581,3998.27,3664.2599999999998,0.19,2897.41,inflation,713.0,0.57,665.39,247.12,1,581.46,27,0,155.41,2350.64,Mixed,1158.21,Dining Out,Neutral,33.4,High,2579.43,0,334.0100000000002,91.6461369542327,16.64194764235532
2022-09-12,1374,3173.08,4042.31,0.38,2572.28,recession,658.0,0.27,686.61,344.78,8,579.55,30,0,725.91,1558.51,Salary,1757.89,Rent,Positive,26.5,Low,682.53,0,-869.23,127.39388858774441,21.63859719893605
2022-10-12,1603,3845.92,4521.44,0.08,3590.66,inflation,665.0,0.23,521.66,552.87,2,427.29,76,0,257.64,2859.74,Salary,1404.06,Healthcare,Neutral,61.4,Low,0.0,0,-675.5199999999995,117.56458792694595,13.563984690269168
2022-11-11,1219,4139.21,5176.29,0.31,3141.57,normal,706.0,0.22,20.53,77.3,8,1817.67,64,0,645.42,2843.36,Salary,1687.51,Education,Positive,19.7,High,1878.92,0,-1037.08,125.0550225767719,0.4959883649295397
2022-12-11,1024,3469.67,2061.9500000000003,0.14,2803.45,recession,682.0,0.37,324.11,411.23,4,1141.4,79,0,140.9,1609.63,Salary,311.42,Entertainment,Positive,16.7,High,359.41,0,1407.7199999999998,59.42784184086671,9.341234180772235
2023-01-10,1734,5461.23,4688.9,0.06,3539.62,inflation,773.0,0.3,470.75,480.29,9,353.31,91,0,599.11,2285.28,Salary,1804.51,Healthcare,Negative,64.5,High,2603.37,0,772.3299999999999,85.85794775169695,8.619853036770106
2023-02-09,1534,3066.2,3662.8,0.22,2107.1,normal,737.0,0.49,441.31,89.63,5,357.35,69,0,395.3,2390.33,Freelance,877.17,Utilities,Neutral,67.1,Low,347.07,0,-596.6000000000004,119.45730872089233,14.392733676863873
2023-03-11,1238,5312.24,4247.05,0.06,2554.91,inflation,741.0,0.6,326.68,326.3,9,1320.11,58,0,684.86,2557.78,Salary,1004.41,Entertainment,Negative,70.9,High,2202.46,0,1065.1899999999996,79.94838335617366,6.1495715555020105
2023-04-10,1325,4883.87,4528.38,0.28,3024.87,normal,585.0,0.42,666.53,559.91,9,862.09,83,0,404.56,2188.93,Salary,1934.89,Insurance,Negative,18.2,Low,1679.82,0,355.4899999999998,92.72114122611782,13.647578662003697
2023-05-10,1781,4533.63,3603.35,0.11,2737.91,normal,620.0,0.14,743.08,304.7,9,650.38,67,0,672.18,1804.01,Mixed,1127.16,Dining Out,Positive,0.1,Medium,1671.7,0,930.2800000000002,79.48046046986632,16.390397981308578
2023-06-09,1186,5002.97,6724.0199999999995,0.06,3402.58,normal,689.0,0.39,522.86,381.0,1,762.97,43,0,807.95,3985.5,Salary,1930.57,Transportation,Negative,70.1,Medium,2364.52,0,-1721.0499999999993,134.4005660637581,10.450992110686252
2023-07-09,1953,5446.06,3168.62,0.3,3573.82,normal,691.0,0.39,701.93,566.92,6,1754.0,72,1,404.45,1984.99,Salary,779.18,Investments,Positive,67.3,Low,3505.71,0,2277.4400000000005,58.18187827530361,12.888767292317747
2023-08-08,1809,1394.59,4325.29,0.11,2217.87,inflation,705.0,0.36,731.79,298.95,6,659.42,97,0,445.05,2832.5,Freelance,1047.74,Utilities,Positive,33.4,Medium,0.0,0,-2930.7,310.14778537061073,52.473486831255066
2023-09-07,1335,3443.21,4505.16,0.06,2155.54,normal,721.0,0.21,426.84,420.61,7,1081.39,26,0,659.68,2393.65,Salary,1451.83,Healthcare,Positive,32.2,High,0.0,0,-1061.9499999999998,130.8418597761972,12.396571803636721
2023-10-07,1260,2971.84,3690.7800000000007,0.27,2372.9,inflation,606.0,0.25,624.85,251.53,3,1225.59,51,0,615.97,1617.93,Salary,1456.88,Healthcare,Positive,46.8,Low,0.0,0,-718.9400000000005,124.19174652740392,21.025694519220416
2023-11-06,1955,3076.59,2670.56,0.29,3164.19,recession,764.0,0.43,707.03,284.49,4,1590.81,61,0,327.61,1421.09,Freelance,921.86,Dining Out,Positive,70.9,Low,385.88,0,406.0300000000002,86.80259638105824,22.980962689211104
2019-01-01,1673,2999.61,3375.8700000000003,0.09,3268.06,recession,643.0,0.12,575.37,116.1,4,1951.79,34,0,193.82,1924.92,Freelance,1257.13,Groceries,Negative,63.0,Low,0.0,0,-376.2600000000002,112.54363067198736,19.18149359416724
2019-01-31,1790,1649.12,5118.349999999999,0.34,3228.48,normal,645.0,0.46,856.95,0.0,2,0.0,55,0,408.32,2647.16,Freelance,2062.87,Rent,Positive,89.2,High,0.0,0,-3469.2299999999996,310.36856020180454,51.96407781119628
2019-03-02,1346,3264.57,3048.4,0.33,3207.62,inflation,607.0,0.2,1160.63,553.92,3,1244.48,48,0,423.75,1000.0,Mixed,1624.65,Rent,Positive,54.1,Low,269.87,0,216.17000000000007,93.37830097072508,35.552308573564055
2019-04-01,1060,3517.89,3498.4,0.17,2623.71,normal,666.0,0.51,266.35,464.74,6,0.0,89,0,696.63,2232.4,Salary,569.37,Groceries,Positive,26.6,Low,0.0,0,19.48999999999978,99.4459747177996,7.571299841666454
2019-05-01,1633,2256.07,2600.82,0.28,2931.69,normal,646.0,0.21,716.82,407.9,8,291.02,46,0,238.23,2062.59,Mixed,300.0,Utilities,Negative,79.0,Medium,0.0,0,-344.75,115.28099748678011,31.772950307392943
2019-05-31,1244,5969.4,4697.74,0.29,2899.07,inflation,631.0,0.34,570.72,275.68,2,676.38,52,0,661.0,2641.31,Salary,1395.43,Groceries,Positive,14.5,Medium,3200.69,1,1271.6599999999999,78.69702147619526,9.56075987536436
2019-06-30,1444,5029.99,3499.0699999999997,0.12,2755.79,normal,643.0,0.57,598.04,583.82,3,1033.75,69,0,436.04,2015.3,Salary,1047.73,Groceries,Positive,89.7,Low,1139.97,0,1530.92,69.56415420308987,11.889486857826755
2019-07-30,1183,2312.95,3277.7,0.14,3176.74,normal,731.0,0.36,349.9,521.98,5,0.0,29,0,120.68,2156.2,Salary,1000.82,Rent,Positive,0.6,Medium,0.0,0,-964.75,141.71080222227027,15.127867009662985
2019-08-29,1606,3482.26,2603.07,0.29,2318.06,inflation,617.0,0.18,181.27,562.4,8,669.44,76,0,304.02,1000.0,Salary,1299.05,Dining Out,Negative,83.6,Low,281.97,0,879.19,74.75231602465065,5.205527444820318
2019-09-28,1773,3354.24,4055.5600000000004,0.25,2493.17,normal,644.0,0.57,792.28,34.77,5,162.94,85,0,0.0,2872.78,Salary,1182.78,Rent,Negative,28.5,Low,0.0,0,-701.3200000000006,120.90846212554858,23.620253768364815
2019-10-28,1387,3480.16,3461.4999999999995,0.1,2507.33,normal,639.0,0.1,772.91,427.53,1,1023.36,76,0,358.81,2021.35,Salary,1081.34,Utilities,Positive,86.5,Low,0.0,0,18.66000000000031,99.46381775550549,22.209036366144087
2019-11-27,1484,3803.28,3869.5499999999997,0.15,2688.57,normal,648.0,0.29,44.63,158.54,2,1334.9,91,0,789.93,2190.84,Salary,888.78,Healthcare,Neutral,37.1,Low,480.21,0,-66.26999999999953,101.74244336467468,1.1734608022548958
2019-12-27,1614,2521.17,3453.29,0.09,2730.81,inflation,567.0,0.27,631.99,11.25,3,1138.08,52,0,745.68,1630.68,Salary,1076.93,Entertainment,Positive,27.6,Medium,13.49,0,-932.1199999999999,136.97172344586045,25.067329850823228
2020-01-26,1945,5866.09,4459.5,0.06,2751.2,inflation,703.0,0.17,712.0,0.0,8,1164.18,41,0,607.83,2221.14,Salary,1630.53,Transportation,Neutral,18.9,Low,3145.08,1,1406.5900000000001,76.02167713076342,12.13755670301683
2020-02-25,1055,5258.99,4682.79,0.29,2364.88,normal,640.0,0.41,321.09,377.43,5,1926.59,69,0,770.47,2415.06,Freelance,1497.26,Dining Out,Positive,86.3,Low,2626.44,1,576.1999999999998,89.04352356631216,6.10554498107051
2020-03-26,1566,4067.93,3978.08,0.31,2890.52,inflation,636.0,0.14,683.68,284.02,3,1095.55,79,0,626.41,1869.17,Freelance,1482.5,Groceries,Negative,23.2,Low,1029.25,0,89.84999999999991,97.79125992826819,16.80658221749145
2020-04-25,1763,3914.89,3614.0099999999998,0.39,2415.9,normal,623.0,0.52,416.89,510.11,2,636.46,86,0,440.37,2342.96,Freelance,830.68,Dining Out,Positive,13.5,Low,3.37,0,300.8800000000001,92.31447116010922,10.6488304907673
2020-05-25,1784,4488.85,2981.2999999999997,0.39,2360.5,normal,714.0,0.18,809.59,767.54,3,1099.68,71,0,380.14,1474.65,Salary,1126.51,Rent,Positive,87.3,High,89.01,0,1507.5500000000006,66.41567439321874,18.035577040890203
2020-06-24,1502,4617.04,4302.96,0.26,2351.05,normal,761.0,0.44,559.62,421.09,1,384.99,30,0,421.17,2818.8,Salary,1062.99,Insurance,Positive,62.4,Medium,957.92,0,314.0799999999999,93.19737320880911,12.120752690035175
2020-07-24,1248,4010.68,4236.64,0.37,2560.79,normal,723.0,0.57,196.92,0.0,2,309.71,54,0,521.11,2819.13,Salary,896.4,Rent,Positive,20.5,Low,1174.12,0,-225.9600000000005,105.63395733391845,4.909890592119042
2020-08-23,1029,6619.89,3488.2,0.05,2364.64,normal,722.0,0.32,514.94,111.35,9,1346.38,82,0,496.0,1881.06,Salary,1111.14,Groceries,Positive,46.8,Low,2807.36,1,3131.6900000000005,52.69271845906805,7.778679101918612
2020-09-22,1355,4660.54,3356.23,0.25,3032.44,normal,622.0,0.58,215.86,324.53,3,1754.83,35,0,826.63,1092.09,Freelance,1437.51,Education,Neutral,97.4,Low,3561.58,1,1304.31,72.01375806237046,4.631652126148472
2020-10-22,1842,2384.25,4635.23,0.39,2713.04,recession,787.0,0.14,549.54,714.83,8,0.0,31,0,803.81,2437.97,Salary,1393.45,Entertainment,Positive,7.3,High,0.0,0,-2250.9799999999996,194.41040159379256,23.048757470902796
2020-11-21,1690,3286.94,3550.5,0.4,3306.71,inflation,779.0,0.31,437.4,344.67,8,1518.98,51,0,421.16,1889.4,Salary,1239.94,Insurance,Neutral,78.9,Medium,0.0,0,-263.55999999999995,108.01840009248724,13.30720974523417
2020-12-21,1387,4244.86,2504.32,0.29,2181.0,normal,587.0,0.32,735.04,929.57,7,727.61,81,0,158.55,1109.36,Salary,1236.41,Education,Negative,72.7,High,1060.4,0,1740.5399999999995,58.99652756510228,17.316000998855085
2021-01-20,1663,3007.28,3100.6800000000003,0.19,2070.83,normal,644.0,0.36,396.32,1056.53,9,999.69,92,0,610.92,1000.0,Salary,1489.76,Dining Out,Neutral,37.9,Medium,1253.27,0,-93.40000000000009,103.10579660025006,13.178686387699182
2021-02-19,1403,3022.18,3631.37,0.26,3488.37,inflation,670.0,0.43,490.28,226.6,7,2064.77,46,0,218.12,1886.59,Mixed,1526.66,Dining Out,Positive,69.6,Low,0.0,0,-609.19,120.15730366821302,16.222726641033955
2021-03-21,1272,3917.15,3986.28,0.27,2791.3,recession,607.0,0.19,401.86,294.24,6,1613.93,52,0,557.54,2129.82,Mixed,1298.92,Insurance,Negative,70.5,Medium,408.56,0,-69.13000000000011,101.76480349233499,10.258989316212041
2021-04-20,1447,2020.14,3645.5,0.33,2101.46,normal,648.0,0.39,503.84,400.53,4,1122.77,93,0,505.9,1988.27,Salary,1151.33,Groceries,Positive,31.0,Medium,0.0,0,-1625.36,180.45779005415466,24.940845683962497
2021-05-20,1939,4331.97,4116.9800000000005,0.23,3543.98,inflation,710.0,0.35,336.06,488.54,5,1396.12,69,0,710.67,2073.34,Salary,1332.97,Insurance,Positive,99.5,Medium,1674.05,0,214.98999999999978,95.03713091272562,7.757671452018365
2021-06-19,1272,5027.23,2586.11,0.19,2370.73,normal,654.0,0.47,799.65,0.0,6,1149.0,23,0,340.38,1000.0,Freelance,1245.73,Education,Negative,31.0,High,2613.03,1,2441.1199999999994,51.4420466141394,15.906373887807005
2021-07-19,1992,3643.48,2992.08,0.26,3177.48,inflation,748.0,0.57,611.68,222.07,3,1126.53,72,0,225.58,1338.37,Salary,1428.13,Insurance,Positive,32.3,Low,1073.28,0,651.4000000000001,82.12148824749964,16.788345208427106
2021-08-18,1033,4326.45,4353.22,0.3,3077.25,normal,729.0,0.13,353.56,404.45,7,1092.23,53,0,818.72,2351.97,Salary,1182.53,Entertainment,Neutral,42.8,Low,0.0,0,-26.770000000000437,100.61875209467348,8.172057922777336
2021-09-17,1199,2067.72,3411.7400000000002,0.12,3783.45,normal,622.0,0.2,250.13,520.3,1,891.84,28,0,320.48,1666.2,Salary,1425.06,Entertainment,Neutral,97.5,Medium,0.0,0,-1344.0200000000004,165.0000967248951,12.096898999864585
2021-10-17,1010,3496.37,3711.4199999999996,0.19,2388.69,normal,608.0,0.25,736.24,248.68,6,457.74,96,0,268.18,2028.19,Salary,1415.05,Investments,Negative,65.7,Low,0.0,0,-215.04999999999973,106.15066483238328,21.05726796649096
2021-11-16,1536,4095.6,4560.5599999999995,0.14,3334.69,normal,707.0,0.24,554.72,327.25,3,1267.24,24,0,317.75,2565.47,Salary,1677.34,Entertainment,Neutral,38.3,Medium,285.57,0,-464.9599999999996,111.35267115929288,13.544291434710424
2021-12-16,1479,3574.03,4606.82,0.11,3056.15,normal,704.0,0.54,472.59,554.64,1,615.29,32,0,57.12,3090.79,Salary,1458.91,Education,Positive,38.4,Medium,1429.38,0,-1032.7899999999995,128.89707137321173,13.222888448054434
2022-01-15,1058,2808.94,3252.9600000000005,0.13,2812.41,normal,684.0,0.45,392.4,234.72,5,1009.11,37,0,388.82,2193.13,Salary,671.01,Transportation,Negative,45.6,High,0.0,0,-444.02000000000044,115.80738641622821,13.969682513688436
2022-02-14,1047,2963.77,3307.04,0.24,3239.8,inflation,631.0,0.45,445.48,142.13,1,659.64,34,0,129.8,1851.71,Freelance,1325.53,Healthcare,Positive,37.7,Low,0.0,0,-343.27,111.58220779615154,15.030855970605007
2022-03-16,1267,2534.09,2634.0099999999998,0.35,2561.79,recession,664.0,0.33,799.93,364.1,6,1427.01,88,0,429.81,1461.85,Salary,742.35,Healthcare,Negative,42.0,High,0.0,0,-99.91999999999962,103.94303280467543,31.5667557190155
2022-04-15,1296,2746.43,2319.11,0.11,3347.0,normal,674.0,0.24,493.07,193.88,1,861.69,74,0,755.72,1098.13,Salary,465.26,Entertainment,Positive,67.7,Low,0.0,0,427.3199999999997,84.44089235844352,17.953124601755736
2022-05-15,1608,3976.21,4551.21,0.08,2872.86,normal,692.0,0.31,508.76,793.09,3,646.01,90,0,682.41,2494.57,Freelance,1374.23,Insurance,Positive,54.0,High,1239.48,0,-575.0,114.46100683817002,12.795098850412831
2022-06-14,1690,5293.22,3111.98,0.09,2937.19,normal,847.0,0.43,496.95,354.66,3,890.28,45,0,480.16,1226.44,Salary,1405.38,Utilities,Positive,30.1,Low,2539.98,0,2181.2400000000002,58.791812922946704,9.388425192982721
2022-07-14,1046,4848.26,4479.09,0.19,2898.64,recession,777.0,0.58,607.89,368.71,5,64.08,46,0,400.05,2770.88,Salary,1308.16,Transportation,Positive,1.6,Medium,1133.41,0,369.1700000000001,92.38551562828727,12.538312714252124
2022-08-13,1723,2878.18,3233.1099999999997,0.37,1598.06,normal,656.0,0.23,519.37,131.94,1,1607.37,27,0,340.74,1385.69,Salary,1506.68,Utilities,Negative,31.0,Low,0.0,0,-354.92999999999984,112.33175131506717,18.045084046168068
2022-09-12,1692,3067.71,3566.47,0.24,2657.7,normal,666.0,0.35,718.05,475.5,2,1129.23,22,0,475.02,1512.35,Salary,1579.1,Dining Out,Neutral,3.2,Low,0.0,0,-498.75999999999976,116.2583816592833,23.40671054304351
2022-10-12,1741,6707.56,3238.3399999999997,0.1,1706.52,normal,699.0,0.25,675.57,429.94,7,694.08,36,0,341.93,1120.12,Freelance,1776.29,Rent,Negative,80.2,Low,4891.11,1,3469.2200000000007,48.27895687850723,10.071769764265992
2022-11-11,1012,5047.92,4172.85,0.05,1805.49,inflation,699.0,0.43,130.35,496.63,7,694.46,61,0,445.59,2599.11,Salary,1128.15,Investments,Positive,77.0,Low,2723.3,1,875.0699999999997,82.66474112109543,2.5822516997099796
2022-12-11,1044,2851.45,2934.73,0.08,3386.92,normal,645.0,0.41,770.34,727.74,6,924.65,28,1,550.0,1246.02,Salary,1138.71,Healthcare,Positive,23.2,Medium,1354.76,0,-83.2800000000002,102.92061933402306,27.015728839713134
2023-01-10,1453,3697.69,3606.9900000000002,0.2,2451.8,recession,738.0,0.47,363.1,522.42,3,2179.66,86,0,493.48,2305.3,Salary,808.21,Utilities,Positive,19.5,High,1757.39,0,90.69999999999982,97.54711725428578,9.81964415621645
2023-02-09,1156,3337.46,4260.97,0.11,3114.39,recession,655.0,0.11,409.77,619.21,5,538.28,90,0,893.65,2662.82,Salary,704.5,Rent,Neutral,86.9,Medium,120.38,0,-923.5100000000002,127.67104324845842,12.277899959849705
2023-03-11,1490,4633.39,4454.22,0.4,2841.49,normal,658.0,0.45,712.69,338.74,4,798.63,37,0,844.85,1887.72,Salary,1721.65,Entertainment,Positive,85.0,Low,2082.66,0,179.17000000000007,96.13306887613604,15.381610440735615
2023-04-10,1406,4073.05,4540.41,0.29,3029.37,normal,615.0,0.32,467.51,486.83,5,1161.34,77,0,991.51,2776.83,Salary,772.07,Entertainment,Positive,23.5,Low,603.25,0,-467.3599999999997,111.47444789531187,11.47813063920158
2023-05-10,1624,4229.99,4089.61,0.22,2892.49,normal,745.0,0.32,447.78,614.24,4,1179.99,31,0,181.94,2998.52,Freelance,909.15,Investments,Positive,98.3,Medium,871.74,0,140.37999999999965,96.68131603148,10.585840628464844
2023-06-09,1407,3875.22,5003.5,0.22,3223.4,normal,702.0,0.57,632.06,384.07,2,1425.48,47,0,736.18,2802.01,Salary,1465.31,Education,Positive,53.9,Medium,1541.97,0,-1128.2800000000002,129.11525023095462,16.3102998023338
2023-07-09,1136,1614.72,3575.61,0.15,2805.56,recession,714.0,0.26,350.78,98.6,2,1839.47,79,0,682.9,1868.0,Salary,1024.71,Transportation,Neutral,48.0,Medium,0.0,0,-1960.89,221.4383917954816,21.723890210067378
2023-08-08,1337,6471.53,3588.1000000000004,0.24,3434.23,recession,688.0,0.21,607.48,434.56,1,1361.49,64,0,336.47,2195.39,Salary,1056.24,Investments,Negative,15.1,Low,4158.98,1,2883.4299999999994,55.44438486725706,9.38696104321544
2023-09-07,1898,4064.91,5037.360000000001,0.37,2656.61,normal,681.0,0.4,244.79,627.44,3,610.24,34,0,595.35,2577.54,Salary,1864.47,Groceries,Negative,98.0,Medium,1090.18,0,-972.4500000000007,123.92303888646983,6.022027547965392
2023-10-07,1192,4153.46,3267.02,0.11,2829.91,recession,688.0,0.44,545.3,251.99,4,1626.61,81,0,733.31,1630.62,Salary,903.09,Education,Negative,14.5,Low,1773.73,0,886.44,78.65779374304796,13.12881308595725
2023-11-06,1607,4085.13,4266.91,0.14,3127.78,recession,608.0,0.46,464.2,449.21,3,1672.94,95,0,263.63,2501.95,Salary,1501.33,Transportation,Negative,99.0,Low,375.54,0,-181.77999999999975,104.44979719127664,11.363163473377835
2019-01-01,1530,3348.85,3265.2799999999997,0.31,2887.71,normal,721.0,0.6,380.74,749.31,5,479.99,44,0,1020.01,1072.4,Salary,1172.87,Investments,Positive,36.5,Medium,348.12,0,83.57000000000016,97.50451647580512,11.369276020126312
2019-01-31,1452,4614.66,3395.31,0.34,2531.7,recession,729.0,0.33,772.85,297.7,3,841.1,66,0,398.07,1825.02,Salary,1172.22,Entertainment,Positive,75.2,High,542.94,0,1219.35,73.57660152643966,16.74771272423104
2019-03-02,1118,3227.28,2942.14,0.32,2828.91,normal,754.0,0.35,833.5,228.91,2,907.62,80,0,338.73,1000.0,Salary,1603.41,Groceries,Neutral,63.8,High,0.0,0,285.1400000000003,91.16469596688232,25.82670236236087
2019-04-01,1909,4711.02,4571.349999999999,0.09,2591.07,normal,680.0,0.27,503.98,595.96,3,1936.03,54,0,494.19,2342.62,Freelance,1734.54,Entertainment,Positive,62.7,Medium,1550.22,0,139.67000000000098,97.03524926661315,10.697895572508713
2019-05-01,1001,4301.38,3581.7699999999995,0.15,2845.22,inflation,760.0,0.53,825.8,287.58,5,156.4,28,0,541.16,1545.27,Salary,1495.34,Dining Out,Neutral,49.2,Low,2630.36,0,719.6100000000006,83.27025280258893,19.19848978699859
2019-05-31,1926,4766.74,3925.23,0.33,3137.3,recession,743.0,0.45,688.97,265.88,7,881.43,75,0,758.13,2056.48,Salary,1110.62,Investments,Negative,26.6,High,2522.66,0,841.5099999999998,82.34621565262633,14.453693719397325
2019-06-30,1852,4389.62,3571.67,0.4,2693.28,inflation,644.0,0.23,488.27,966.49,9,849.92,95,0,404.91,2265.3,Salary,901.46,Investments,Negative,86.1,Low,2876.14,1,817.9499999999998,81.36626860639417,11.12328629813059
2019-07-30,1434,4546.92,2915.48,0.11,2730.19,normal,573.0,0.5,489.36,480.44,7,956.14,71,0,339.82,1823.65,Salary,752.01,Insurance,Positive,9.1,Low,1052.28,0,1631.44,64.11988774818998,10.762450186060015
2019-08-29,1973,5103.96,3968.3,0.3,2494.09,inflation,656.0,0.3,489.04,0.0,6,725.0,65,0,520.2,2626.66,Salary,821.44,Investments,Neutral,42.8,Low,3032.39,1,1135.6599999999999,77.74943377299195,9.581579792945085
2019-09-28,1606,4053.47,3746.68,0.14,2391.93,normal,622.0,0.31,491.23,645.73,5,890.18,84,0,337.57,1820.37,Salary,1588.74,Education,Neutral,86.0,Low,46.66,0,306.78999999999996,92.43142295366687,12.1187525749543
2019-10-28,1423,2997.24,4217.69,0.12,3040.04,normal,675.0,0.28,701.31,465.3,2,547.83,79,0,731.41,1604.62,Salary,1881.66,Dining Out,Neutral,79.5,Medium,0.0,0,-1220.4499999999998,140.71912826467016,23.398526644512952
2019-11-27,1510,3379.99,5540.43,0.28,2849.9,normal,696.0,0.39,458.86,356.73,5,299.26,31,0,843.21,3100.23,Mixed,1596.99,Dining Out,Positive,13.3,Medium,0.0,0,-2160.4400000000005,163.91853230335002,13.575779809999439
2019-12-27,1930,3083.05,5456.98,0.08,3384.32,inflation,695.0,0.32,362.5,7.18,1,1333.28,55,0,477.98,3487.11,Freelance,1491.89,Healthcare,Positive,38.8,Low,0.0,0,-2373.9299999999994,176.9993999448598,11.757837206662233
2020-01-26,1703,3363.59,3105.42,0.24,2058.94,recession,765.0,0.59,285.74,737.1,1,1226.21,63,0,417.44,1883.79,Salary,804.19,Education,Neutral,25.2,High,675.2,0,258.1700000000001,92.32456987920644,8.495090067457687
2020-02-25,1775,4052.79,3197.02,0.08,2786.93,normal,613.0,0.15,108.61,413.18,5,528.15,24,0,523.94,1458.48,Salary,1214.6,Healthcare,Neutral,57.5,Low,1193.6,0,855.77,78.88442282970497,2.6798822539534495
2020-03-26,1667,4374.68,5968.759999999999,0.31,3000.42,normal,663.0,0.45,618.71,323.24,1,924.93,99,0,527.65,3431.66,Salary,2009.45,Entertainment,Neutral,17.8,Low,909.94,0,-1594.079999999999,136.4387795221593,14.142977314912175
2020-04-25,1884,3676.37,4686.46,0.3,2559.83,normal,703.0,0.44,920.41,410.4,5,786.74,98,0,595.16,3313.32,Mixed,777.98,Insurance,Neutral,21.3,High,1765.25,0,-1010.0900000000001,127.47519972146439,25.035836980499788
2020-05-25,1140,4695.57,2912.97,0.1,2240.5,normal,715.0,0.54,336.8,459.0,3,602.27,46,0,542.15,1000.0,Salary,1370.82,Groceries,Positive,69.9,Low,1889.38,0,1782.6,62.03655786198481,7.172718115159609
2020-06-24,1079,3905.77,2902.4700000000003,0.17,2404.92,normal,689.0,0.57,462.02,268.17,5,572.37,66,0,377.21,1881.05,Freelance,644.21,Investments,Positive,33.9,Low,1379.4,0,1003.2999999999997,74.31236350322729,11.829165567864978
2020-07-24,1108,5735.6,4241.639999999999,0.31,2028.29,normal,639.0,0.16,495.69,394.19,3,354.63,24,0,589.82,1953.59,Freelance,1698.23,Investments,Positive,93.9,High,3156.51,1,1493.960000000001,73.9528558476881,8.64233907524932
2020-08-23,1934,4430.2,4464.2,0.22,2466.19,recession,657.0,0.1,483.05,326.84,1,1563.43,99,0,304.14,2316.95,Salary,1843.11,Insurance,Positive,36.5,High,1031.5,0,-34.0,100.76745970836531,10.903570944878336
2020-09-22,1963,3313.54,4000.8199999999997,0.32,3501.48,recession,607.0,0.3,548.36,0.0,2,811.46,82,0,798.3,2482.27,Salary,720.25,Groceries,Negative,86.5,Low,0.0,0,-687.2799999999997,120.74156340348992,16.549068367969
2020-10-22,1097,4058.03,3996.66,0.15,3108.49,normal,603.0,0.13,210.2,16.29,6,1172.34,33,0,273.96,2237.88,Salary,1484.82,Utilities,Positive,33.8,High,131.9,0,61.370000000000346,98.48768983965125,5.179853278561271
2020-11-21,1425,3643.13,4263.47,0.09,3045.19,normal,617.0,0.46,0.0,192.82,2,1202.43,24,0,706.59,2620.51,Salary,936.37,Insurance,Positive,83.9,Low,165.39,0,-620.3400000000001,117.02766577091677,0.0
2020-12-21,1035,2099.6,3794.92,0.29,4038.47,recession,696.0,0.42,151.14,496.29,8,887.49,54,0,621.52,2255.84,Salary,917.56,Utilities,Positive,38.4,Low,0.0,0,-1695.3200000000002,180.74490379119834,7.1985140026671735
2021-01-20,1729,3494.72,4210.25,0.13,2364.0,normal,663.0,0.31,314.63,500.49,6,1363.45,25,0,451.45,2851.1,Salary,907.7,Healthcare,Positive,88.2,Medium,440.43,0,-715.5300000000002,120.4746016848274,9.00301025547111
2021-02-19,1694,3887.49,3131.74,0.39,2912.79,inflation,727.0,0.53,520.56,310.66,7,982.2,69,0,285.37,2002.62,Freelance,843.75,Rent,Positive,15.4,High,1991.39,0,755.75,80.55943552266372,13.390645377865923
2021-03-21,1009,3751.52,4230.88,0.19,2719.39,inflation,629.0,0.58,421.5,672.01,4,883.99,87,0,496.63,2406.76,Salary,1327.49,Utilities,Neutral,35.2,Medium,766.98,0,-479.3600000000001,112.77775408367809,11.235445899262166
2021-04-20,1998,5075.96,3004.98,0.24,3256.95,normal,690.0,0.59,586.24,608.31,2,1829.03,25,0,602.5,1862.87,Salary,539.61,Investments,Positive,7.5,Low,3082.56,0,2070.98,59.200230104256136,11.549342390404968
2021-05-20,1999,3294.98,4148.3099999999995,0.28,2859.43,recession,757.0,0.51,436.89,449.3,1,1335.86,27,0,280.83,2369.41,Salary,1498.07,Rent,Positive,56.1,Low,0.0,0,-853.3299999999995,125.89788101900466,13.259261057730242
2021-06-19,1892,2298.41,4887.26,0.05,1981.61,normal,694.0,0.38,536.02,406.04,1,766.07,25,0,343.67,2791.09,Freelance,1752.5,Utilities,Neutral,59.5,Medium,0.0,0,-2588.8500000000004,212.63656179706842,23.32133953472183
2021-07-19,1755,4675.74,2853.18,0.37,2828.38,normal,678.0,0.43,541.6,378.68,4,493.38,98,0,200.81,1807.27,Salary,845.1,Rent,Neutral,1.5,Low,1321.25,0,1822.56,61.02092930744652,11.58319324855531
2021-08-18,1354,4056.35,4643.55,0.08,2768.56,normal,691.0,0.36,435.63,466.12,5,198.92,70,0,571.46,3160.19,Mixed,911.9,Groceries,Positive,30.2,Medium,1699.98,0,-587.2000000000003,114.47606838660374,10.739457887016652
2021-09-17,1521,4685.76,5061.51,0.34,3239.07,inflation,649.0,0.12,598.9,60.52,2,1015.86,51,0,394.6,3227.63,Salary,1439.28,Healthcare,Neutral,32.0,Low,1875.05,0,-375.75,108.01897664413029,12.781277743631769
2021-10-17,1271,4977.35,4041.9100000000003,0.29,3143.3,recession,753.0,0.6,349.66,621.65,4,843.86,83,0,294.19,2990.21,Mixed,757.51,Insurance,Positive,33.0,Medium,2940.39,0,935.44,81.2060634675078,7.025023355801782
2021-11-16,1622,4273.35,4892.58,0.32,3404.88,normal,608.0,0.46,313.75,996.68,4,800.67,44,0,710.46,2483.29,Freelance,1698.83,Transportation,Positive,57.1,Medium,2651.4,0,-619.2299999999996,114.49050510723436,7.342015046743187
2021-12-16,1354,3494.96,3789.16,0.15,3847.28,inflation,789.0,0.14,339.48,723.6,3,723.05,90,0,475.89,2342.17,Salary,971.1,Utilities,Neutral,3.8,Low,87.62,0,-294.1999999999998,108.41783596951038,9.71341589031062
2022-01-15,1095,4543.78,5100.0599999999995,0.29,2970.76,inflation,601.0,0.29,822.61,494.39,2,1283.09,31,0,267.11,3045.19,Salary,1787.76,Utilities,Positive,67.9,High,1698.77,0,-556.2799999999997,112.24267019970155,18.104089546588963
2022-02-14,1660,5528.53,3199.5299999999997,0.13,1913.92,normal,607.0,0.54,567.11,0.0,2,1743.28,83,0,769.97,1317.05,Salary,1112.51,Transportation,Positive,25.6,Medium,2167.54,1,2329.0,57.87306933307769,10.257880485409322
2022-03-16,1737,4817.76,3910.68,0.16,2243.17,recession,724.0,0.25,688.21,0.0,5,1679.86,53,0,504.2,1719.35,Freelance,1687.13,Investments,Positive,20.6,Medium,1172.61,0,907.0800000000004,81.17216299691142,14.284854372156355
2022-04-15,1571,3917.81,3007.58,0.15,3277.53,recession,766.0,0.58,943.99,357.11,4,1101.07,31,0,621.19,1951.02,Freelance,435.37,Investments,Positive,50.7,Low,1540.85,0,910.23,76.76686720387154,24.09483869815024
2022-05-15,1294,5141.31,3734.38,0.1,3309.57,normal,673.0,0.3,636.96,595.16,6,1287.79,45,0,642.25,1819.11,Freelance,1273.02,Education,Negative,18.8,Low,307.93,0,1406.9300000000003,72.63479541206424,12.389060375663012
2022-06-14,1949,3115.15,4108.03,0.07,2361.78,normal,761.0,0.3,515.48,599.79,5,1199.8,24,0,576.92,1935.48,Salary,1595.63,Dining Out,Positive,9.8,Low,352.77,0,-992.8799999999997,131.87262250613935,16.547517776030045
2022-07-14,1779,4666.89,3758.87,0.31,3632.74,inflation,567.0,0.59,491.25,86.43,7,709.47,40,0,588.72,2368.76,Freelance,801.39,Education,Positive,81.5,Low,2672.7,0,908.0200000000004,80.54335971064242,10.526281956506367
2022-08-13,1192,3248.15,3679.6800000000003,0.15,2812.04,normal,655.0,0.17,364.76,386.87,9,1414.08,67,0,707.22,2015.12,Salary,957.34,Investments,Negative,57.1,High,0.0,0,-431.5300000000002,113.28540861721288,11.229776949956129
2022-09-12,1383,3731.59,4223.88,0.09,2322.42,recession,605.0,0.49,233.63,116.68,9,100.43,28,0,484.73,2603.96,Salary,1135.19,Rent,Neutral,9.6,Low,1225.64,0,-492.28999999999996,113.19249971191906,6.260870031273531
2022-10-12,1518,3263.77,5024.88,0.12,2350.28,normal,631.0,0.56,497.82,454.9,3,935.68,20,1,503.22,3331.16,Salary,1190.5,Healthcare,Positive,90.9,Medium,80.39,0,-1761.1100000000001,153.95937826501256,15.252913042279328
2022-11-11,1901,4607.72,3481.3300000000004,0.19,2606.41,inflation,734.0,0.56,418.91,505.64,2,2037.83,69,0,466.98,1883.69,Salary,1130.66,Education,Positive,77.6,Low,2434.83,0,1126.3899999999999,75.5542871528652,9.091481253201149
2022-12-11,1664,4826.8,5888.23,0.27,2901.75,normal,656.0,0.5,458.44,419.12,6,1357.43,50,0,289.16,3618.23,Salary,1980.84,Insurance,Positive,23.1,High,1637.49,0,-1061.4299999999994,121.99034557056434,9.497803928068285
2023-01-10,1543,4103.19,3341.0,0.18,2828.83,normal,705.0,0.23,356.06,179.31,4,631.65,97,0,673.15,1724.77,Freelance,943.08,Insurance,Positive,27.4,Medium,0.0,0,762.1899999999996,81.42445268193772,8.67763861775838
2023-02-09,1494,2663.92,4861.65,0.16,2761.14,normal,583.0,0.12,687.23,78.43,2,761.67,90,0,852.41,2615.43,Salary,1393.81,Utilities,Neutral,83.3,Low,0.0,0,-2197.7299999999996,182.4998498453407,25.79769662752635
2023-03-11,1987,4800.06,4541.7699999999995,0.18,2162.12,recession,687.0,0.4,718.61,379.88,9,1871.68,34,0,666.42,2345.66,Salary,1529.69,Insurance,Positive,98.3,Low,2836.85,1,258.2900000000009,94.61902559551338,14.970854530985028
2023-04-10,1877,6147.71,3271.44,0.15,3249.74,inflation,716.0,0.4,897.7,188.1,5,687.07,60,0,370.8,2220.54,Salary,680.1,Insurance,Negative,0.7,Low,1784.06,0,2876.27,53.21396097083304,14.602185203921461
2023-05-10,1314,4385.22,4818.53,0.21,2224.66,recession,635.0,0.32,394.18,647.61,4,1671.55,24,0,669.24,2510.28,Freelance,1639.01,Healthcare,Positive,22.5,Low,1406.97,0,-433.3099999999995,109.88114621387295,8.988830662999804
2023-06-09,1841,4204.23,4057.2299999999996,0.34,2436.48,normal,726.0,0.28,377.21,741.09,6,760.8,30,0,840.83,2603.14,Salary,613.26,Healthcare,Positive,79.3,Low,1231.72,0,147.0,96.50352145339338,8.972154235139373
2023-07-09,1445,4819.52,4188.66,0.23,2376.83,normal,727.0,0.26,489.85,239.73,4,1206.69,48,0,733.42,2703.57,Salary,751.67,Dining Out,Positive,61.6,Low,1317.61,0,630.8600000000006,86.91031472013809,10.163875240687869
2023-08-08,1270,3710.49,3904.02,0.27,2624.29,normal,705.0,0.38,796.19,692.52,8,2042.46,89,0,221.77,2364.33,Salary,1317.92,Groceries,Positive,86.4,High,77.08,0,-193.5300000000002,105.21575317545661,21.457812849515832
2023-09-07,1626,4088.05,3133.53,0.3,3451.91,normal,657.0,0.28,745.27,751.72,8,66.51,85,0,460.52,1144.4,Salary,1528.61,Insurance,Positive,32.1,Medium,926.62,0,954.52,76.65097051161311,18.23045217157324
2023-10-07,1899,6398.69,4407.139999999999,0.36,1700.95,normal,746.0,0.32,545.66,658.45,4,981.18,70,0,615.02,2081.12,Salary,1711.0,Groceries,Neutral,51.7,High,2376.15,1,1991.5500000000002,68.87566048675588,8.527683010116133
2023-11-06,1961,6130.53,3083.94,0.31,1752.34,normal,625.0,0.39,377.35,27.32,1,1003.21,33,0,535.32,1544.37,Salary,1004.25,Rent,Neutral,7.7,Medium,3775.32,1,3046.5899999999997,50.30462292819708,6.155259006970034
2019-01-01,1720,3816.71,4066.4700000000003,0.37,2947.07,normal,813.0,0.22,618.08,528.05,7,768.09,88,0,463.53,2600.82,Salary,1002.12,Insurance,Positive,54.6,High,0.0,0,-249.76000000000022,106.54385583395123,16.19405194526176
2019-01-31,1878,4423.41,3977.28,0.08,3457.16,normal,658.0,0.32,999.11,461.53,4,367.15,22,0,405.98,3021.31,Salary,549.99,Investments,Positive,90.8,Low,1523.22,0,446.12999999999965,89.91434210258602,22.58687302330103
2019-03-02,1864,3706.82,5341.75,0.26,3122.51,inflation,631.0,0.36,612.25,317.14,8,1089.39,98,0,809.9,2385.13,Salary,2146.72,Investments,Neutral,6.9,Low,0.0,0,-1634.9299999999998,144.1059992122628,16.51685272012129
2019-04-01,1415,3054.59,2965.5099999999998,0.2,2638.09,normal,674.0,0.23,345.04,283.78,4,900.53,75,0,549.39,1408.08,Salary,1008.04,Groceries,Negative,5.8,Medium,0.0,0,89.08000000000038,97.08373300508414,11.295787650715807
2019-05-01,1707,4231.51,4354.63,0.31,2309.95,inflation,706.0,0.23,563.13,335.76,6,683.11,47,0,541.41,2889.97,Salary,923.25,Dining Out,Positive,78.8,Medium,2333.64,1,-123.11999999999989,102.90959964646188,13.30801534204102
2019-05-31,1921,2889.92,4193.95,0.25,2757.7,recession,642.0,0.59,543.53,681.78,5,706.22,39,0,422.9,1770.25,Salary,2000.8,Groceries,Positive,38.2,Medium,0.0,0,-1304.0299999999997,145.12339441922265,18.80778706677001
2019-06-30,1287,4918.62,3612.07,0.25,2819.8,inflation,737.0,0.33,328.05,419.91,5,767.24,66,0,308.83,2222.36,Mixed,1080.88,Investments,Positive,78.9,Medium,2423.16,0,1306.5499999999997,73.43665499672673,6.669553655293559
2019-07-30,1344,3266.03,3416.87,0.15,2784.68,normal,638.0,0.44,449.04,260.35,4,1311.57,28,0,353.47,1947.26,Mixed,1116.14,Entertainment,Negative,21.3,Medium,103.8,0,-150.8399999999997,104.61845114711133,13.748802062442783
2019-08-29,1970,6847.04,4936.040000000001,0.39,1920.98,normal,718.0,0.1,450.95,476.11,7,1302.25,53,0,656.6,2737.36,Mixed,1542.08,Utilities,Neutral,17.5,Low,2940.85,1,1910.999999999999,72.0901294574006,6.586057624900688
2019-09-28,1105,4897.52,3677.4700000000003,0.35,3564.76,normal,612.0,0.18,560.64,225.72,7,809.11,53,0,579.2,2551.0,Salary,547.27,Rent,Negative,23.4,High,2181.44,0,1220.0500000000002,75.08841209428445,11.447426452571912
2019-10-28,1752,3006.83,3072.6,0.07,3482.78,normal,673.0,0.39,769.17,766.89,8,0.0,67,0,368.91,1000.0,Salary,1703.69,Rent,Positive,6.9,Low,11.63,0,-65.76999999999998,102.18735345862586,25.580761133818676
2019-11-27,1551,4457.09,4188.08,0.13,3484.69,inflation,675.0,0.48,550.97,589.59,2,544.08,83,0,984.78,2305.8,Salary,897.5,Healthcare,Neutral,32.5,High,526.34,0,269.0100000000002,93.96444765530873,12.361653006782452
2019-12-27,1075,3229.27,4427.43,0.4,1719.16,normal,596.0,0.39,723.0,443.63,9,1280.13,80,1,544.71,2819.56,Salary,1063.16,Rent,Positive,43.1,Medium,0.0,0,-1198.1600000000003,137.1031223775033,22.388960972603716
2020-01-26,1268,4118.27,3451.07,0.28,2563.67,normal,604.0,0.17,535.37,76.52,3,1805.38,62,0,348.11,2046.1,Freelance,1056.86,Rent,Negative,32.8,Medium,1621.62,0,667.2000000000003,83.799022405039,12.999876161592125
2020-02-25,1097,3814.7,3365.01,0.2,2889.7,normal,605.0,0.36,362.91,673.23,2,703.41,68,0,321.67,2394.87,Salary,648.47,Groceries,Negative,12.8,High,1378.06,0,449.6899999999996,88.21165491388577,9.513461084751096
2020-03-26,1274,1346.96,3308.7200000000003,0.3,2640.98,inflation,742.0,0.46,409.03,288.51,5,1429.59,80,0,280.82,2134.51,Salary,893.39,Transportation,Positive,32.9,Low,0.0,0,-1961.7600000000002,245.6435231929679,30.366900279147114
2020-04-25,1313,4159.08,4280.12,0.15,2985.75,recession,605.0,0.21,474.77,896.42,8,1246.47,90,1,380.89,2468.66,Salary,1430.57,Dining Out,Positive,94.2,Low,600.97,0,-121.03999999999996,102.91025899958646,11.415264914356058
2020-05-25,1052,4385.47,4101.13,0.19,2321.21,normal,638.0,0.15,127.53,170.15,1,299.78,86,0,118.95,2268.67,Freelance,1713.51,Groceries,Positive,46.9,Low,1487.25,0,284.34000000000015,93.51631638114044,2.9080121400898875
2020-06-24,1587,2655.04,4073.19,0.06,3639.39,normal,701.0,0.33,371.84,304.85,8,1493.02,22,0,839.63,1821.25,Mixed,1412.31,Dining Out,Positive,4.9,Low,932.47,0,-1418.15,153.41350789441967,14.005062070627938
2020-07-24,1775,4107.0,4642.42,0.16,3011.21,normal,563.0,0.5,705.39,482.41,1,0.0,97,0,475.52,3147.18,Salary,1019.72,Education,Neutral,27.9,Medium,1531.25,0,-535.4200000000001,113.03676649622597,17.175310445580717
2020-08-23,1006,4101.85,3390.98,0.38,3409.86,recession,608.0,0.11,176.22,650.36,4,950.0,41,0,233.47,1900.1,Mixed,1257.41,Dining Out,Positive,8.7,Low,1166.53,0,710.8700000000003,82.66952716457207,4.296110291697648
2020-09-22,1801,5810.44,2811.62,0.15,2946.61,normal,668.0,0.1,684.83,537.31,9,1716.19,36,0,299.1,1684.84,Mixed,827.68,Insurance,Negative,55.9,Low,3013.35,1,2998.8199999999997,48.389106504843014,11.786198635559444
2020-10-22,1321,2883.01,2979.7599999999998,0.31,2227.46,normal,741.0,0.49,848.98,0.0,1,797.17,71,0,501.18,1000.0,Salary,1478.58,Education,Positive,48.2,Low,0.0,0,-96.74999999999955,103.35586765221069,29.447695290685775
2020-11-21,1390,3205.32,4606.29,0.25,2567.61,inflation,635.0,0.16,550.25,745.75,7,1229.77,66,0,546.66,2788.24,Freelance,1271.39,Rent,Positive,97.3,Medium,1068.88,0,-1400.9699999999998,143.70764853431172,17.16677274031922
2020-12-21,1617,4818.75,4045.79,0.09,2721.71,normal,647.0,0.45,667.79,555.74,2,240.58,87,0,520.94,1892.53,Salary,1632.32,Entertainment,Neutral,76.8,Low,1744.91,0,772.96,83.95932555123217,13.858158236057069
2021-01-20,1802,2755.45,4620.620000000001,0.35,1882.96,normal,651.0,0.48,552.8,822.54,3,828.85,46,0,576.19,2331.48,Freelance,1712.95,Investments,Positive,14.2,Medium,452.46,0,-1865.170000000001,167.69021393964692,20.062058828866427
2021-02-19,1433,4459.03,3880.04,0.24,3752.94,recession,741.0,0.2,395.85,586.49,9,1543.76,82,0,498.84,1997.35,Salary,1383.85,Insurance,Positive,50.5,Low,1926.1,0,578.9899999999998,87.01533741643362,8.877491292949365
2021-03-21,1475,5162.02,4364.31,0.28,3498.9,inflation,670.0,0.12,614.22,614.17,9,880.01,63,0,496.3,2294.13,Salary,1573.88,Utilities,Negative,4.7,High,1057.31,0,797.71,84.54655348100162,11.898830302865932
2021-04-20,1092,3966.3,4324.24,0.3,2121.94,recession,651.0,0.51,536.9,127.84,6,1268.22,44,0,725.75,2375.07,Salary,1223.42,Rent,Neutral,47.9,High,851.33,0,-357.9399999999996,109.02453167939892,13.536545394952473
2021-05-20,1993,4343.65,2204.9300000000003,0.34,3611.01,recession,669.0,0.37,450.61,415.11,1,339.21,63,0,417.59,1000.0,Salary,787.34,Investments,Neutral,17.4,High,357.4,0,2138.7199999999993,50.762147042234076,10.373994221449703
2021-06-19,1308,4248.11,3489.53,0.1,3344.46,inflation,669.0,0.56,412.01,114.23,7,630.96,50,0,388.82,1788.89,Freelance,1311.82,Rent,Positive,99.1,High,2116.6,0,758.5799999999995,82.14311776295813,9.698665994995421
2021-07-19,1852,3200.14,5064.459999999999,0.33,2995.36,inflation,764.0,0.31,130.95,230.6,5,1041.07,60,0,785.73,2851.16,Salary,1427.57,Entertainment,Positive,44.9,Medium,0.0,0,-1864.3199999999993,158.2574512365084,4.092008474629235
2021-08-18,1584,4445.12,4353.55,0.18,3280.53,normal,710.0,0.56,533.8,461.62,5,1225.95,90,0,549.66,1733.09,Salary,2070.8,Insurance,Positive,62.2,High,2260.48,0,91.56999999999971,97.93998812180548,12.00867468144842
2021-09-17,1155,4176.33,3851.91,0.25,2199.51,recession,664.0,0.22,411.23,141.49,6,1764.29,24,0,521.0,1801.76,Salary,1529.15,Education,Neutral,78.3,High,866.9,0,324.4200000000001,92.23193569473676,9.846683571461067
2021-10-17,1465,5655.8,4224.93,0.17,2441.63,recession,663.0,0.59,603.25,410.79,1,1668.64,97,0,349.24,1983.67,Salary,1892.02,Rent,Positive,94.6,Low,3327.62,1,1430.87,74.70083807772554,10.666041939248206
2021-11-16,1668,6528.31,4510.7,0.11,4195.21,normal,676.0,0.51,507.94,394.69,9,660.97,60,0,530.21,2259.81,Freelance,1720.68,Insurance,Negative,80.8,High,2961.05,0,2017.6100000000006,69.09445170342707,7.780574145529242
2021-12-16,1476,6768.22,3734.22,0.31,2549.57,normal,715.0,0.54,670.44,0.0,5,583.61,56,0,195.43,2567.44,Salary,971.35,Entertainment,Positive,87.2,High,3191.51,1,3034.0000000000005,55.17285194630198,9.905706374792782
2022-01-15,1125,2979.52,3714.65,0.29,2809.77,recession,664.0,0.13,819.59,703.07,7,561.32,71,0,152.1,2016.11,Freelance,1546.44,Utilities,Positive,12.3,Medium,0.0,0,-735.1300000000001,124.6727660831275,27.50745086456879
2022-02-14,1459,4147.24,3422.2200000000003,0.25,2452.09,inflation,656.0,0.23,633.07,125.67,3,231.51,20,0,256.75,2248.77,Salary,916.7,Insurance,Negative,44.4,Low,1043.16,0,725.0199999999995,82.51801197905114,15.264850840559024
2022-03-16,1467,5065.61,5078.56,0.35,3671.81,inflation,698.0,0.32,612.35,36.23,7,915.39,45,0,473.78,3003.61,Salary,1601.17,Utilities,Positive,58.7,Medium,1067.44,0,-12.950000000000728,100.25564542078843,12.08837632585217
2022-04-15,1328,4502.18,2614.6800000000003,0.27,2635.51,inflation,668.0,0.15,584.56,0.0,5,1021.89,22,0,593.51,1721.17,Salary,300.0,Investments,Negative,75.5,Medium,574.1,0,1887.5,58.075865469616936,12.983932228387134
2022-05-15,1867,4023.22,3564.68,0.28,2903.16,recession,621.0,0.25,244.69,348.15,4,321.43,72,0,658.4,1698.66,Freelance,1207.62,Entertainment,Neutral,77.9,High,1788.36,0,458.53999999999996,88.60266154970397,6.081944313261517
2022-06-14,1329,4218.27,4170.19,0.35,2965.9,recession,734.0,0.12,810.22,494.32,2,908.43,44,0,494.03,2016.34,Salary,1659.82,Rent,Positive,53.5,Medium,3398.27,1,48.08000000000084,98.86019624158718,19.207400190125334
2022-07-14,1268,3935.86,4448.93,0.27,3840.85,normal,666.0,0.47,579.74,362.51,8,1250.72,48,1,601.12,2460.28,Salary,1387.53,Rent,Negative,25.1,High,1057.95,0,-513.0700000000002,113.03577871164117,14.72969058858801
2022-08-13,1571,3959.13,2783.07,0.37,2989.43,recession,626.0,0.31,704.35,0.0,5,0.0,55,0,239.78,1229.24,Salary,1314.05,Investments,Negative,26.6,High,1452.16,0,1176.06,70.29498905062475,17.79052468597899
2022-09-12,1355,3810.97,4319.67,0.14,3269.94,recession,592.0,0.46,319.61,98.37,1,1553.85,33,0,557.61,2161.35,Salary,1600.71,Rent,Positive,65.4,Low,1225.65,0,-508.7000000000003,113.34830764870887,8.386578745043915
2022-10-12,1681,5005.06,3989.92,0.3,1916.07,normal,654.0,0.16,513.19,502.21,4,1184.38,70,0,319.65,2027.77,Mixed,1642.5,Insurance,Positive,69.5,Low,2583.88,1,1015.1400000000003,79.71772566163042,10.253423535382193
2022-11-11,1470,5019.59,4859.12,0.16,3032.5,normal,675.0,0.35,567.52,294.08,1,1576.67,85,0,822.54,2471.86,Salary,1564.72,Rent,Positive,34.6,Medium,983.59,0,160.47000000000025,96.80312535485966,11.306102689661904
2022-12-11,1511,5058.46,3650.5600000000004,0.25,2981.48,normal,546.0,0.2,423.16,726.31,7,1255.74,85,0,556.03,1753.13,Salary,1341.4,Transportation,Negative,67.2,Low,1194.7,0,1407.8999999999996,72.16741854240225,8.365391838622822
2023-01-10,1158,2992.75,4857.7,0.17,2919.13,recession,635.0,0.14,685.28,905.14,7,811.18,26,0,828.32,2769.19,Salary,1260.19,Healthcare,Positive,49.3,Medium,0.0,0,-1864.9499999999998,162.315596023724,22.898003508478823
2023-02-09,1213,4506.97,4491.4,0.21,3386.98,normal,710.0,0.38,629.09,122.77,4,1093.22,96,0,918.27,2437.89,Mixed,1135.24,Transportation,Positive,92.6,Low,1691.88,0,15.570000000000618,99.65453508676559,13.95815814172271
2023-03-11,1304,4174.95,4273.42,0.2,2580.12,normal,635.0,0.46,376.82,387.09,6,1081.32,95,0,493.0,2892.7,Mixed,887.72,Utilities,Positive,50.6,Medium,983.88,0,-98.47000000000025,102.35859112085176,9.025736835171678
2023-04-10,1097,1592.19,3540.63,0.33,2255.14,inflation,672.0,0.48,499.2,502.89,1,1020.83,72,0,348.24,1854.09,Salary,1338.3,Investments,Negative,35.5,High,0.0,0,-1948.44,222.37484219848133,31.35304203644037
2023-05-10,1250,4437.84,3633.06,0.14,1946.94,recession,707.0,0.17,504.39,224.02,6,1423.11,79,0,823.63,2024.0,Salary,785.43,Groceries,Positive,55.7,High,1884.53,0,804.7800000000002,81.86550213617436,11.365664377264615
2023-06-09,1028,3041.88,4416.91,0.33,3334.79,normal,725.0,0.28,428.2,154.88,5,1261.02,63,0,499.92,2451.77,Salary,1465.22,Insurance,Negative,39.5,High,1684.66,0,-1375.0299999999997,145.20329533051927,14.076820913382512
2023-07-09,1455,3413.57,2116.99,0.38,3145.49,inflation,683.0,0.56,547.79,742.08,4,1708.4,27,0,362.01,1209.94,Salary,545.04,Education,Negative,68.2,High,1266.44,0,1296.5800000000004,62.01689140694345,16.047422493166977
2023-08-08,1142,3619.99,3804.37,0.22,3705.39,recession,653.0,0.33,789.42,538.44,9,1431.28,32,0,400.46,2061.58,Mixed,1342.33,Education,Positive,98.7,Low,0.0,0,-184.3800000000001,105.09338423586804,21.80724256144354
2023-09-07,1513,3970.83,3786.4199999999996,0.25,2483.43,normal,685.0,0.4,709.49,707.12,8,558.47,50,0,177.95,2220.68,Salary,1387.79,Entertainment,Positive,45.9,Low,1794.36,0,184.4100000000003,95.35588277513767,17.86754910182506
2023-10-07,1575,4786.91,3996.9300000000003,0.34,2861.68,normal,807.0,0.49,634.97,358.59,6,199.43,50,0,180.51,2078.15,Freelance,1738.27,Education,Positive,99.4,High,2177.27,0,789.9799999999996,83.49707849113521,13.264715651641664
2023-11-06,1280,5019.85,3465.31,0.22,2802.2,normal,688.0,0.35,319.4,842.65,7,818.09,48,0,732.69,1353.04,Mixed,1379.58,Education,Neutral,43.2,Low,1116.63,0,1554.5400000000004,69.03214239469307,6.362739922507643
2019-01-01,1097,3693.96,5796.910000000001,0.31,2558.6,inflation,696.0,0.55,413.66,267.5,1,1720.4,44,0,465.89,3177.43,Salary,2153.59,Transportation,Negative,13.6,Low,0.0,0,-2102.9500000000007,156.9294199179201,11.19828043617148
2019-01-31,1951,3879.11,4068.42,0.18,2775.74,inflation,800.0,0.59,829.8,756.54,4,794.99,58,0,563.54,2204.59,Salary,1300.29,Groceries,Positive,69.7,High,803.69,0,-189.30999999999995,104.88024314855726,21.391504752378765
2019-03-02,1055,5020.37,4127.37,0.13,3144.8,normal,643.0,0.32,182.52,406.66,4,1344.45,64,0,390.25,1861.17,Salary,1875.95,Investments,Negative,70.9,Low,900.54,0,893.0,82.21246641183816,3.6355886119947343
2019-04-01,1571,4159.49,4660.35,0.21,2566.44,normal,629.0,0.2,447.63,433.09,8,1245.66,39,0,337.14,2990.43,Mixed,1332.78,Transportation,Positive,49.3,Medium,812.92,0,-500.8600000000006,112.04138007303781,10.761655876080962
2019-05-01,1921,5547.65,4498.889999999999,0.19,2714.93,normal,718.0,0.21,566.76,545.07,9,688.09,57,0,1111.81,2464.38,Freelance,922.7,Utilities,Positive,86.0,Low,2875.56,1,1048.7600000000002,81.09541878092526,10.216217677755445
2019-05-31,1770,3799.41,4493.6,0.21,2103.96,recession,766.0,0.32,265.73,85.76,3,916.19,63,0,507.46,2766.98,Salary,1219.16,Education,Positive,19.8,High,390.12,0,-694.1900000000005,118.27099470707296,6.993980644363204
2019-06-30,1915,2844.51,4555.01,0.28,3359.04,inflation,717.0,0.17,307.45,316.16,5,1177.17,43,0,562.89,2491.68,Salary,1500.44,Groceries,Positive,44.5,Medium,643.47,0,-1710.5,160.13337973851384,10.808539959430622
2019-07-30,1819,3908.07,2624.66,0.32,2744.19,recession,749.0,0.33,409.84,0.0,8,1325.01,21,0,437.28,1123.94,Freelance,1063.44,Education,Negative,94.9,Low,0.0,0,1283.4100000000003,67.16000481055866,10.48701788862533
2019-08-29,1045,5263.54,3679.15,0.13,2888.43,recession,663.0,0.34,439.34,677.1,8,866.03,44,0,961.46,1592.53,Freelance,1125.16,Dining Out,Neutral,49.0,Low,2657.22,0,1584.3899999999999,69.89877534890967,8.346854018398265
2019-09-28,1309,2578.67,2013.68,0.32,3519.54,recession,605.0,0.56,361.18,455.21,8,1211.68,94,0,108.36,1408.92,Salary,496.4,Entertainment,Positive,13.5,Low,0.0,0,564.99,78.08986803274556,14.006445182981924
2019-10-28,1684,3143.62,3683.7200000000003,0.07,2729.98,normal,706.0,0.58,769.16,180.86,4,239.9,60,0,548.67,1752.85,Salary,1382.2,Groceries,Negative,98.5,High,373.18,0,-540.1000000000004,117.18082974405304,24.467333838059307
2019-11-27,1310,4688.27,4180.58,0.07,3149.38,normal,653.0,0.14,516.05,112.8,7,1594.84,69,0,510.08,2354.18,Salary,1316.32,Insurance,Negative,99.3,Low,1801.78,0,507.6900000000005,89.17105883406884,11.007258540996997
2019-12-27,1515,4263.13,4373.86,0.38,3083.67,recession,649.0,0.39,366.24,1028.15,4,662.02,53,0,540.5,2241.85,Salary,1591.51,Investments,Positive,66.0,Medium,2506.78,0,-110.72999999999956,102.59738736562103,8.590871026686965
2020-01-26,1101,4600.5,3663.88,0.1,1881.59,inflation,660.0,0.39,455.62,566.71,1,421.11,96,0,184.3,2604.32,Salary,875.26,Groceries,Positive,47.8,High,2225.71,1,936.6199999999999,79.64090859689165,9.90370611890012
2020-02-25,1000,3381.06,3662.47,0.35,2127.41,inflation,616.0,0.52,914.31,271.64,9,1737.8,67,0,430.48,2091.79,Salary,1140.2,Rent,Positive,66.3,Low,1293.02,0,-281.40999999999985,108.32312943278144,27.04211105392983
2020-03-26,1681,5312.2,3550.87,0.16,2769.19,normal,675.0,0.32,233.87,523.38,8,1204.45,34,0,636.6,1265.21,Salary,1649.06,Groceries,Neutral,14.4,Low,2358.44,0,1761.33,66.84368058431535,4.402507435714017
2020-04-25,1789,4438.58,3675.21,0.33,1888.02,normal,571.0,0.21,696.45,258.07,1,801.51,43,0,304.97,2676.6,Freelance,693.64,Dining Out,Positive,19.4,High,2034.02,1,763.3699999999999,82.8014815549117,15.690829048930063
2020-05-25,1763,5136.21,3686.0600000000004,0.2,2634.13,inflation,635.0,0.53,443.15,320.49,7,52.89,43,0,473.34,2388.88,Salary,823.84,Groceries,Positive,31.8,Low,634.15,0,1450.1499999999996,71.76614663341259,8.62795719022392
2020-06-24,1296,4976.74,4286.48,0.11,2868.82,inflation,763.0,0.47,607.55,277.49,1,691.97,84,0,500.65,2435.01,Salary,1350.82,Transportation,Neutral,10.1,Medium,1157.76,0,690.2600000000002,86.13027805350491,12.207790642066895
2020-07-24,1603,2400.71,4072.33,0.29,2498.93,recession,667.0,0.19,499.06,492.07,2,1104.86,25,0,658.15,2678.93,Salary,735.25,Dining Out,Positive,65.1,High,0.0,0,-1671.62,169.63023438899324,20.78801687834016
2020-08-23,1579,3906.18,4120.099999999999,0.2,2544.63,inflation,766.0,0.3,711.36,257.62,1,334.25,48,0,575.33,2369.45,Salary,1175.32,Investments,Positive,98.3,Low,597.83,0,-213.91999999999962,105.47645013798646,18.2111423436708
2020-09-22,1879,3813.81,4908.66,0.27,2880.1,normal,727.0,0.55,583.15,650.96,1,596.18,99,0,123.5,2872.89,Salary,1912.27,Insurance,Positive,86.8,Low,1715.9,0,-1094.85,128.70751295948145,15.290483794420803
2020-10-22,1079,3594.22,3198.72,0.17,2800.76,normal,796.0,0.49,884.56,499.9,4,1692.74,74,0,457.41,2078.56,Salary,662.75,Healthcare,Positive,77.5,Medium,2445.29,0,395.5,88.99622171152572,24.610624836543117
2020-11-21,1869,5428.81,2021.75,0.16,1810.43,normal,721.0,0.44,774.39,556.29,4,1787.01,33,0,266.19,1057.84,Salary,697.72,Rent,Negative,21.6,Medium,1411.79,0,3407.0600000000004,37.24112650838766,14.264452062238316
2020-12-21,1473,2814.78,4106.64,0.39,2956.95,normal,625.0,0.19,386.71,690.39,8,1457.67,73,0,544.84,2198.85,Freelance,1362.95,Education,Negative,65.3,Low,0.0,0,-1291.8600000000001,145.89559397182018,13.738551503137012
2021-01-20,1631,2199.15,3672.9300000000003,0.27,2929.58,normal,761.0,0.18,548.25,475.58,2,1090.17,70,0,428.34,1268.99,Salary,1975.6,Education,Positive,87.6,High,0.0,0,-1473.7800000000002,167.01589250392198,24.930086624377598
2021-02-19,1722,3920.93,3517.6000000000004,0.13,2866.05,normal,648.0,0.44,107.55,657.79,5,996.14,65,0,536.71,1835.41,Salary,1145.48,Groceries,Negative,81.2,Low,0.0,0,403.3299999999995,89.71340982879063,2.7429716929401953
2021-03-21,1598,5838.11,3435.4700000000003,0.3,2958.07,inflation,699.0,0.23,548.65,614.75,9,1596.93,98,0,626.11,1211.88,Salary,1597.48,Entertainment,Positive,6.6,Medium,3284.24,1,2402.6399999999994,58.84558530072233,9.397733170495245
2021-04-20,1711,2189.55,3378.79,0.23,2722.12,normal,652.0,0.34,332.8,226.15,4,899.51,70,0,919.02,1000.0,Salary,1459.77,Investments,Positive,24.1,Low,0.0,0,-1189.2399999999998,154.31435683131235,15.199470210773903
2021-05-20,1770,4092.78,3983.95,0.25,2732.78,recession,775.0,0.46,636.61,261.25,7,0.0,53,0,490.89,2090.77,Salary,1402.29,Entertainment,Neutral,0.5,High,1922.68,0,108.83000000000038,97.34092719374117,15.55446420281569
2021-06-19,1438,4044.89,4191.96,0.12,2357.84,inflation,694.0,0.55,512.05,498.89,8,1070.11,23,0,408.87,2483.51,Salary,1299.58,Insurance,Negative,9.4,Low,113.57,0,-147.07000000000016,103.6359456004984,12.659182326342618
2021-07-19,1827,4257.04,4277.61,0.22,2668.49,normal,768.0,0.2,433.48,432.51,5,1602.32,73,0,627.22,2414.66,Salary,1235.73,Investments,Positive,85.0,Medium,1346.64,0,-20.56999999999971,100.48319959408414,10.182662131434048
2021-08-18,1771,4628.7,4847.780000000001,0.19,2118.11,normal,649.0,0.46,358.44,609.46,5,389.95,60,0,597.44,2824.86,Salary,1425.48,Utilities,Neutral,56.0,High,1637.22,0,-219.08000000000084,104.73307840214316,7.74385896688055
2021-09-17,1659,4352.82,2710.26,0.12,1930.75,normal,563.0,0.38,569.76,413.76,7,803.76,99,0,802.27,1045.17,Mixed,862.82,Groceries,Positive,5.1,Low,1202.11,0,1642.5599999999995,62.264463037754844,13.089445462941265
2021-10-17,1929,3370.26,3867.2599999999998,0.36,2606.29,inflation,651.0,0.17,386.21,511.3,1,1223.95,47,1,334.91,2263.54,Salary,1268.81,Healthcare,Neutral,87.9,High,774.55,0,-496.99999999999955,114.74663675799492,11.459353284316343
2021-11-16,1223,3501.5,3101.96,0.14,3508.61,recession,718.0,0.52,740.63,349.22,9,971.53,22,0,381.53,2420.43,Salary,300.0,Rent,Negative,29.7,Low,219.94,0,399.53999999999996,88.58946165928889,21.15179208910467
2021-12-16,1814,4056.63,4193.11,0.3,2869.68,normal,775.0,0.56,308.31,495.89,9,218.38,73,0,484.4,2693.64,Freelance,1015.07,Investments,Positive,57.2,Low,1271.19,0,-136.47999999999956,103.36436894663797,7.600150864140924
2022-01-15,1929,3620.88,3714.44,0.32,2812.08,normal,677.0,0.37,513.96,452.34,2,807.51,50,0,361.54,2728.61,Mixed,624.29,Insurance,Positive,15.9,Low,321.9,0,-93.55999999999995,102.58390225580523,14.1943394975807
2022-02-14,1753,4795.36,3660.83,0.22,2778.83,normal,591.0,0.28,722.63,6.38,6,1219.3,94,0,390.51,1569.27,Salary,1701.05,Transportation,Positive,33.3,Low,1719.78,0,1134.5299999999997,76.34108805178339,15.069358713422975
2022-03-16,1483,4037.64,5028.17,0.33,3173.99,normal,586.0,0.2,867.33,437.01,4,1192.09,37,0,556.8,3136.69,Freelance,1334.68,Investments,Negative,65.9,Medium,926.75,0,-990.5300000000002,124.53240011491862,21.48111272921806
2022-04-15,1331,4275.82,4405.17,0.37,2554.44,inflation,642.0,0.41,344.75,196.22,4,855.83,98,0,740.56,2153.03,Freelance,1511.58,Utilities,Neutral,66.2,Low,1423.87,0,-129.35000000000036,103.02515073132173,8.06278094026409
2022-05-15,1104,3733.2,3826.84,0.22,3123.84,normal,716.0,0.41,527.17,403.82,9,1122.98,70,0,458.62,1514.72,Freelance,1853.5,Insurance,Positive,1.2,Low,1447.42,0,-93.64000000000033,102.5083038679953,14.121129326047358
2022-06-14,1809,5140.81,4005.21,0.2,3127.71,normal,763.0,0.34,259.2,525.39,8,1337.85,69,0,650.85,1966.65,Freelance,1387.71,Investments,Neutral,98.2,Low,1788.37,0,1135.6000000000004,77.91009587983217,5.042006998897061
2022-07-14,1421,4445.3,4915.6,0.36,3003.68,recession,710.0,0.22,284.59,127.49,9,1038.41,86,0,883.33,2525.25,Freelance,1507.02,Utilities,Neutral,53.4,Low,583.36,0,-470.3000000000002,110.5797134051695,6.40204260679819
2022-08-13,1731,5532.98,4121.29,0.06,3041.13,normal,683.0,0.56,645.68,404.19,2,1006.9,98,0,144.92,2688.19,Salary,1288.18,Education,Neutral,7.9,Low,1053.65,0,1411.6899999999996,74.48590090692538,11.669660833764084
2022-09-12,1990,3429.75,3634.25,0.19,2480.78,recession,759.0,0.24,400.34,260.87,5,974.42,91,0,458.76,2030.46,Freelance,1145.03,Education,Positive,70.9,Medium,481.38,0,-204.5,105.9625337123697,11.672570887090895
2022-10-12,1347,2513.68,4071.8099999999995,0.34,3146.13,recession,615.0,0.44,244.78,704.38,7,1213.18,37,0,610.16,1051.36,Salary,2410.29,Groceries,Neutral,45.3,Low,0.0,0,-1558.1299999999997,161.98601253938446,9.73791413385952
2022-11-11,1959,4359.38,4184.41,0.25,3010.92,normal,668.0,0.39,604.31,482.33,5,905.58,38,0,494.94,2548.91,Freelance,1140.56,Rent,Negative,22.3,Medium,395.02,0,174.97000000000025,95.9863558579431,13.862292344324192
2022-12-11,1957,4650.45,4553.17,0.19,2768.65,normal,643.0,0.4,399.72,81.37,7,1013.23,30,0,566.25,1960.48,Salary,2026.44,Education,Neutral,30.9,Low,2799.61,1,97.27999999999975,97.90815942543195,8.595297229300392
2023-01-10,1189,3817.12,2372.5699999999997,0.3,3407.94,recession,663.0,0.31,663.54,753.28,4,1090.75,36,0,373.78,1668.66,Salary,330.13,Healthcare,Neutral,27.3,Low,1541.66,0,1444.5500000000002,62.1560233893616,17.383262774028587
2023-02-09,1945,5730.31,3702.03,0.24,2697.35,normal,593.0,0.31,850.62,240.89,4,1387.44,29,0,803.36,2110.17,Salary,788.5,Utilities,Positive,96.1,High,2293.1,0,2028.2800000000002,64.6043582284379,14.844223087407137
2023-03-11,1481,4295.32,4181.38,0.21,2518.62,normal,748.0,0.53,485.04,970.95,6,1725.13,54,0,284.28,2830.87,Mixed,1066.23,Transportation,Negative,80.8,Medium,894.04,0,113.9399999999996,97.3473454829908,11.292290213534733
2023-04-10,1880,3519.24,5513.25,0.36,2427.39,normal,686.0,0.55,563.5,678.57,5,353.04,71,0,279.15,4073.79,Freelance,1160.31,Utilities,Negative,72.6,Low,0.0,0,-1994.0100000000002,156.66024482558737,16.011979859287802
2023-05-10,1031,4692.73,3570.6600000000003,0.15,3456.97,normal,689.0,0.27,462.91,612.12,1,1541.88,67,0,414.11,2665.46,Salary,491.09,Investments,Positive,93.7,Low,1459.7,0,1122.0699999999993,76.08918476025683,9.864407285311536
2023-06-09,1066,4067.52,4148.6900000000005,0.08,2498.59,recession,695.0,0.24,486.25,345.76,9,1306.22,20,0,439.88,2369.63,Salary,1339.18,Dining Out,Positive,33.9,High,1273.16,0,-81.17000000000053,101.9955648650775,11.954458736527416
2023-07-09,1077,4526.31,3633.93,0.2,2535.7,normal,634.0,0.18,424.93,531.63,3,1338.79,76,0,365.54,1700.11,Salary,1568.28,Education,Positive,13.9,Low,660.36,0,892.3800000000006,80.28460268960808,9.388000380000486
2023-08-08,1743,5448.36,4293.45,0.38,3504.31,inflation,696.0,0.13,438.69,526.55,2,866.29,21,0,826.63,2770.96,Salary,695.86,Entertainment,Positive,85.6,Medium,2907.4,0,1154.9099999999999,78.80261216219193,8.051780719335728
2023-09-07,1254,6438.55,4747.83,0.11,2837.72,normal,750.0,0.25,476.9,678.8,6,1891.87,39,0,702.27,2523.37,Salary,1522.19,Education,Positive,67.9,High,3342.88,1,1690.7200000000003,73.74067142446668,7.406947216376357
2023-10-07,1126,4832.32,3246.25,0.35,2763.64,recession,670.0,0.17,376.52,308.44,1,1797.72,55,0,290.22,1370.3,Mixed,1585.73,Investments,Positive,26.1,Medium,1810.17,0,1586.0699999999997,67.17787729289452,7.791702536255878
2023-11-06,1743,5293.43,2881.17,0.21,3186.01,normal,675.0,0.24,446.59,571.69,8,1089.06,69,0,349.78,1712.78,Salary,818.61,Groceries,Negative,30.5,Medium,2048.83,0,2412.26,54.42916974438125,8.436684720493139
2019-01-01,1288,2157.06,5660.0199999999995,0.06,3239.51,normal,618.0,0.49,267.83,740.34,4,0.0,70,0,446.96,3407.45,Mixed,1805.61,Utilities,Positive,43.2,Low,0.0,0,-3502.9599999999996,262.39511186522395,12.416437187653564
2019-01-31,1203,3092.56,4279.9,0.36,1669.36,inflation,687.0,0.56,516.91,585.79,1,934.39,26,0,428.42,1874.71,Salary,1976.77,Transportation,Positive,22.6,Low,700.21,0,-1187.3399999999997,138.39343456553792,16.714631244017898
2019-03-02,1384,4401.63,4331.87,0.09,3361.76,recession,617.0,0.5,687.69,887.93,5,888.53,28,0,572.69,1915.37,Salary,1843.81,Dining Out,Positive,18.3,Medium,1050.31,0,69.76000000000022,98.41513257588666,15.623530373975097
2019-04-01,1532,3718.77,4327.77,0.3,3153.8,normal,618.0,0.52,591.62,357.67,1,755.42,32,0,438.06,2616.72,Salary,1272.99,Entertainment,Positive,14.1,Medium,6.11,0,-609.0000000000005,116.37638251357305,15.909023682561706
2019-05-01,1253,1336.44,4458.24,0.3,2456.47,normal,647.0,0.46,861.32,379.01,9,412.05,81,0,539.11,2414.16,Freelance,1504.97,Rent,Positive,50.1,Medium,0.0,0,-3121.7999999999997,333.5907335907335,64.44883421627607
2019-05-31,1137,5257.3,2399.88,0.37,2947.28,normal,641.0,0.41,849.24,305.7,3,1360.73,64,0,440.41,1000.0,Salary,959.47,Healthcare,Neutral,6.9,Low,2564.67,0,2857.42,45.64852681033991,16.153538888783213
2019-06-30,1177,4130.08,3740.26,0.16,2704.44,normal,603.0,0.15,623.82,332.5,3,337.89,93,0,739.12,1914.21,Salary,1086.93,Education,Negative,57.0,Low,1925.59,0,389.8199999999997,90.56144190911557,15.104307906868634
2019-07-30,1933,5030.32,3209.0299999999997,0.39,2375.16,inflation,729.0,0.59,447.37,840.74,6,614.67,82,0,369.18,2287.02,Salary,552.83,Investments,Positive,53.6,Low,2035.27,0,1821.29,63.79375467167099,8.893469997932538
2019-08-29,1297,3759.87,3929.31,0.15,2931.08,recession,674.0,0.27,257.09,636.33,2,1725.63,92,0,668.16,2277.32,Salary,983.83,Dining Out,Neutral,75.6,Low,0.0,0,-169.44000000000005,104.50653878990497,6.8377364110993195
2019-09-28,1019,6272.02,2639.02,0.38,2664.64,inflation,559.0,0.55,727.15,158.62,8,1999.89,72,0,228.67,1811.31,Salary,599.04,Utilities,Positive,75.7,Low,2755.23,1,3633.0000000000005,42.07607756352817,11.593553591984717
2019-10-28,1821,5360.33,3394.2699999999995,0.21,2575.07,normal,789.0,0.27,567.66,246.38,3,840.41,88,0,333.7,2141.49,Salary,919.08,Transportation,Positive,37.1,Low,1999.12,0,1966.0600000000004,63.32203427774036,10.590019644312942
2019-11-27,1842,3148.12,3595.79,0.19,2938.43,recession,756.0,0.43,489.6,541.7,9,955.62,46,0,678.74,1156.46,Freelance,1760.59,Utilities,Neutral,18.5,Low,221.98,0,-447.6700000000001,114.22023302796589,15.552139054419781
2019-12-27,1917,2947.45,3796.9799999999996,0.32,2670.61,recession,762.0,0.27,803.49,315.59,2,898.29,70,0,661.62,2171.72,Mixed,963.64,Entertainment,Positive,55.2,Medium,0.0,0,-849.5299999999997,128.8225415189401,27.26051332507761
2020-01-26,1091,3745.31,5002.71,0.18,3352.12,normal,770.0,0.41,126.23,567.93,4,1158.59,31,0,211.46,2655.27,Salary,2135.98,Healthcare,Positive,86.9,Low,115.7,0,-1257.4,133.57265486702033,3.37034851587719
2020-02-25,1923,4305.48,4138.59,0.21,3028.18,normal,695.0,0.2,607.62,421.56,8,1516.44,66,0,166.06,3107.76,Freelance,864.77,Utilities,Positive,74.3,Medium,526.42,0,166.88999999999942,96.1237771398311,14.112712171465205
2020-03-26,1264,4549.69,3826.55,0.35,3564.46,normal,642.0,0.45,607.85,0.0,3,909.23,69,0,492.24,2260.14,Salary,1074.17,Insurance,Positive,4.5,Low,1210.7,0,723.1399999999994,84.10573028052461,13.360250918194428
2020-04-25,1810,5195.83,3652.71,0.27,3207.02,normal,740.0,0.14,438.63,560.26,5,506.28,52,0,834.28,1091.92,Freelance,1726.51,Rent,Negative,58.2,High,1681.76,0,1543.12,70.30079890989505,8.44196211192437
2020-05-25,1771,3333.31,3892.87,0.29,2310.84,recession,733.0,0.39,424.62,434.77,8,1581.95,72,0,397.04,2706.59,Freelance,789.24,Utilities,Neutral,51.6,Medium,1114.22,0,-559.56,116.78691750842256,12.738689170824196
2020-06-24,1016,3799.28,3575.17,0.09,2564.35,normal,632.0,0.14,520.33,586.04,6,252.32,76,0,706.2,1578.38,Salary,1290.59,Insurance,Positive,76.8,Low,1325.67,0,224.11000000000013,94.10125076330252,13.695489671727277
2020-07-24,1149,4349.92,4478.62,0.09,2777.84,normal,690.0,0.36,565.7,451.06,9,574.3,84,0,207.32,3214.16,Salary,1057.14,Healthcare,Positive,38.7,Medium,1200.49,0,-128.69999999999982,102.95867510207084,13.004836870563139
2020-08-23,1581,4849.85,3641.8499999999995,0.1,2689.41,normal,658.0,0.14,657.53,202.42,3,339.49,88,0,615.28,2157.99,Salary,868.58,Entertainment,Positive,34.2,Medium,712.78,0,1208.000000000001,75.092013155046,13.557738899141208
2020-09-22,1882,4641.19,3932.77,0.06,3344.49,normal,712.0,0.42,424.62,375.35,9,983.03,86,0,727.34,1779.59,Salary,1425.84,Insurance,Positive,2.8,Medium,1328.29,0,708.4199999999996,84.73624221374261,9.148946714097033
2020-10-22,1549,2584.44,4823.849999999999,0.26,2172.37,normal,685.0,0.14,601.45,497.73,1,1396.67,32,0,787.42,2668.49,Salary,1367.94,Education,Positive,23.8,Low,400.8,0,-2239.4099999999994,186.64971908808096,23.271966073888347
2020-11-21,1914,2518.54,4538.219999999999,0.12,3136.47,normal,734.0,0.19,214.76,535.9,8,711.98,67,0,376.9,3159.36,Salary,1001.96,Investments,Negative,7.2,Low,0.0,0,-2019.6799999999994,180.19249247579944,8.527162562436967
2020-12-21,1783,4179.58,3013.62,0.2,1756.94,normal,577.0,0.4,172.31,111.84,8,180.21,49,0,549.34,1713.25,Salary,751.03,Transportation,Positive,48.3,Low,2149.85,1,1165.96,72.10341708975542,4.12266304269807
2021-01-20,1790,1710.02,2916.9700000000003,0.38,2864.37,normal,753.0,0.2,384.02,55.55,5,345.16,20,0,492.95,1058.14,Salary,1365.88,Groceries,Neutral,34.6,Low,0.0,0,-1206.9500000000003,170.58104583572126,22.457047285996655
2021-02-19,1981,5960.17,2897.4300000000003,0.08,2764.32,normal,753.0,0.38,533.18,196.53,2,1180.39,61,0,728.53,1000.0,Freelance,1168.9,Dining Out,Positive,50.7,Medium,2636.15,0,3062.74,48.613210697010324,8.945717991265349
2021-03-21,1456,4528.21,3951.0899999999997,0.14,2205.42,normal,693.0,0.15,590.69,68.72,6,1690.43,21,1,543.1,2327.45,Salary,1080.54,Utilities,Negative,26.2,Medium,169.01,0,577.1200000000003,87.25500804953833,13.044668864739048
2021-04-20,1201,3960.15,4072.0,0.1,2530.88,normal,659.0,0.1,505.32,731.34,6,1300.36,87,0,483.63,2978.59,Salary,609.78,Transportation,Neutral,56.2,Medium,956.55,0,-111.84999999999991,102.82438796510233,12.760122722624143
2021-05-20,1170,6765.29,3523.1099999999997,0.19,2929.86,normal,695.0,0.28,469.69,675.44,6,587.8,38,0,283.02,2108.72,Mixed,1131.37,Entertainment,Neutral,25.9,High,3034.56,1,3242.1800000000003,52.07625984991034,6.942643996044516
2021-06-19,1818,5974.57,3360.78,0.39,2564.67,inflation,563.0,0.56,835.81,423.93,7,989.68,51,0,341.6,1990.01,Freelance,1029.17,Transportation,Negative,87.1,Medium,4350.1,1,2613.7899999999995,56.25141223552491,13.989458655601993
2021-07-19,1971,2662.47,2664.43,0.21,2509.44,recession,608.0,0.19,490.07,167.2,7,1835.49,76,0,545.86,1218.81,Salary,899.76,Rent,Negative,98.1,Low,0.0,0,-1.9600000000000364,100.07361585294858,18.406592374749764
2021-08-18,1949,1262.81,4610.39,0.14,3086.22,normal,702.0,0.27,472.03,125.25,2,810.84,46,0,482.3,3108.82,Salary,1019.27,Investments,Positive,77.3,Medium,0.0,0,-3347.5800000000004,365.08976013810474,37.37933655894394
2021-09-17,1479,3731.63,4102.38,0.22,3251.81,normal,686.0,0.45,578.6,592.83,7,920.03,93,1,398.36,2282.51,Salary,1421.51,Entertainment,Neutral,90.6,Medium,101.19,0,-370.75,109.93533656873807,15.505288573626002
2021-10-17,1520,4404.16,4550.92,0.29,3380.32,inflation,694.0,0.13,432.02,214.42,8,1660.73,99,0,590.0,2905.03,Salary,1055.89,Healthcare,Neutral,25.4,Low,885.43,0,-146.76000000000022,103.33230400348761,9.80936205769091
2021-11-16,1350,2901.8,4605.8,0.06,3099.72,inflation,611.0,0.16,634.33,52.0,8,28.31,49,0,601.59,2887.63,Freelance,1116.58,Insurance,Positive,78.8,Medium,0.0,0,-1704.0,158.72217244468948,21.859880074436557
2021-12-16,1917,4358.56,3456.7000000000003,0.28,3719.85,recession,643.0,0.56,417.78,439.07,6,640.41,75,0,577.23,1827.44,Salary,1052.03,Rent,Positive,1.1,Medium,2008.68,0,901.8600000000001,79.30830365992438,9.585275870929847
2022-01-15,1059,3262.49,2295.73,0.11,1895.89,inflation,684.0,0.59,284.18,477.64,2,201.21,99,0,578.21,1263.12,Salary,454.4,Utilities,Positive,9.6,Low,1316.88,0,966.7599999999998,70.36741875070882,8.710524783217727
2022-02-14,1580,3261.75,2471.49,0.15,3692.32,normal,712.0,0.43,346.92,608.3,2,1226.32,62,0,612.03,1480.1,Salary,379.36,Insurance,Positive,21.2,Medium,0.0,0,790.2600000000002,75.77190158657162,10.636008277765004
2022-03-16,1029,3933.14,2373.77,0.3,2529.63,recession,706.0,0.35,558.03,718.47,3,942.69,45,0,171.36,1517.5,Salary,684.91,Insurance,Positive,7.2,Medium,983.97,0,1559.37,60.353051251671694,14.187900761223856
2022-04-15,1725,4565.62,3614.08,0.1,3129.72,normal,715.0,0.56,28.88,241.49,2,368.72,70,0,367.23,2485.2,Freelance,761.65,Investments,Positive,59.4,Low,1768.72,0,951.54,79.15858087182026,0.6325537385941011
2022-05-15,1341,4511.73,4096.66,0.28,3201.79,normal,700.0,0.52,556.39,355.26,7,1312.61,38,1,735.48,2715.27,Salary,645.91,Groceries,Positive,99.1,Low,1617.86,0,415.0699999999997,90.80020302633358,12.332076609194257
2022-06-14,1095,5455.0,3249.63,0.22,2657.49,normal,654.0,0.52,255.8,531.59,5,1166.06,38,0,283.01,1506.27,Salary,1460.35,Groceries,Positive,75.3,Medium,2738.99,1,2205.37,59.571585701191566,4.689275893675527
2022-07-14,1124,3846.7,4222.84,0.39,3527.49,normal,578.0,0.2,671.13,0.0,1,1064.46,66,0,479.72,2924.72,Mixed,818.4,Groceries,Positive,93.3,Low,434.0,0,-376.1400000000003,109.77825148828867,17.446902539839343
2022-08-13,1679,3261.17,5078.31,0.34,2810.08,inflation,756.0,0.38,759.72,524.1,7,971.53,83,0,603.22,3038.57,Mixed,1436.52,Education,Positive,61.5,Medium,397.66,0,-1817.1400000000003,155.72049295191604,23.29593366797806
2022-09-12,1818,2585.77,4886.099999999999,0.36,2959.83,normal,744.0,0.25,211.14,690.87,9,76.36,37,0,1158.74,2420.97,Mixed,1306.39,Healthcare,Positive,63.3,High,0.0,0,-2300.3299999999995,188.9611218321815,8.165459418277727
2022-10-12,1052,2401.62,3574.12,0.2,3215.26,recession,648.0,0.57,647.5,920.38,6,1620.24,53,1,567.3,1856.06,Mixed,1150.76,Healthcare,Negative,43.0,High,0.0,0,-1172.5,148.82121234833156,26.96096801325772
2022-11-11,1161,4043.99,4361.860000000001,0.19,1540.17,recession,813.0,0.4,576.85,0.0,8,1656.52,49,0,650.48,2863.29,Salary,848.09,Insurance,Neutral,87.3,Medium,308.48,0,-317.8700000000008,107.86030628166739,14.264377508351902
2022-12-11,1116,3308.49,3259.57,0.32,2512.59,normal,726.0,0.51,599.51,268.22,7,1550.77,69,0,600.84,1857.74,Freelance,800.99,Rent,Positive,90.1,Low,0.0,0,48.91999999999962,98.52137984397717,18.12035097582281
2023-01-10,1462,3452.89,3571.41,0.34,3376.34,inflation,698.0,0.14,209.68,420.43,4,724.7,50,0,560.5,1408.65,Salary,1602.26,Education,Neutral,85.3,Low,79.33,0,-118.51999999999998,103.43248698915981,6.072594261618529
2023-02-09,1746,3689.48,4106.89,0.17,2498.45,normal,692.0,0.49,881.18,39.2,1,1530.03,30,0,570.88,1826.67,Mixed,1709.34,Groceries,Negative,27.1,Low,1835.24,0,-417.4100000000003,111.3135184362024,23.88358251027245
2023-03-11,1092,4016.66,3570.73,0.23,2812.22,normal,738.0,0.19,687.45,518.16,2,0.0,46,0,632.63,1340.23,Salary,1597.87,Dining Out,Neutral,78.4,High,1218.34,0,445.92999999999984,88.89798987218236,17.11496616591895
2023-04-10,1202,4306.28,4536.179999999999,0.24,2967.0,normal,635.0,0.2,584.73,441.57,9,257.39,25,0,233.19,2448.59,Salary,1854.4,Investments,Negative,72.1,Medium,1962.99,0,-229.89999999999964,105.33871462143661,13.578541107405929
2023-05-10,1812,2968.45,3772.59,0.12,2777.53,normal,686.0,0.55,580.39,791.54,3,0.0,51,0,405.82,2411.5,Salary,955.27,Groceries,Neutral,51.3,Medium,0.0,0,-804.1400000000003,127.08955852380875,19.55195472384578
2023-06-09,1074,3982.13,4794.31,0.16,2466.28,normal,638.0,0.18,735.88,527.95,5,963.46,76,0,271.3,3498.46,Salary,1024.55,Rent,Neutral,42.8,Medium,1447.47,0,-812.1800000000003,120.39561742082756,18.479557422786296
2023-07-09,1457,4367.89,3698.1400000000003,0.1,2428.25,inflation,661.0,0.42,964.23,168.69,4,617.96,51,0,174.09,2727.54,Freelance,796.51,Dining Out,Positive,2.7,Medium,0.0,0,669.75,84.66650945880048,22.07541856594374
2023-08-08,1190,1891.95,3749.6800000000003,0.1,2797.4,normal,602.0,0.53,119.92,426.44,8,645.16,94,0,655.84,2527.03,Mixed,566.81,Rent,Neutral,70.0,Low,0.0,0,-1857.7300000000002,198.19128412484474,6.338433890959064
2023-09-07,1741,4396.7,4528.11,0.05,3247.8,recession,664.0,0.18,532.89,563.82,2,368.2,56,0,478.19,2134.84,Salary,1915.08,Transportation,Positive,74.8,Low,1307.61,0,-131.40999999999985,102.98883253349102,12.120226533536515
2023-10-07,1149,5549.63,4571.33,0.15,2398.82,normal,595.0,0.52,586.84,641.09,9,1166.62,89,0,599.47,2879.58,Salary,1092.28,Entertainment,Positive,45.0,Low,2374.61,0,978.3000000000002,82.37179775949028,10.574398653603936
2023-11-06,1097,3821.33,3026.01,0.22,3811.81,normal,649.0,0.47,395.1,531.62,6,1327.73,71,0,374.75,1864.64,Salary,786.62,Healthcare,Positive,30.6,Low,1405.93,0,795.3199999999997,79.18735100082957,10.339332117351812
2019-01-01,1577,4672.18,3017.8600000000006,0.31,2740.43,inflation,625.0,0.59,359.29,300.44,8,1628.21,54,0,421.97,1000.0,Salary,1595.89,Insurance,Positive,74.3,Low,1877.31,0,1654.3199999999997,64.59211759820899,7.689986259091046
2019-01-31,1566,3524.82,3102.19,0.3,3118.63,inflation,662.0,0.26,420.65,274.62,8,1035.28,93,0,244.44,1365.41,Salary,1492.34,Utilities,Positive,68.0,Low,0.0,0,422.6300000000001,88.00988419266798,11.93394272615339
2019-03-02,1859,3265.31,3354.4000000000005,0.17,3762.62,normal,735.0,0.14,812.44,824.93,6,1404.68,80,0,535.01,2356.9,Salary,462.49,Groceries,Positive,30.4,Medium,1118.97,0,-89.0900000000006,102.72837801005113,24.880945453877278
2019-04-01,1490,3617.24,2920.5099999999998,0.13,3195.09,recession,692.0,0.26,577.49,606.35,2,1439.4,23,0,390.56,1407.56,Salary,1122.39,Education,Positive,48.4,Low,892.15,0,696.73,80.73862945228959,15.964934591014144
2019-05-01,1497,6423.61,3449.48,0.25,2260.14,normal,785.0,0.44,376.08,136.46,7,1389.59,44,0,243.86,2311.22,Salary,894.4,Groceries,Negative,42.5,Medium,3273.38,1,2974.1299999999997,53.70002226162548,5.854651823507343
2019-05-31,1823,4179.85,3575.41,0.4,1738.12,inflation,720.0,0.21,771.58,608.67,7,1210.85,62,0,363.47,2240.85,Freelance,971.09,Transportation,Positive,22.6,Low,247.0,0,604.4400000000005,85.53919399021494,18.45951409739584
2019-06-30,1862,4520.96,3682.2700000000004,0.19,3512.01,inflation,644.0,0.35,506.96,234.8,6,537.7,61,0,109.36,2302.78,Salary,1270.13,Healthcare,Positive,95.4,High,2837.4,0,838.6899999999996,81.44885157134769,11.213547565118914
2019-07-30,1836,5897.16,3781.73,0.08,2598.95,normal,661.0,0.52,418.93,500.91,1,402.68,32,0,325.56,2464.04,Salary,992.13,Healthcare,Positive,13.2,Low,2938.82,1,2115.43,64.12798703104545,7.103927992457386
2019-08-29,1645,4708.68,4316.9400000000005,0.22,2315.08,inflation,659.0,0.28,237.72,354.54,7,672.01,27,0,375.62,3003.59,Salary,937.73,Investments,Neutral,40.5,Medium,1216.75,0,391.7399999999998,91.68047096001428,5.0485486378348075
2019-09-28,1378,5083.27,3573.54,0.08,3276.37,normal,678.0,0.47,443.73,224.95,1,1423.77,46,0,399.37,2368.61,Freelance,805.56,Dining Out,Positive,63.3,High,2876.14,0,1509.7300000000005,70.30002341012772,8.729223511637194
2019-10-28,1380,6383.05,4498.94,0.24,2745.05,recession,652.0,0.27,556.78,777.8,7,785.22,45,0,623.05,2419.18,Salary,1456.71,Utilities,Neutral,42.8,Low,4286.84,1,1884.1100000000006,70.48260627756322,8.722789262186572
2019-11-27,1992,5293.28,3952.55,0.1,3033.07,normal,684.0,0.52,507.86,463.56,4,1156.37,80,0,672.62,1851.73,Salary,1428.2,Dining Out,Positive,74.5,Low,2897.19,0,1340.7299999999996,74.6710924039537,9.594429163014237
2019-12-27,1453,5447.32,3020.2299999999996,0.31,2622.29,normal,745.0,0.5,392.34,395.52,4,1255.79,93,0,200.49,2157.19,Mixed,662.55,Transportation,Positive,87.3,Medium,1574.7,0,2427.09,55.4443285872686,7.202440833290499
2020-01-26,1220,2959.45,4488.9,0.22,2831.12,normal,713.0,0.38,306.48,173.52,7,944.79,69,0,887.86,2282.65,Salary,1318.39,Utilities,Neutral,23.7,Medium,919.3,0,-1529.4499999999998,151.680210849989,10.355978306779976
2020-02-25,1957,4857.69,3005.34,0.38,2435.11,inflation,642.0,0.41,697.55,549.83,7,851.65,95,0,314.03,1761.8,Freelance,929.51,Dining Out,Positive,25.2,Low,1394.35,0,1852.3499999999995,61.86767784687785,14.35970595077084
2020-03-26,1593,5499.2,4338.92,0.11,2143.61,recession,698.0,0.51,621.69,275.75,2,773.32,87,0,184.18,2671.26,Salary,1483.48,Investments,Positive,44.9,High,3535.18,1,1160.2799999999997,78.90093104451556,11.305098923479779
2020-04-25,1914,4396.81,1874.5800000000002,0.12,2238.12,recession,591.0,0.51,587.09,109.29,2,1118.35,88,0,240.41,1334.17,Freelance,300.0,Utilities,Negative,69.3,High,1539.18,0,2522.2300000000005,42.63500128502255,13.35263520597888
2020-05-25,1493,4804.53,4345.84,0.3,2574.22,normal,694.0,0.57,427.03,579.98,8,1146.35,85,0,633.84,2326.04,Salary,1385.96,Utilities,Neutral,4.9,Low,1177.45,0,458.6899999999996,90.45296834445826,8.888070217065977
2020-06-24,1266,5459.96,4697.34,0.24,3179.38,inflation,660.0,0.2,215.13,4.6,5,620.2,25,0,625.71,2475.26,Salary,1596.37,Healthcare,Positive,69.5,Low,2726.86,0,762.6199999999999,86.03249840658174,3.9401387555952785
2020-07-24,1374,3516.53,4856.9400000000005,0.26,3032.61,inflation,767.0,0.22,356.14,86.15,8,916.55,85,0,901.44,2597.83,Salary,1357.67,Groceries,Positive,27.9,Low,235.11,0,-1340.4100000000003,138.11740551054592,10.127597375822187
2020-08-23,1029,6190.05,4273.84,0.14,2822.84,normal,659.0,0.26,655.51,500.58,1,1542.02,69,0,535.72,2663.23,Salary,1074.89,Investments,Neutral,35.5,Low,3452.59,1,1916.21,69.0437072398446,10.589736754953513
2020-09-22,1501,4421.9,3283.67,0.32,2921.68,normal,641.0,0.59,374.17,194.76,4,652.95,77,0,451.61,2491.74,Salary,340.32,Education,Positive,51.3,Medium,1963.81,0,1138.2299999999996,74.25925507134943,8.461747212736608
2020-10-22,1053,4045.88,4064.67,0.3,2552.18,normal,697.0,0.19,420.88,330.13,2,1138.82,89,0,668.2,1734.18,Freelance,1662.29,Utilities,Neutral,51.2,Medium,324.72,0,-18.789999999999964,100.46442306741672,10.402681246107152
2020-11-21,1611,4126.2,5593.46,0.25,2082.98,recession,582.0,0.22,850.37,602.33,7,835.65,95,0,548.47,3195.34,Mixed,1849.65,Entertainment,Negative,97.2,Low,746.66,0,-1467.2600000000002,135.55959478454753,20.60903494740924
2020-12-21,1499,4281.58,2715.95,0.09,2878.47,normal,757.0,0.56,593.51,171.21,9,1202.44,57,0,320.58,1080.79,Mixed,1314.58,Investments,Negative,92.4,Medium,351.91,0,1565.63,63.433358713372165,13.861938816978778
2021-01-20,1607,4992.93,3096.9199999999996,0.25,2976.17,inflation,656.0,0.47,563.06,507.27,1,1297.57,21,0,540.81,2016.59,Freelance,539.52,Transportation,Negative,4.7,Low,2038.64,0,1896.0100000000007,62.02610491234605,11.27714588428037
2021-02-19,1953,4001.32,4371.929999999999,0.1,3499.12,inflation,722.0,0.32,520.58,355.72,2,2.95,62,0,434.63,3054.47,Salary,882.83,Insurance,Positive,51.1,Low,0.0,0,-370.6099999999992,109.26219347615285,13.010206631811503
2021-03-21,1663,4437.14,4003.8199999999997,0.28,2283.78,inflation,662.0,0.28,1056.16,457.57,2,1936.39,79,0,294.92,2149.62,Salary,1559.28,Transportation,Positive,60.0,Medium,835.78,0,433.3200000000006,90.23424998985831,23.8027197699419
2021-04-20,1581,3152.04,3873.09,0.23,3085.78,normal,756.0,0.49,412.07,200.26,3,401.59,25,0,477.32,2404.96,Salary,990.81,Insurance,Positive,66.8,High,139.82,0,-721.0500000000002,122.8756614763772,13.073120899480973
2021-05-20,1210,5437.7,4299.28,0.38,2935.26,normal,703.0,0.6,848.4,220.0,8,490.42,36,0,316.42,2391.49,Salary,1591.37,Insurance,Positive,46.4,Medium,1614.33,0,1138.42,79.06431027824263,15.602184747227687
2021-06-19,1862,3679.44,3606.14,0.38,1988.35,normal,649.0,0.4,658.16,322.48,6,1093.22,66,0,564.48,1488.86,Salary,1552.8,Investments,Positive,17.5,Medium,1011.85,0,73.30000000000018,98.00784902050312,17.887504620268302
2021-07-19,1728,4638.91,3789.74,0.4,2813.92,recession,630.0,0.36,646.66,420.85,4,463.06,87,0,524.64,2437.66,Salary,827.44,Education,Positive,91.2,Medium,2428.92,0,849.1700000000001,81.6946222280665,13.939912608780942
2021-08-18,1340,3152.62,4980.360000000001,0.18,2305.21,recession,658.0,0.13,538.89,150.15,6,1311.7,26,0,829.27,3246.94,Freelance,904.15,Entertainment,Negative,78.2,High,461.09,0,-1827.7400000000007,157.9752713615977,17.09340167860383
2021-09-17,1704,4875.42,4109.1900000000005,0.18,2850.22,normal,783.0,0.25,276.25,235.28,5,1478.71,24,0,451.73,2603.85,Salary,1053.61,Transportation,Positive,38.4,Low,2695.73,0,766.2299999999996,84.28381554819893,5.666178503595588
2021-10-17,1599,5009.67,3996.79,0.11,3298.25,inflation,659.0,0.19,591.25,264.25,9,797.59,79,0,235.79,2164.94,Salary,1596.06,Investments,Negative,41.2,Low,1645.69,0,1012.8800000000001,79.78150257402184,11.802174594334556
2021-11-16,1075,2779.08,4828.34,0.08,2542.16,normal,648.0,0.25,705.14,326.86,8,721.25,55,0,439.65,2836.88,Salary,1551.81,Investments,Negative,69.3,Low,0.0,0,-2049.26,173.73879125465982,25.373145069591374
2021-12-16,1904,3440.35,3964.1099999999997,0.21,3015.67,normal,713.0,0.37,245.9,424.62,5,1609.9,37,0,130.76,2795.04,Freelance,1038.31,Groceries,Positive,25.4,Low,0.0,0,-523.7599999999998,115.22403243856003,7.147528594474399
2022-01-15,1549,3709.77,5113.83,0.35,2779.88,normal,667.0,0.31,397.65,809.99,2,788.56,20,0,662.74,2872.23,Salary,1578.86,Entertainment,Neutral,21.1,Medium,0.0,0,-1404.06,137.8476293678584,10.718993360774387
2022-02-14,1358,4117.89,2263.91,0.14,2666.16,normal,702.0,0.29,762.38,493.47,2,1255.2,73,0,556.31,1035.92,Salary,671.68,Insurance,Neutral,31.4,High,804.44,0,1853.9800000000005,54.97742776033356,18.513850539961
2022-03-16,1986,4672.86,3858.2900000000004,0.36,3069.94,recession,710.0,0.59,560.47,0.0,4,621.72,40,0,689.73,2375.34,Salary,793.22,Entertainment,Positive,2.7,High,3490.83,1,814.5699999999993,82.56806324178342,11.99415347346165
2022-04-15,1216,3900.27,5112.35,0.18,3254.08,normal,681.0,0.39,567.27,380.58,6,1415.12,52,0,315.18,3324.25,Salary,1472.92,Healthcare,Negative,80.9,Low,468.67,0,-1212.0800000000004,131.07682288662068,14.544377696928674
2022-05-15,1737,3446.54,3982.29,0.15,3896.53,recession,674.0,0.32,297.55,134.61,9,1416.55,44,0,684.33,1953.95,Freelance,1344.01,Groceries,Negative,48.7,Low,277.41,0,-535.75,115.54457513912504,8.633296001207007
2022-06-14,1023,3254.13,4142.66,0.4,2855.23,normal,637.0,0.27,698.79,678.73,8,1283.13,85,0,409.35,2565.7,Freelance,1167.61,Groceries,Negative,58.3,Medium,0.0,0,-888.5299999999997,127.30468665972164,21.473942344036654
2022-07-14,1382,2970.13,4361.22,0.2,2087.04,recession,699.0,0.28,283.0,379.94,7,1115.65,41,0,591.44,2393.55,Freelance,1376.23,Insurance,Positive,51.3,Medium,0.0,0,-1391.0900000000001,146.835997077569,9.528202469252186
2022-08-13,1540,3646.28,4561.889999999999,0.24,2663.91,recession,644.0,0.16,597.75,350.0,6,406.97,35,0,425.49,2570.58,Freelance,1565.82,Transportation,Neutral,44.0,Medium,1468.77,0,-915.6099999999992,125.11079785425143,16.393420143269307
2022-09-12,1542,5110.75,3554.7200000000003,0.3,2457.73,normal,634.0,0.46,912.36,402.85,7,1524.87,71,0,766.86,2425.32,Salary,362.54,Transportation,Negative,5.1,High,2635.07,1,1556.0299999999997,69.55378369123906,17.851783006408063
2022-10-12,1175,4445.3,3532.71,0.38,2913.05,normal,603.0,0.32,564.07,403.67,7,1631.16,41,0,529.09,1942.57,Freelance,1061.05,Healthcare,Negative,73.7,Low,986.86,0,912.5900000000001,79.47067689469776,12.689132342024163
2022-11-11,1187,3250.29,2856.4,0.27,2844.0,inflation,640.0,0.43,827.72,544.49,6,702.68,69,0,498.21,1000.0,Mixed,1358.19,Healthcare,Negative,44.5,Low,749.95,0,393.8899999999999,87.8813890452852,25.46603533838519
2022-12-11,1378,5215.62,4178.0,0.05,2655.32,normal,592.0,0.21,411.32,517.68,9,1486.85,38,0,357.73,2086.98,Salary,1733.29,Investments,Positive,91.1,Low,1831.44,0,1037.62,80.10552916048333,7.886310735828148
2023-01-10,1932,2996.84,3127.34,0.18,2169.1,normal,680.0,0.43,398.09,79.33,8,1524.37,27,0,438.15,2052.05,Salary,637.14,Transportation,Neutral,39.2,Low,0.0,0,-130.5,104.35458683146248,13.28365878725591
2023-02-09,1048,4316.94,2973.33,0.3,2023.14,recession,636.0,0.3,537.15,345.74,1,449.23,84,0,438.11,1522.12,Salary,1013.1,Utilities,Positive,45.1,Low,1912.34,0,1343.6099999999997,68.87587040820581,12.442841457143256
2023-03-11,1087,4386.95,4309.81,0.13,2304.3,inflation,601.0,0.31,40.63,626.57,3,1470.85,62,0,851.41,2679.71,Freelance,778.69,Healthcare,Neutral,92.4,Medium,1210.36,0,77.13999999999942,98.24160293598058,0.926155985365687
2023-04-10,1657,3611.9,5469.910000000001,0.15,3566.26,recession,668.0,0.34,293.0,470.53,4,58.89,53,0,560.1,2904.36,Salary,2005.45,Insurance,Neutral,88.3,Medium,1155.2,0,-1858.0100000000007,151.44134665965282,8.112073977684876
2023-05-10,1817,3773.88,3256.75,0.2,1749.92,recession,611.0,0.53,505.7,552.1,8,660.39,25,0,641.03,1581.61,Salary,1034.11,Utilities,Positive,90.0,Low,356.91,0,517.1300000000001,86.29712656470264,13.400002119834229
2023-06-09,1738,5741.66,4453.99,0.32,2947.47,normal,706.0,0.54,548.53,694.92,7,1337.56,72,0,412.24,3188.04,Salary,853.71,Dining Out,Positive,33.2,Medium,3346.78,1,1287.67,77.5732105349324,9.553508915540105
2023-07-09,1885,4399.97,5131.4400000000005,0.32,3290.92,inflation,713.0,0.35,505.86,512.75,4,1337.81,41,0,475.47,2887.04,Salary,1768.93,Groceries,Positive,13.1,Low,1335.15,0,-731.4700000000003,116.62443153021498,11.496896569749339
2023-08-08,1961,3422.26,3727.84,0.25,2636.77,inflation,658.0,0.18,802.82,481.17,6,1057.28,58,0,387.11,2462.29,Salary,878.44,Groceries,Negative,18.0,Medium,0.0,0,-305.5799999999999,108.9291871453367,23.45876701361089
2023-09-07,1729,5056.46,3048.1200000000003,0.33,2480.91,normal,656.0,0.21,649.64,593.42,9,392.56,41,0,260.82,2065.56,Mixed,721.74,Transportation,Neutral,81.0,Low,1133.31,0,2008.3399999999997,60.281699054279095,12.847723506168347
2023-10-07,1703,5223.46,5141.36,0.14,3008.39,inflation,643.0,0.16,796.37,0.0,2,659.47,78,0,368.79,2756.54,Salary,2016.03,Groceries,Positive,18.5,High,2173.54,0,82.10000000000036,98.4282448798306,15.246024665643079
2023-11-06,1321,4537.59,3813.22,0.24,2650.22,normal,546.0,0.17,779.36,214.66,2,942.52,89,0,333.35,1960.12,Mixed,1519.75,Healthcare,Positive,26.5,Low,1437.32,0,724.3700000000003,84.03623950158564,17.175637287635066
2019-01-01,1228,4937.58,1848.69,0.3,2414.91,normal,644.0,0.47,881.86,374.51,4,2061.74,66,0,0.0,1000.0,Salary,848.69,Insurance,Negative,45.2,Medium,1374.89,0,3088.89,37.441216142320734,17.8601663162926
2019-01-31,1966,3647.02,2775.7200000000003,0.35,3184.25,normal,657.0,0.3,550.32,238.25,3,1815.39,55,0,218.73,1692.16,Salary,864.83,Dining Out,Positive,92.1,Low,0.0,0,871.2999999999997,76.10926180827087,15.089579985851465
2019-03-02,1087,5266.24,4654.85,0.29,3387.2,normal,652.0,0.3,344.27,243.44,7,720.59,21,0,583.3,2640.58,Mixed,1430.97,Transportation,Positive,80.7,High,3314.5,0,611.3899999999994,88.39038858844262,6.537301756091633
2019-04-01,1543,3569.55,3128.3100000000004,0.4,2043.8,normal,768.0,0.29,482.65,641.11,4,1352.26,31,0,0.0,1804.89,Salary,1323.42,Education,Positive,67.7,High,1389.22,0,441.2399999999998,87.63877799722654,13.521312210222575
2019-05-01,1728,4048.41,4300.1900000000005,0.13,2854.82,normal,616.0,0.46,527.27,761.88,9,1252.19,33,0,597.84,2346.11,Salary,1356.24,Education,Neutral,13.9,Low,0.0,0,-251.78000000000065,106.2192317477726,13.024125520883507
2019-05-31,1235,4669.49,4056.15,0.2,3047.8,normal,684.0,0.18,775.78,278.06,2,1343.79,30,0,253.75,2247.09,Salary,1555.31,Dining Out,Positive,90.4,Low,825.92,0,613.3399999999997,86.86494670724213,16.61380579035398
2019-06-30,1215,3593.24,3956.57,0.17,2494.99,inflation,691.0,0.11,423.19,408.55,4,1712.98,95,0,321.14,2622.67,Salary,1012.76,Dining Out,Positive,70.5,Medium,874.12,0,-363.3300000000004,110.11148712582516,11.777393104830182
2019-07-30,1034,4269.91,3721.53,0.21,3058.57,recession,660.0,0.39,150.18,219.3,7,401.38,30,0,272.11,2269.58,Salary,1179.84,Rent,Positive,88.7,Medium,1869.35,0,548.3799999999997,87.15710635587168,3.5171701511273072
2019-08-29,1423,3348.56,5104.73,0.3,3369.49,recession,638.0,0.24,243.56,712.26,7,1333.03,63,0,694.54,2795.62,Freelance,1614.57,Education,Negative,55.8,Low,909.62,0,-1756.1699999999996,152.44552882433044,7.273574312540316
2019-09-28,1272,3343.67,4564.9800000000005,0.39,2225.03,inflation,709.0,0.19,886.84,453.44,9,260.54,97,0,677.08,3043.98,Salary,843.92,Utilities,Negative,58.4,Medium,0.0,0,-1221.3100000000004,136.52603277237287,26.52295232484067
2019-10-28,1178,4228.36,3925.65,0.1,2895.03,normal,689.0,0.25,273.56,269.32,7,908.76,38,0,374.34,1958.24,Salary,1593.07,Dining Out,Positive,80.4,Medium,1766.21,0,302.7099999999996,92.84095961554836,6.4696478067146606
2019-11-27,1187,4279.18,4055.6299999999997,0.1,2606.42,normal,712.0,0.59,548.24,65.86,9,854.65,82,0,262.68,2466.17,Freelance,1326.78,Entertainment,Positive,31.9,Medium,1530.54,0,223.55000000000064,94.77586827382815,12.811800391663821
2019-12-27,1464,3954.72,4051.3200000000006,0.07,2529.07,normal,668.0,0.15,762.0,563.48,7,797.91,98,1,332.3,2269.55,Salary,1449.47,Utilities,Negative,38.5,Low,340.23,0,-96.60000000000082,102.44265080713681,19.268115062507587
2020-01-26,1402,2439.35,4547.59,0.31,2727.01,normal,542.0,0.5,582.26,246.75,9,1161.03,37,0,436.87,2311.88,Salary,1798.84,Transportation,Positive,51.9,Low,0.0,0,-2108.2400000000002,186.42630208867118,23.869473425297723
2020-02-25,1936,3852.59,4190.389999999999,0.31,3328.53,inflation,629.0,0.16,105.88,542.77,8,2135.68,94,0,677.23,2446.83,Salary,1066.33,Healthcare,Positive,51.6,Medium,1851.67,0,-337.7999999999993,108.76812741558275,2.7482810265302042
2020-03-26,1540,4856.47,4376.82,0.06,3301.08,normal,663.0,0.55,537.15,771.96,7,729.48,34,0,680.92,1791.98,Salary,1903.92,Rent,Positive,68.8,Low,228.78,0,479.65000000000055,90.12348475332905,11.060502793181055
2020-04-25,1371,3218.96,3709.83,0.36,3390.91,normal,691.0,0.5,258.87,326.11,8,1178.88,41,0,742.02,1800.47,Salary,1167.34,Entertainment,Positive,80.4,Low,0.0,0,-490.8699999999999,115.24933518900514,8.04203842234759
2020-05-25,1095,3252.73,3666.17,0.16,2463.61,inflation,673.0,0.36,679.0,106.06,6,1882.74,81,0,586.62,1586.28,Salary,1493.27,Insurance,Negative,87.7,High,103.1,0,-413.44000000000005,112.71055390395146,20.874772883085903
2020-06-24,1248,2994.11,4010.68,0.12,2282.87,recession,702.0,0.18,468.94,500.98,6,1010.67,35,0,611.57,2826.99,Salary,572.12,Utilities,Negative,67.2,Low,259.79,0,-1016.5699999999997,133.95232640083364,15.662083223395266
2020-07-24,1483,3482.22,4621.54,0.25,2457.76,normal,686.0,0.52,148.16,431.34,9,1400.76,49,0,655.06,2840.04,Salary,1126.44,Entertainment,Positive,70.2,High,649.36,0,-1139.3200000000002,132.71820849917583,4.254757022818777
2020-08-23,1588,3458.98,3638.1600000000003,0.29,2779.44,normal,695.0,0.59,402.35,328.88,3,1116.19,46,0,525.11,1841.82,Salary,1271.23,Insurance,Positive,95.5,Low,1695.15,0,-179.1800000000003,105.1801398100018,11.632041815795409
2020-09-22,1256,3234.86,4447.3099999999995,0.27,2844.51,normal,677.0,0.38,591.92,92.52,6,527.64,82,0,552.49,2895.39,Salary,999.43,Healthcare,Positive,66.2,Medium,312.43,0,-1212.4499999999994,137.4807565087824,18.298164371873895
2020-10-22,1848,4728.23,3407.92,0.37,2383.3,normal,690.0,0.3,365.51,533.39,7,1762.08,49,0,349.34,1436.02,Salary,1622.56,Education,Negative,19.2,Low,721.43,0,1320.3099999999995,72.0760199905673,7.730376906368769
2020-11-21,1353,4424.62,4158.94,0.37,1759.53,inflation,623.0,0.42,555.66,506.31,2,1598.1,76,0,366.58,2807.89,Salary,984.47,Utilities,Positive,74.5,High,0.0,0,265.6800000000003,93.995416555546,12.558366594193398
2020-12-21,1254,3816.33,3890.39,0.12,2657.21,normal,764.0,0.25,398.55,304.45,6,1352.36,80,0,666.92,1896.12,Salary,1327.35,Healthcare,Neutral,31.0,Low,2123.45,0,-74.05999999999995,101.94060786147949,10.443279276163226
2021-01-20,1759,2821.14,3516.04,0.25,3702.63,inflation,670.0,0.32,165.3,175.26,1,1044.31,76,0,535.98,1518.0,Salary,1462.06,Dining Out,Negative,67.4,Medium,0.0,0,-694.9000000000001,124.63188640053313,5.859333460941323
2021-02-19,1276,3479.82,3555.54,0.09,2853.91,recession,620.0,0.4,423.43,695.64,9,1258.23,61,1,491.74,2143.04,Salary,920.76,Education,Positive,26.1,Low,56.03,0,-75.7199999999998,102.17597461937686,12.16815812312131
2021-03-21,1261,4705.54,4273.46,0.39,3401.18,recession,579.0,0.32,613.85,382.81,5,909.1,94,0,516.5,2286.72,Salary,1470.24,Insurance,Positive,50.9,High,888.38,0,432.0799999999999,90.81763198272674,13.045261542777236
2021-04-20,1907,3484.28,5006.22,0.36,2879.33,normal,670.0,0.4,150.48,87.9,8,1054.36,54,0,342.67,2959.94,Salary,1703.61,Investments,Positive,16.3,High,130.72,0,-1521.94,143.68018643737014,4.318826271137795
2021-05-20,1100,2507.51,2989.52,0.13,2304.5,recession,696.0,0.54,535.16,10.7,2,2086.07,92,0,533.04,1273.83,Freelance,1182.65,Healthcare,Positive,14.3,Low,0.0,0,-482.00999999999976,119.22265514394756,21.34228776754629
2021-06-19,1969,4012.58,5088.63,0.25,2901.53,normal,715.0,0.22,595.51,82.17,4,917.92,25,0,720.59,3054.16,Salary,1313.88,Investments,Positive,43.2,Medium,1708.07,0,-1076.0500000000002,126.8169108154853,14.841074819692068
2021-07-19,1013,3465.62,3996.46,0.12,3419.6,normal,697.0,0.12,632.67,723.61,2,960.77,89,0,1014.19,2059.35,Salary,922.92,Healthcare,Positive,99.0,Low,214.54,0,-530.8400000000001,115.31731695915883,18.25560794316746
2021-08-18,1622,3886.0,2829.2599999999998,0.25,2727.78,inflation,607.0,0.25,416.14,336.68,5,709.1,32,0,255.7,1541.03,Salary,1032.53,Education,Positive,81.7,High,1051.81,0,1056.7400000000002,72.80648481729284,10.708697889861039
2021-09-17,1762,4400.61,3263.7,0.22,2811.45,normal,630.0,0.19,390.18,576.29,8,1005.54,92,0,836.01,1171.9,Mixed,1255.79,Rent,Neutral,14.4,Medium,1405.41,0,1136.9099999999999,74.16471807317622,8.866498053678923
2021-10-17,1337,4174.94,4039.3899999999994,0.26,2946.37,inflation,658.0,0.11,756.8,325.0,7,1884.87,41,0,701.53,2254.85,Salary,1083.01,Entertainment,Positive,8.3,Low,1456.19,0,135.55000000000018,96.75324675324674,18.12720661853823
2021-11-16,1278,4169.34,3289.4,0.14,3141.46,normal,647.0,0.26,66.56,262.56,9,1398.69,91,0,518.61,2012.28,Freelance,758.51,Transportation,Positive,56.8,Low,0.0,0,879.94,78.8949809802031,1.5964157396614331
2021-12-16,1819,4224.13,5143.110000000001,0.07,2816.46,inflation,674.0,0.1,1133.6,448.61,2,317.58,78,1,633.48,3220.33,Mixed,1289.3,Rent,Neutral,99.1,Medium,0.0,0,-918.9800000000005,121.75548574499366,26.836295284472776
2022-01-15,1372,2935.39,4608.369999999999,0.3,2935.76,recession,718.0,0.12,222.43,370.96,4,818.65,30,0,264.23,2734.72,Salary,1609.42,Utilities,Positive,83.2,High,0.0,0,-1672.979999999999,156.99344891138824,7.577528028643554
2022-02-14,1585,4133.59,4310.61,0.28,3830.88,recession,728.0,0.47,963.5,346.21,8,0.0,96,1,132.95,2705.24,Salary,1472.42,Insurance,Negative,25.1,Medium,381.09,0,-177.01999999999953,104.28247600753824,23.309036454994324
2022-03-16,1734,5105.01,4177.24,0.23,2244.41,recession,660.0,0.15,426.18,43.01,5,527.87,97,0,782.1,2109.54,Freelance,1285.6,Rent,Positive,3.8,High,2112.91,0,927.7700000000004,81.8262843755448,8.348269640999725
2022-04-15,1069,3730.53,4049.1,0.14,2893.48,normal,663.0,0.18,717.12,591.04,9,661.11,51,0,924.02,1294.58,Mixed,1830.5,Entertainment,Neutral,9.5,Low,0.0,0,-318.5699999999997,108.539537277545,19.223005846354273
2022-05-15,1210,4218.71,3172.11,0.37,3390.88,normal,723.0,0.31,638.26,519.85,8,527.82,31,0,569.64,1457.89,Salary,1144.58,Groceries,Negative,16.0,Low,1339.14,0,1046.6,75.19146848207153,15.129269373813322
2022-06-14,1798,4577.35,4586.91,0.28,2255.23,inflation,688.0,0.46,578.83,545.59,5,1602.31,60,0,452.9,2511.53,Salary,1622.48,Groceries,Positive,91.9,Low,1709.72,0,-9.55999999999949,100.20885446819665,12.645526341660569
2022-07-14,1977,5422.04,3958.79,0.24,2357.81,inflation,742.0,0.5,537.29,428.83,3,992.05,24,0,388.92,2284.72,Mixed,1285.15,Entertainment,Negative,43.4,Medium,2662.09,1,1463.25,73.01292502452952,9.909369905054186
2022-08-13,1978,3415.34,4524.44,0.06,2433.53,normal,688.0,0.59,466.93,0.0,2,452.12,64,0,359.4,2941.18,Salary,1223.86,Groceries,Negative,71.0,High,378.16,0,-1109.0999999999995,132.47407285951033,13.671552466225908
2022-09-12,1467,5880.03,3365.9100000000003,0.06,3058.81,recession,632.0,0.54,705.83,730.27,6,876.43,22,0,126.65,1786.58,Salary,1452.68,Dining Out,Positive,47.2,High,2184.45,0,2514.1199999999994,57.2430752904322,12.003850320491564
2022-10-12,1563,4973.72,4268.24,0.31,2820.11,recession,649.0,0.12,561.6,447.26,2,2082.93,94,0,372.59,2231.07,Salary,1664.58,Transportation,Positive,62.5,Low,1321.23,0,705.4800000000005,85.81584809760098,11.291347321521918
2022-11-11,1287,4669.17,4065.7799999999997,0.27,3174.65,normal,749.0,0.21,893.09,167.75,3,2204.29,64,0,647.33,1799.14,Salary,1619.31,Education,Positive,90.5,Medium,2352.68,0,603.3900000000003,87.07714647357024,19.12738238273612
2022-12-11,1446,4815.01,5879.59,0.29,2452.99,normal,662.0,0.59,521.33,256.37,1,1340.96,75,0,594.44,3402.08,Salary,1883.07,Education,Positive,81.8,Medium,2837.85,1,-1064.58,122.10961140267622,10.827184159534456
2023-01-10,1228,2486.2,4084.62,0.11,2960.54,recession,634.0,0.53,575.75,339.05,1,692.32,53,0,501.54,3283.08,Salary,300.0,Healthcare,Negative,25.1,High,1005.21,0,-1598.42,164.29169012951493,23.15783122838066
2023-02-09,1768,2639.7,3359.04,0.25,3016.33,inflation,724.0,0.18,368.42,671.49,7,310.81,61,0,235.87,1821.95,Salary,1301.22,Utilities,Neutral,16.2,Low,1522.91,0,-719.3400000000001,127.25082395726788,13.956889040421261
2023-03-11,1113,4309.59,3730.65,0.36,2164.24,recession,738.0,0.12,538.7,1069.28,3,1312.39,58,0,811.17,2009.16,Salary,910.32,Dining Out,Positive,29.5,Medium,1271.9,0,578.94,86.56623947985771,12.50002900507937
2023-04-10,1898,3862.56,3477.2100000000005,0.19,2767.31,recession,743.0,0.29,748.61,188.1,8,1431.61,58,0,419.61,2240.51,Salary,817.09,Healthcare,Positive,65.8,Low,1754.75,0,385.34999999999945,90.02345594631541,19.38118760614722
2023-05-10,1580,3545.01,4679.8,0.11,3257.97,recession,647.0,0.31,741.27,389.36,3,988.32,47,0,497.97,2406.41,Salary,1775.42,Dining Out,Positive,73.2,Low,551.22,0,-1134.79,132.01091111167528,20.91023720666514
2023-06-09,1956,4961.34,3902.7999999999993,0.19,2142.29,recession,634.0,0.28,402.84,465.62,4,1400.45,27,0,480.03,2206.97,Freelance,1215.8,Dining Out,Negative,37.4,Low,454.66,0,1058.5400000000009,78.66423184059144,8.119580597177373
2023-07-09,1963,4536.02,2964.7,0.22,3440.09,normal,739.0,0.58,419.33,0.0,8,1167.48,28,0,742.77,1663.02,Freelance,558.91,Transportation,Positive,21.2,High,1297.32,0,1571.3200000000006,65.35905926340712,9.244447775803456
2023-08-08,1018,5457.51,4397.38,0.39,2594.66,normal,713.0,0.39,806.09,567.96,8,1658.62,42,0,744.37,2540.16,Salary,1112.85,Education,Neutral,71.9,Low,2666.15,1,1060.13,80.57484090730021,14.770289014587238
2023-09-07,1976,5088.75,2434.83,0.36,3361.34,recession,775.0,0.38,774.5,230.54,5,888.66,69,0,304.36,1610.54,Freelance,519.93,Investments,Positive,57.5,Medium,1886.65,0,2653.92,47.84731024318349,15.219847703267012
2023-10-07,1137,3688.64,4227.88,0.18,2847.23,normal,664.0,0.52,207.58,192.45,9,1857.33,62,0,542.26,2242.48,Salary,1443.14,Entertainment,Positive,76.8,Low,1295.15,0,-539.2400000000002,114.61893814522426,5.627548364708945
2023-11-06,1970,4707.74,3889.17,0.19,3333.43,inflation,689.0,0.12,491.14,408.65,7,643.49,31,0,416.49,1849.32,Salary,1623.36,Investments,Negative,64.0,High,1072.95,0,818.5699999999997,82.61225131379388,10.432606728493928
2019-01-01,1123,4839.78,4970.599999999999,0.11,2300.54,normal,748.0,0.36,558.02,346.12,5,1544.24,82,0,437.86,3222.2,Freelance,1310.54,Groceries,Negative,52.8,Low,2482.18,1,-130.8199999999997,102.70301542632103,11.529862927653737
2019-01-31,1378,4933.33,4281.27,0.39,3231.95,recession,670.0,0.48,807.72,839.83,7,1130.81,28,0,563.66,2140.53,Salary,1577.08,Entertainment,Neutral,38.8,Low,2810.4,0,652.0599999999995,86.78255863686395,16.37271376534714
2019-03-02,1735,2775.55,3072.02,0.1,2729.68,inflation,663.0,0.17,535.74,99.33,2,936.81,92,0,337.31,1639.82,Freelance,1094.89,Education,Negative,3.9,Medium,189.72,0,-296.4699999999998,110.68148655221486,19.302120300480986
2019-04-01,1459,4455.87,4120.04,0.1,3275.45,inflation,588.0,0.36,505.41,871.72,8,1527.49,83,0,503.47,3060.8,Salary,555.77,Groceries,Positive,4.3,Medium,2001.78,0,335.8299999999999,92.46320022801383,11.342566098203045
2019-05-01,1473,2864.05,3575.05,0.2,2724.79,inflation,690.0,0.18,298.47,370.96,6,537.48,71,0,576.75,1790.0,Salary,1208.3,Healthcare,Neutral,0.3,Low,0.0,0,-711.0,124.82498559731847,10.421256612140152
2019-05-31,1966,3675.2,2872.7000000000003,0.28,2238.55,normal,679.0,0.15,776.27,234.98,8,719.25,41,0,492.36,1000.0,Freelance,1380.34,Groceries,Positive,30.9,Medium,0.0,0,802.4999999999995,78.16445363517633,21.121843709185896
2019-06-30,1058,3176.93,3824.0899999999997,0.34,3543.42,normal,667.0,0.42,423.17,347.0,8,1198.27,56,0,222.93,2993.9,Salary,607.26,Utilities,Positive,4.8,Low,0.0,0,-647.1599999999999,120.3706093618682,13.320092038540354
2019-07-30,1557,3936.88,3462.0300000000007,0.33,3730.15,normal,663.0,0.2,684.24,281.66,8,1225.92,64,0,444.3,2272.53,Salary,745.2,Insurance,Positive,36.5,Low,1328.34,0,474.84999999999945,87.93841823982444,17.380260510861394
2019-08-29,1629,2928.28,4890.6,0.4,2314.53,recession,651.0,0.48,555.7,244.24,7,1992.36,90,0,517.99,2878.17,Freelance,1494.44,Utilities,Negative,22.6,Low,1495.0,0,-1962.3200000000002,167.01271736309369,18.977010395180788
2019-09-28,1876,3515.59,3289.8599999999997,0.16,2901.02,recession,638.0,0.51,246.31,531.52,5,332.72,53,0,704.24,1243.48,Salary,1342.14,Rent,Neutral,66.4,High,844.64,0,225.73000000000047,93.57917163264202,7.006220861932136
2019-10-28,1601,3895.96,2847.67,0.33,3528.81,normal,656.0,0.19,813.92,1097.19,1,515.48,53,0,88.56,1512.23,Salary,1246.88,Dining Out,Positive,97.0,Medium,1411.88,0,1048.29,73.09289623096747,20.891384921816446
2019-11-27,1784,2669.1,5419.58,0.07,3185.65,recession,752.0,0.35,543.29,266.77,1,566.61,86,0,398.49,3643.11,Mixed,1377.98,Utilities,Positive,87.9,Medium,0.0,0,-2750.48,203.04896781686713,20.354801243864973
2019-12-27,1001,5343.85,4959.889999999999,0.13,2101.12,normal,687.0,0.27,692.51,35.82,3,168.87,69,0,193.65,3263.26,Salary,1502.98,Rent,Positive,49.2,Medium,1261.69,0,383.96000000000095,92.81491808340428,12.959008954218397
2020-01-26,1861,4665.72,3975.26,0.18,2936.08,recession,657.0,0.41,294.92,356.98,5,892.44,25,0,249.23,2779.61,Salary,946.42,Healthcare,Neutral,32.5,Low,991.75,0,690.46,85.20142657510523,6.320996545013418
2020-02-25,1680,3653.03,4703.02,0.33,2758.25,normal,700.0,0.22,680.51,167.83,1,889.93,33,0,334.1,2855.32,Salary,1513.6,Investments,Negative,90.8,Low,1111.01,0,-1049.9900000000002,128.74298869705422,18.62864526160475
2020-03-26,1517,3896.29,4525.75,0.16,3071.32,inflation,712.0,0.59,441.12,331.99,2,1607.56,84,0,252.45,2620.87,Mixed,1652.43,Education,Negative,0.9,High,1823.61,0,-629.46,116.15536831190695,11.321539207810508
2020-04-25,1179,4658.8,3621.67,0.35,2656.31,normal,729.0,0.15,393.83,462.86,7,1470.17,54,0,761.01,1903.22,Salary,957.44,Groceries,Negative,42.7,Low,1114.25,0,1037.13,77.73825877908475,8.453464411436421
2020-05-25,1602,4255.36,3145.4300000000003,0.08,4030.24,normal,664.0,0.12,416.59,508.87,7,1523.37,27,0,391.51,1397.49,Salary,1356.43,Rent,Positive,2.5,High,1718.7,0,1109.9299999999994,73.9168953978042,9.789771018198227
2020-06-24,1406,3591.17,4195.49,0.06,3746.12,inflation,791.0,0.19,604.19,520.39,7,1598.53,57,0,568.83,3120.7,Salary,505.96,Entertainment,Positive,25.0,Low,184.09,0,-604.3199999999997,116.82794186852752,16.82432187838504
2020-07-24,1702,4292.35,4586.29,0.38,3077.51,normal,601.0,0.12,422.51,104.94,5,1319.1,23,0,632.6,2885.59,Mixed,1068.1,Education,Negative,89.2,Low,831.04,0,-293.9399999999996,106.84799701795053,9.84332591703845
2020-08-23,1530,3287.25,3976.66,0.19,3031.49,inflation,646.0,0.27,359.77,473.27,8,1771.83,80,0,553.74,2543.09,Salary,879.83,Rent,Neutral,4.6,Low,355.99,0,-689.4099999999999,120.9722412350749,10.944406418739067
2020-09-22,1836,4199.02,3170.9600000000005,0.21,2149.25,inflation,701.0,0.52,660.4,729.19,5,1306.1,28,0,292.34,2327.78,Salary,550.84,Investments,Neutral,55.8,Medium,863.42,0,1028.06,75.51666817495511,15.727479268972283
2020-10-22,1960,2643.07,3274.99,0.4,2962.75,normal,709.0,0.38,392.63,470.28,1,905.75,40,0,686.78,2038.14,Mixed,550.07,Groceries,Positive,23.7,Low,0.0,0,-631.9199999999996,123.9085608780698,14.855073834593863
2020-11-21,1880,4735.23,4625.969999999999,0.05,3610.3,recession,708.0,0.51,479.23,277.21,8,768.0,67,0,276.9,2539.61,Salary,1809.46,Groceries,Neutral,52.5,Low,1647.15,0,109.26000000000022,97.69261471987633,10.12052212880895
2020-12-21,1683,2918.33,4151.01,0.37,3742.07,normal,706.0,0.6,472.51,712.55,5,805.27,55,0,427.28,2772.46,Freelance,951.27,Healthcare,Positive,10.3,Low,63.54,0,-1232.6800000000003,142.23922585862462,16.191109298811305
2021-01-20,1810,4027.77,3533.94,0.09,2733.82,inflation,626.0,0.58,473.35,405.16,3,556.47,88,0,79.75,2465.07,Salary,989.12,Rent,Positive,89.5,High,1174.55,0,493.8299999999999,87.73936942774786,11.752160624861897
2021-02-19,1181,2199.91,4187.49,0.23,2522.49,normal,654.0,0.38,565.13,698.2,3,159.4,55,0,561.79,2309.29,Salary,1316.41,Education,Positive,74.7,High,0.0,0,-1987.58,190.34824151897124,25.688778177289073
2021-03-21,1526,2591.91,4151.91,0.32,3023.08,normal,693.0,0.17,548.18,113.71,5,1199.04,72,0,250.61,2355.85,Salary,1545.45,Insurance,Positive,69.1,High,0.0,0,-1560.0,160.1872750211234,21.14965411607656
2021-04-20,1372,3427.36,5115.620000000001,0.39,3041.6,inflation,587.0,0.58,491.47,315.95,6,998.34,70,0,551.35,2810.04,Salary,1754.23,Dining Out,Positive,52.7,High,867.89,0,-1688.2600000000007,149.25832127351666,14.339608328275991
2021-05-20,1999,4511.83,4019.5400000000004,0.3,2771.39,normal,626.0,0.17,545.89,320.97,1,1196.3,71,0,742.36,2255.28,Mixed,1021.9,Transportation,Positive,71.2,High,1278.11,0,492.2899999999995,89.08890627528078,12.099081747317607
2021-06-19,1973,4059.17,4478.490000000001,0.11,1768.89,inflation,679.0,0.54,549.87,466.15,5,1466.67,80,0,649.22,2569.53,Mixed,1259.74,Investments,Positive,71.6,Medium,977.18,0,-419.3200000000006,110.33019065473977,13.546365389968884
2021-07-19,1229,6828.27,4597.09,0.05,2530.07,normal,670.0,0.47,287.18,350.54,1,1347.13,88,0,557.16,2678.26,Salary,1361.67,Healthcare,Positive,10.5,High,4200.45,1,2231.1800000000003,67.32437352360114,4.2057505048863035
2021-08-18,1032,2835.01,4323.8099999999995,0.16,4201.34,normal,638.0,0.49,344.08,241.01,3,1216.4,71,0,366.24,2420.12,Salary,1537.45,Healthcare,Positive,17.4,Medium,0.0,0,-1488.7999999999993,152.5148059442471,12.136817859548994
2021-09-17,1134,3484.11,3570.3399999999997,0.21,3149.1,inflation,684.0,0.15,429.55,215.99,5,1163.28,62,0,576.61,2057.99,Freelance,935.74,Groceries,Negative,16.3,Low,524.26,0,-86.22999999999956,102.47495056126242,12.328830031198786
2021-10-17,1421,4746.63,4503.74,0.29,2177.49,normal,719.0,0.2,483.5,410.04,4,1692.67,95,0,606.81,2967.46,Mixed,929.47,Healthcare,Positive,66.0,Low,2752.07,1,242.89000000000033,94.88289586506636,10.186174190952316
2021-11-16,1649,4238.21,3073.65,0.37,3308.94,inflation,651.0,0.16,340.11,299.4,2,1684.38,39,0,210.47,1464.78,Salary,1398.4,Education,Neutral,56.5,High,2267.3,0,1164.56,72.52236203491569,8.024850113609283
2021-12-16,1249,4723.75,3649.9100000000003,0.28,3030.22,inflation,642.0,0.12,644.01,351.54,2,1120.7,83,0,176.11,2139.42,Salary,1334.38,Healthcare,Positive,18.7,Medium,2020.09,0,1073.8399999999997,77.26721354855782,13.633448002116962
2022-01-15,1909,4213.27,4576.4400000000005,0.21,2661.85,normal,806.0,0.44,514.12,105.22,3,860.85,38,0,733.79,2474.3,Salary,1368.35,Rent,Positive,92.5,Low,1416.14,0,-363.1700000000001,108.6196707070755,12.202398612004451
2022-02-14,1297,5808.8,3231.1800000000003,0.15,2588.56,normal,695.0,0.25,309.47,848.44,8,1320.74,96,0,668.22,1264.37,Mixed,1298.59,Transportation,Neutral,78.4,Low,2867.22,1,2577.62,55.62560253408621,5.327606390304366
2022-03-16,1362,2050.84,3529.1800000000003,0.1,2577.3,normal,713.0,0.57,571.59,773.22,8,1154.55,58,0,601.34,1464.26,Freelance,1463.58,Transportation,Neutral,33.7,Low,0.0,0,-1478.3400000000001,172.0846092332898,27.871018704530826
2022-04-15,1426,2018.66,5058.07,0.12,2906.5,normal,785.0,0.22,496.1,466.62,7,1093.09,60,0,536.28,2902.44,Salary,1619.35,Investments,Positive,57.5,Medium,0.0,0,-3039.41,250.56572181546173,24.575708638403693
2022-05-15,1554,4775.72,3786.6,0.34,2430.8,normal,640.0,0.49,485.71,806.94,2,887.34,55,0,709.98,2417.33,Salary,659.29,Transportation,Positive,83.3,Low,2624.77,1,989.1200000000003,79.28856800649953,10.17040362500314
2022-06-14,1944,2356.49,4424.92,0.24,1823.12,recession,677.0,0.52,480.75,564.09,7,989.68,79,0,822.23,2078.36,Salary,1524.33,Education,Neutral,39.3,High,0.0,0,-2068.4300000000003,187.77588701840452,20.40110503333348
2022-07-14,1284,2833.68,4914.26,0.06,2883.34,inflation,648.0,0.43,573.89,201.44,7,1529.41,22,0,488.99,2912.98,Mixed,1512.29,Investments,Negative,56.8,Medium,0.0,0,-2080.5800000000004,173.42325174331611,20.25246322802857
2022-08-13,1350,5685.03,4869.7,0.22,2889.77,normal,772.0,0.55,651.5,377.81,2,833.04,54,0,787.0,2444.94,Salary,1637.76,Rent,Positive,44.9,Low,3879.59,1,815.3299999999999,85.65829907669793,11.4599219353284
2022-09-12,1726,5058.25,2558.15,0.17,2381.75,recession,612.0,0.15,504.12,466.06,7,1395.15,24,0,145.29,1473.88,Freelance,938.98,Investments,Positive,6.1,High,3408.25,1,2500.1,50.573815054613746,9.96629269015964
2022-10-12,1733,4598.99,3911.9900000000002,0.34,2286.21,inflation,662.0,0.25,834.16,503.72,3,858.3,40,0,507.65,2302.62,Salary,1101.72,Groceries,Neutral,58.7,Low,13.44,0,686.9999999999995,85.06193751236685,18.13789549444552
2022-11-11,1014,5567.2,3917.29,0.34,2593.4,recession,614.0,0.23,571.05,317.69,2,1628.62,27,0,612.05,1646.79,Salary,1658.45,Utilities,Negative,72.7,Low,1911.41,0,1649.9099999999999,70.36373760597787,10.257400488575945
2022-12-11,1912,3316.71,3865.84,0.34,3329.33,recession,631.0,0.57,712.89,631.7,4,1392.2,69,0,444.09,2139.53,Salary,1282.22,Dining Out,Neutral,41.3,Low,246.66,0,-549.1300000000001,116.55646710143486,21.493890029577503
2023-01-10,1572,3404.43,4267.92,0.12,3031.91,normal,634.0,0.33,199.86,669.09,9,2142.45,67,0,877.83,2253.44,Salary,1136.65,Utilities,Positive,53.0,Medium,293.1,0,-863.4900000000002,125.36371727425737,5.87058626554225
2023-02-09,1388,5959.45,3368.5600000000004,0.25,3656.96,inflation,628.0,0.45,496.4,126.85,6,1194.73,51,0,684.76,1717.86,Freelance,965.94,Rent,Neutral,42.0,Medium,3077.56,0,2590.8899999999994,56.52467929087417,8.32962773410298
2023-03-11,1353,6076.12,3648.54,0.31,2970.84,normal,732.0,0.22,498.1,300.9,3,1275.15,82,0,392.15,2101.56,Salary,1154.83,Utilities,Neutral,13.0,Low,2196.64,0,2427.58,60.04720117443368,8.197665615557296
2023-04-10,1678,3889.62,3682.35,0.3,2380.65,inflation,699.0,0.57,107.93,899.68,1,1287.58,32,0,583.29,1535.22,Salary,1563.84,Education,Positive,2.0,Medium,1163.5,0,207.26999999999998,94.67120181405896,2.7748211907589946
2023-05-10,1098,3652.61,2953.46,0.19,2367.43,normal,698.0,0.47,418.9,395.38,3,471.62,74,0,504.77,2014.31,Salary,434.38,Insurance,Positive,76.8,Medium,0.0,0,699.1500000000001,80.85889268221902,11.468511557489029
2023-06-09,1860,4325.35,3379.96,0.34,3236.06,normal,628.0,0.18,547.05,845.94,6,747.19,29,0,359.72,1471.13,Salary,1549.11,Groceries,Positive,75.2,Low,813.76,0,945.3900000000003,78.14304044759382,12.647531413642824
2023-07-09,1015,4943.74,3532.2799999999997,0.24,2492.64,normal,697.0,0.36,360.77,515.63,9,922.69,56,0,376.04,2128.69,Salary,1027.55,Rent,Positive,41.7,High,2241.0,0,1411.46,71.44955034043052,7.297511600529154
2023-08-08,1532,3916.11,3759.4700000000003,0.15,3150.33,normal,693.0,0.34,465.08,428.08,3,1225.37,41,0,345.46,1660.54,Salary,1753.47,Groceries,Negative,29.9,Medium,1990.59,0,156.63999999999987,96.00011235639448,11.876070896884919
2023-09-07,1412,4883.93,4029.4399999999996,0.34,2736.36,inflation,618.0,0.25,476.69,270.14,3,766.57,90,0,74.97,2341.91,Salary,1612.56,Insurance,Negative,36.5,High,1773.7,0,854.4900000000007,82.50404899333118,9.760377400986501
2023-10-07,1764,3548.34,4569.3099999999995,0.32,2499.1,recession,646.0,0.42,335.91,83.15,2,1344.89,36,0,561.44,3068.61,Salary,939.26,Insurance,Neutral,90.2,Medium,1209.42,0,-1020.9699999999993,128.77317280756634,9.46668019411894
2023-11-06,1246,5105.78,2935.82,0.27,2546.52,inflation,669.0,0.33,365.65,450.53,6,951.81,33,0,279.31,1543.7,Salary,1112.81,Dining Out,Neutral,20.2,Low,792.86,0,2169.9599999999996,57.49993145023875,7.161491486119652
2019-01-01,1979,3546.93,3154.65,0.36,3219.1,inflation,736.0,0.3,761.05,330.43,2,1736.01,33,0,862.19,1095.06,Salary,1197.4,Utilities,Negative,17.3,Medium,981.54,0,392.27999999999975,88.94029484652926,21.456583580730378
2019-01-31,1793,4808.93,3432.66,0.25,3415.1,normal,693.0,0.24,870.05,0.0,3,954.88,96,0,589.77,1605.36,Salary,1237.53,Healthcare,Neutral,45.4,High,273.76,0,1376.2700000000004,71.38095168779749,18.09238229710143
2019-03-02,1078,3924.66,4921.22,0.12,3243.02,normal,661.0,0.12,409.49,498.13,9,802.58,69,0,714.13,2134.82,Salary,2072.27,Dining Out,Neutral,99.4,High,0.0,0,-996.5600000000004,125.39226327885729,10.433770059062441
2019-04-01,1047,3259.18,3864.09,0.2,2026.98,normal,598.0,0.56,238.7,486.78,6,821.12,82,0,268.78,2390.31,Salary,1205.0,Groceries,Negative,35.6,Low,0.0,0,-604.9100000000003,118.56018998643832,7.323928104615271
2019-05-01,1950,4734.64,2912.84,0.34,2879.99,normal,600.0,0.39,289.86,229.96,5,1122.33,86,0,304.5,1790.37,Salary,817.97,Education,Neutral,13.9,High,3070.22,1,1821.8000000000002,61.52188973184867,6.122112768869439
2019-05-31,1687,5172.46,4404.46,0.06,3207.88,normal,678.0,0.42,550.08,377.11,2,1326.76,92,0,689.88,3244.39,Salary,470.19,Dining Out,Positive,4.6,High,2739.82,0,768.0,85.15213264094841,10.634784995920704
2019-06-30,1525,4451.08,5126.84,0.18,1814.85,inflation,696.0,0.38,904.33,375.81,2,802.74,78,0,707.39,2967.87,Mixed,1451.58,Education,Negative,62.0,Low,1993.54,1,-675.7600000000002,115.1819333734734,20.317091582267675
2019-07-30,1925,3140.71,3282.58,0.19,3237.09,normal,768.0,0.19,886.73,852.72,1,477.09,66,0,528.91,1697.51,Salary,1056.16,Groceries,Positive,65.1,High,1613.29,0,-141.8699999999999,104.51713147664063,28.233424926210954
2019-08-29,1770,5401.29,4549.34,0.38,2057.15,normal,662.0,0.52,422.71,828.41,3,603.31,92,0,608.78,2964.37,Freelance,976.19,Dining Out,Positive,56.1,Low,1733.77,0,851.9499999999998,84.22691616262041,7.826093396207202
2019-09-28,1799,3695.13,4378.3,0.37,3777.31,inflation,692.0,0.47,543.62,202.39,1,83.95,85,0,358.11,3034.33,Salary,985.86,Education,Positive,53.5,Low,1823.7,0,-683.1700000000001,118.48838877116637,14.711796337341312
2019-10-28,1653,2040.71,3435.04,0.37,2884.88,inflation,699.0,0.37,822.25,466.89,3,1794.91,78,0,672.48,1746.63,Freelance,1015.93,Dining Out,Positive,71.8,Low,0.0,0,-1394.33,168.32572977052104,40.29234923139495
2019-11-27,1962,4620.6,3704.8699999999994,0.27,2889.83,normal,682.0,0.48,621.87,383.99,3,1502.47,47,0,442.1,2202.72,Salary,1060.05,Transportation,Positive,74.5,Low,276.05,0,915.7300000000009,80.1815781500238,13.45864173483963
2019-12-27,1679,3413.85,3581.12,0.21,2516.75,normal,597.0,0.49,226.37,380.06,5,1683.19,64,0,206.73,1963.1,Salary,1411.29,Healthcare,Positive,22.5,Low,0.0,0,-167.26999999999998,104.89974662038462,6.630929888542261
2020-01-26,1633,3751.34,5260.330000000001,0.26,3496.77,normal,658.0,0.57,674.61,396.18,6,1288.18,51,0,342.06,2869.83,Salary,2048.44,Transportation,Neutral,19.8,High,557.78,0,-1508.9900000000007,140.22535947154887,17.983174012486206
2020-02-25,1959,4177.19,4090.2,0.15,3126.04,normal,634.0,0.2,127.77,483.9,5,867.48,42,0,748.91,2386.7,Freelance,954.59,Dining Out,Positive,0.1,High,265.83,0,86.98999999999978,97.91749956310343,3.058754808854757
2020-03-26,1378,5380.6,3631.0299999999997,0.29,3234.64,recession,698.0,0.16,720.03,541.13,1,80.85,51,0,584.92,1884.09,Salary,1162.02,Healthcare,Positive,61.4,High,2425.42,0,1749.5700000000006,67.48373787309964,13.38196483663532
2020-04-25,1464,5234.63,3008.61,0.08,2292.47,normal,715.0,0.39,272.94,286.17,6,975.31,35,0,423.58,2285.03,Salary,300.0,Utilities,Negative,77.3,High,2624.2,1,2226.02,57.47512240597712,5.2141221060514304
2020-05-25,1685,4897.55,3765.05,0.2,2293.4,normal,612.0,0.16,619.21,456.93,7,1121.58,75,0,573.15,1888.39,Salary,1303.51,Rent,Negative,75.9,Low,2047.39,0,1132.5,76.87619319864014,12.643260405713061
2020-06-24,1427,3768.81,3885.88,0.09,2956.19,normal,623.0,0.55,556.73,285.7,1,839.22,74,0,417.54,2164.27,Freelance,1304.07,Utilities,Positive,22.9,Medium,816.55,0,-117.07000000000016,103.10628553840601,14.772036796760782
2020-07-24,1915,5199.63,4220.68,0.17,2862.02,inflation,622.0,0.3,545.97,0.0,2,1503.33,57,0,561.73,3291.13,Salary,367.82,Transportation,Neutral,8.5,Low,965.07,0,978.9499999999998,81.17269882664728,10.500170204418392
2020-08-23,1210,2984.02,5585.3,0.35,3415.25,normal,682.0,0.3,368.01,897.58,5,334.28,86,0,390.63,3153.16,Freelance,2041.51,Education,Positive,12.2,Low,618.92,0,-2601.28,187.17367846060014,12.332692140133108
2020-09-22,1555,3334.71,3043.95,0.14,3136.32,normal,704.0,0.4,509.32,259.76,2,1736.47,80,0,509.19,2213.47,Freelance,321.29,Dining Out,Negative,69.8,Low,64.92,0,290.7600000000002,91.28080102917494,15.273292130350166
2020-10-22,1231,4357.52,2996.3100000000004,0.28,2541.87,inflation,626.0,0.23,547.29,492.06,7,1179.4,42,0,578.55,1296.92,Salary,1120.84,Investments,Positive,35.3,Low,813.66,0,1361.21,68.76181864913988,12.559666966531418
2020-11-21,1619,5002.18,3866.9,0.22,3391.53,normal,707.0,0.29,756.58,410.2,3,794.59,94,0,490.68,1868.48,Salary,1507.74,Transportation,Neutral,98.7,Low,1392.9,0,1135.2800000000002,77.30429532723733,15.125005497603045
2020-12-21,1086,4365.03,3419.51,0.29,2470.25,normal,666.0,0.16,463.51,310.59,5,670.92,35,0,516.07,1996.8,Mixed,906.64,Rent,Positive,15.0,Low,1640.52,0,945.5199999999995,78.33875139460669,10.618712815261294
2021-01-20,1589,4640.5,3845.1,0.27,3859.5,normal,691.0,0.45,441.17,267.39,6,0.0,72,0,367.52,1815.42,Salary,1662.16,Groceries,Negative,76.3,High,2112.05,0,795.4000000000001,82.85960564594332,9.50694968214632
2021-02-19,1391,4663.1,3549.8599999999997,0.14,3458.59,normal,686.0,0.42,452.01,844.07,9,1073.05,50,0,319.64,1883.1,Mixed,1347.12,Dining Out,Negative,52.3,Low,3865.99,1,1113.2400000000007,76.12661105273315,9.693337050459993
2021-03-21,1782,3329.59,4947.61,0.16,3195.72,inflation,765.0,0.44,835.01,210.45,5,660.95,76,0,585.97,3205.43,Salary,1156.21,Healthcare,Positive,19.4,High,0.0,0,-1618.0199999999995,148.59517237858114,25.07846311407711
2021-04-20,1612,4775.53,2860.45,0.28,2831.12,normal,626.0,0.56,555.02,371.65,5,1588.77,36,0,814.6,1176.76,Salary,869.09,Investments,Positive,73.7,High,2140.73,0,1915.08,59.89806367041983,11.62216549786097
2021-05-20,1402,4191.84,3079.59,0.31,2389.45,normal,620.0,0.48,541.7,151.97,8,1406.53,74,0,333.91,1731.74,Salary,1013.94,Insurance,Neutral,37.4,Low,572.65,0,1112.25,73.46630596587657,12.922726058246498
2021-06-19,1682,2873.54,2947.34,0.21,2855.29,normal,742.0,0.12,509.66,959.28,4,1539.59,84,0,255.54,1943.02,Salary,748.78,Insurance,Positive,23.8,High,124.46,0,-73.80000000000018,102.56826075154689,17.73631130939538
2021-07-19,1198,4213.74,6071.98,0.14,3145.14,normal,692.0,0.37,703.99,296.75,6,430.17,66,0,625.52,3909.92,Salary,1536.54,Dining Out,Positive,83.5,Low,845.97,0,-1858.2399999999998,144.09954102531242,16.70701087395046
2021-08-18,1574,4579.54,3808.7699999999995,0.3,3373.76,recession,691.0,0.3,831.01,244.38,3,1549.16,46,0,435.2,2027.21,Salary,1346.36,Groceries,Positive,86.9,Low,1032.54,0,770.7700000000004,83.16927027605392,18.146145682754163
2021-09-17,1182,2742.34,3946.3,0.17,4121.1,normal,742.0,0.55,398.72,698.74,5,1623.95,77,0,196.09,1701.61,Salary,2048.6,Education,Neutral,35.0,Medium,0.0,0,-1203.96,143.90265247926953,14.539407950874072
2021-10-17,1541,4693.72,3732.2900000000004,0.09,2088.79,normal,640.0,0.27,434.86,68.16,4,762.47,65,0,960.73,2233.07,Freelance,538.49,Transportation,Positive,29.1,High,1420.15,0,961.4299999999998,79.51667334225306,9.264719667981899
2021-11-16,1167,5110.47,5591.09,0.18,3426.76,normal,662.0,0.15,311.81,293.22,6,1620.64,37,0,688.69,2511.06,Salary,2391.34,Transportation,Positive,94.1,Medium,2431.83,0,-480.6199999999999,109.40461444837754,6.101395762033629
2021-12-16,1710,3582.41,5141.3,0.38,3300.92,recession,651.0,0.4,589.92,190.7,8,1502.46,37,0,465.46,3167.05,Mixed,1508.79,Healthcare,Positive,56.3,Low,2224.07,0,-1558.8900000000003,143.51511970991595,16.46712687827468
2022-01-15,1109,4400.85,4200.57,0.25,3370.48,normal,713.0,0.18,360.82,469.26,8,780.02,21,0,185.1,2866.2,Freelance,1149.27,Groceries,Positive,31.1,High,0.0,0,200.28000000000065,95.44906097685673,8.198870672710953
2022-02-14,1538,5125.55,3918.77,0.2,2315.3,normal,755.0,0.38,289.45,0.0,2,1504.74,71,0,442.83,2374.19,Salary,1101.75,Utilities,Neutral,6.7,Medium,307.87,0,1206.7800000000002,76.45559988684141,5.6471988371979585
2022-03-16,1168,2909.27,5598.83,0.08,2575.31,normal,733.0,0.24,286.81,335.51,1,1286.96,69,0,573.28,3741.69,Mixed,1283.86,Healthcare,Negative,14.4,High,0.0,0,-2689.56,192.4479336740832,9.858486836904103
2022-04-15,1009,3590.68,4135.4400000000005,0.27,2152.56,normal,749.0,0.24,608.84,499.89,8,642.56,46,0,570.81,2325.49,Salary,1239.14,Investments,Positive,15.4,Medium,741.46,0,-544.7600000000007,115.17149954883199,16.956119732195575
2022-05-15,1444,4332.24,3331.32,0.29,2623.59,normal,644.0,0.46,483.52,778.61,2,1272.99,93,0,536.34,2494.98,Salary,300.0,Education,Positive,64.7,Low,1552.09,0,1000.9199999999996,76.89601684117224,11.160969844699279
2022-06-14,1383,2897.67,3753.4400000000005,0.09,2609.06,recession,613.0,0.51,642.57,243.65,4,1913.96,33,0,403.51,1901.48,Salary,1448.45,Groceries,Positive,39.0,Low,406.45,0,-855.7700000000004,129.5330386137828,22.175402996200397
2022-07-14,1103,3335.38,3742.3999999999996,0.32,3538.52,inflation,744.0,0.27,538.72,663.61,2,772.17,75,0,440.12,1681.17,Salary,1621.11,Dining Out,Negative,83.7,Medium,891.74,0,-407.0199999999995,112.20310729212261,16.151682866719835
2022-08-13,1202,3294.03,4376.34,0.27,2572.96,normal,634.0,0.13,122.44,340.74,5,1391.67,50,0,424.34,2605.72,Salary,1346.28,Healthcare,Neutral,1.6,High,0.0,0,-1082.31,132.85671350898443,3.717027470909494
2022-09-12,1153,4839.76,3055.7000000000003,0.23,3283.88,inflation,657.0,0.22,443.67,614.24,2,604.23,28,0,900.06,1070.96,Salary,1084.68,Insurance,Positive,3.7,Low,2322.88,0,1784.06,63.13742830222987,9.167190108600426
2022-10-12,1101,4910.43,2363.69,0.23,2669.79,normal,703.0,0.53,358.36,376.48,2,508.14,93,0,384.72,1467.39,Mixed,511.58,Healthcare,Negative,80.2,Medium,1302.67,0,2546.7400000000002,48.136110279547815,7.2979352113766005
2022-11-11,1516,4185.69,4756.04,0.31,2665.39,inflation,636.0,0.3,791.34,389.57,4,959.75,78,0,372.64,3316.95,Salary,1066.45,Rent,Neutral,4.8,Low,893.76,0,-570.3500000000004,113.62618827481252,18.905843481003135
2022-12-11,1227,3996.62,3567.38,0.25,3488.47,normal,702.0,0.16,601.1,370.59,9,726.06,58,0,293.25,2072.35,Mixed,1201.78,Groceries,Positive,53.1,Low,515.09,0,429.2399999999998,89.25992463631769,15.040208976585214
2023-01-10,1959,4965.45,3638.3399999999997,0.29,3643.43,inflation,743.0,0.22,424.54,632.01,3,1024.02,33,0,404.35,1720.8,Salary,1513.19,Education,Negative,7.2,Medium,2806.47,0,1327.1100000000001,73.2731172401293,8.549879668509401
2023-02-09,1428,3053.5,4840.09,0.29,3860.91,recession,675.0,0.13,865.53,938.03,2,966.04,98,0,69.57,3514.52,Salary,1256.0,Dining Out,Neutral,49.7,Low,0.0,0,-1786.5900000000001,158.50957917144262,28.345505158015392
2023-03-11,1266,4921.78,4846.21,0.12,2767.36,recession,684.0,0.39,510.84,204.06,6,519.09,99,0,352.17,2599.17,Salary,1894.87,Rent,Positive,27.6,Medium,2504.42,0,75.56999999999971,98.46457988776419,10.379171763061331
2023-04-10,1328,4645.98,4395.5199999999995,0.28,2995.61,normal,751.0,0.52,49.64,314.51,3,1305.97,55,0,523.78,2111.14,Salary,1760.6,Utilities,Positive,90.8,Low,1452.56,0,250.46000000000004,94.60910292338754,1.0684505744751378
2023-05-10,1025,3739.61,4839.8,0.27,3455.02,normal,707.0,0.51,631.62,215.01,3,1332.53,31,0,403.53,2792.54,Salary,1643.73,Dining Out,Positive,26.9,Low,2289.95,0,-1100.19,129.41991277165266,16.889996550442426
2023-06-09,1242,4842.62,3394.99,0.1,4274.44,normal,665.0,0.32,419.24,783.27,4,783.15,31,0,368.01,1750.69,Salary,1276.29,Transportation,Neutral,30.7,Low,1576.51,0,1447.63,70.10647129033457,8.657297082984003
2023-07-09,1482,4848.42,4435.67,0.35,4187.3,normal,660.0,0.19,209.79,818.79,6,973.52,85,0,606.61,2530.02,Salary,1299.04,Healthcare,Positive,71.2,Low,2598.43,0,412.75,91.48691738752007,4.326976623312337
2023-08-08,1396,4041.81,4102.44,0.22,2618.54,inflation,726.0,0.2,437.52,259.78,5,1103.0,57,0,937.03,1717.98,Mixed,1447.43,Rent,Positive,36.1,Medium,282.42,0,-60.629999999999654,101.50007051296323,10.82485322170018
2023-09-07,1990,1647.78,4556.0,0.13,3153.17,recession,667.0,0.29,435.35,948.11,5,481.43,43,0,925.28,2206.3,Salary,1424.42,Investments,Neutral,63.4,Low,0.0,0,-2908.2200000000003,276.4932211824394,26.420395926640694
2023-10-07,1171,5306.27,4919.799999999999,0.08,3383.34,normal,699.0,0.58,700.74,543.37,8,808.38,29,0,977.02,2531.66,Salary,1411.12,Entertainment,Positive,25.7,High,1609.38,0,386.47000000000116,92.71672945402324,13.205886620922042
2023-11-06,1329,5344.28,3770.7999999999997,0.15,3085.08,normal,633.0,0.42,491.61,494.4,1,1745.29,71,0,505.87,2400.02,Freelance,864.91,Insurance,Positive,13.0,Medium,2483.35,0,1573.48,70.55768036105893,9.198806948737717
2019-01-01,1830,4607.04,3324.84,0.32,3268.39,normal,726.0,0.34,626.08,504.93,1,234.64,23,0,669.5,1434.77,Salary,1220.57,Dining Out,Positive,59.7,High,2199.04,0,1282.1999999999998,72.16868097520317,13.58963672987428
2019-01-31,1949,2766.05,4075.26,0.4,2759.26,normal,646.0,0.29,423.82,312.63,7,1420.04,47,0,601.36,2113.19,Freelance,1360.71,Healthcare,Positive,84.4,Low,0.0,0,-1309.21,147.33139314184487,15.322210372191392
2019-03-02,1603,1109.22,3623.5499999999997,0.27,2530.93,recession,819.0,0.13,304.89,969.37,9,403.16,33,0,518.14,2066.86,Freelance,1038.55,Healthcare,Positive,71.6,High,0.0,0,-2514.33,326.6755017039,27.486882674311673
2019-04-01,1299,3033.43,3503.7400000000002,0.16,3004.84,inflation,682.0,0.37,695.7,148.08,3,912.48,28,0,390.15,2203.19,Salary,910.4,Education,Neutral,77.4,Low,0.0,0,-470.3100000000004,115.50423118384141,22.934433957599158
2019-05-01,1153,4882.49,3995.3599999999997,0.19,1383.52,normal,619.0,0.56,507.26,1226.36,3,651.69,83,0,541.66,1637.07,Salary,1816.63,Healthcare,Positive,91.0,High,1274.98,0,887.1300000000001,81.83037753277527,10.389370997175622
2019-05-31,1153,2418.33,4820.74,0.26,3282.14,recession,648.0,0.47,448.88,271.33,8,981.3,77,0,905.31,2731.44,Mixed,1183.99,Transportation,Negative,64.6,High,0.0,0,-2402.41,199.34169447511297,18.561569347442244
2019-06-30,1400,3681.75,3918.77,0.19,3213.16,normal,678.0,0.32,184.37,531.02,2,2319.0,91,0,632.4,2476.24,Mixed,810.13,Transportation,Positive,84.2,Low,7.26,0,-237.01999999999998,106.43769946357031,5.007672981598424
2019-07-30,1387,4298.25,2818.17,0.28,3467.47,normal,629.0,0.5,294.49,498.57,8,1768.46,90,0,468.41,1058.61,Salary,1291.15,Rent,Negative,41.1,Medium,95.69,0,1480.08,65.56552085150933,6.851393008782644
2019-08-29,1548,3536.27,3601.65,0.26,2996.39,normal,697.0,0.55,651.73,363.09,6,540.26,32,0,236.07,1881.39,Salary,1484.19,Rent,Positive,79.8,Medium,932.77,0,-65.38000000000011,101.84884072765936,18.42987102229185
2019-09-28,1521,4900.43,4738.27,0.07,2610.75,normal,710.0,0.33,404.32,318.27,6,357.73,94,0,702.48,3137.2,Salary,898.59,Insurance,Positive,42.2,Low,1071.0,0,162.15999999999985,96.69090263507488,8.250704530010632
2019-10-28,1444,4179.78,3062.3900000000003,0.34,3144.57,inflation,650.0,0.33,772.96,503.12,3,1086.71,57,0,581.49,1420.39,Freelance,1060.51,Healthcare,Positive,98.4,Low,2105.12,0,1117.3899999999994,73.26677480632952,18.492839336041612
2019-11-27,1383,3308.17,4687.570000000001,0.31,3065.33,recession,637.0,0.16,410.41,183.93,1,524.91,55,0,675.62,2092.01,Salary,1919.94,Investments,Negative,47.8,Medium,0.0,0,-1379.4000000000005,141.6967689084902,12.405952535691938
2019-12-27,1045,3655.81,3834.06,0.2,2990.21,normal,740.0,0.18,404.11,655.25,2,1089.33,32,0,427.1,2487.47,Mixed,919.49,Transportation,Negative,75.8,Medium,0.0,0,-178.25,104.8758004382066,11.053911445069629
2020-01-26,1533,4768.97,3332.88,0.36,2980.38,normal,664.0,0.25,107.69,489.18,9,1080.48,79,0,333.22,1456.47,Salary,1543.19,Insurance,Positive,78.2,Medium,978.38,0,1436.0900000000001,69.88678897120343,2.2581395982780346
2020-02-25,1814,3983.3,3198.49,0.19,2723.19,normal,670.0,0.49,99.55,914.84,2,802.59,55,0,638.14,1000.0,Salary,1560.35,Groceries,Positive,66.6,Low,1121.71,0,784.8100000000004,80.297492029222,2.499184093590741
2020-03-26,1874,4608.24,2581.1899999999996,0.06,2930.12,inflation,620.0,0.55,515.45,416.9,7,1164.02,48,0,51.5,1419.08,Salary,1110.61,Entertainment,Neutral,6.6,High,983.07,0,2027.0500000000002,56.01249066888877,11.185398329948095
2020-04-25,1947,4400.6,4525.8099999999995,0.05,2493.16,normal,728.0,0.31,743.62,406.5,5,747.85,73,0,535.63,2613.22,Salary,1376.96,Healthcare,Positive,10.9,High,2294.62,0,-125.20999999999913,102.84529382356948,16.89815025223833
2020-05-25,1595,4161.28,4020.6699999999996,0.34,2739.99,inflation,534.0,0.29,374.71,558.17,3,316.39,57,0,335.98,2826.47,Salary,858.22,Healthcare,Positive,60.2,Low,1835.33,0,140.61000000000013,96.6209916179637,9.004681251922486
2020-06-24,1951,4776.77,3369.49,0.28,2321.48,inflation,702.0,0.49,700.79,80.67,9,991.12,66,0,606.3,1000.0,Freelance,1763.19,Education,Neutral,45.5,Medium,1456.52,0,1407.2800000000007,70.53908812858897,14.670792188026635
2020-07-24,1448,2489.96,4411.0199999999995,0.1,3124.68,normal,684.0,0.23,275.86,337.93,2,162.64,93,0,249.32,2671.5,Salary,1490.2,Insurance,Positive,81.0,Medium,0.0,0,-1921.0599999999995,177.15224340953267,11.078892833619818
2020-08-23,1450,4847.53,4042.18,0.27,3475.64,normal,599.0,0.27,786.34,15.05,5,855.35,26,0,319.31,2766.37,Salary,956.5,Rent,Positive,29.8,Medium,2734.85,0,805.3499999999999,83.38638440607897,16.22145711321023
2020-09-22,1468,5307.88,4798.12,0.23,3232.05,normal,785.0,0.45,171.89,408.3,6,1042.7,21,0,575.53,2934.35,Freelance,1288.24,Healthcare,Positive,17.4,Medium,1728.09,0,509.7600000000002,90.3961657008071,3.2383927293005867
2020-10-22,1907,3318.71,2846.38,0.09,2790.08,recession,707.0,0.6,407.81,413.09,2,850.54,27,0,565.29,1521.31,Salary,759.78,Groceries,Negative,72.6,High,989.03,0,472.3299999999999,85.7676627364247,12.288208370119715
2020-11-21,1504,3884.53,4353.78,0.36,2926.77,recession,617.0,0.3,441.12,307.95,5,1867.36,62,0,411.34,2152.77,Freelance,1789.67,Dining Out,Positive,98.0,High,2351.04,0,-469.24999999999955,112.07996849039652,11.35581395947515
2020-12-21,1545,5962.96,3472.58,0.26,2885.02,inflation,734.0,0.24,774.16,0.0,5,630.68,83,0,846.79,1731.64,Salary,894.15,Education,Positive,71.8,High,3491.17,1,2490.38,58.23584260166091,12.982813904503804
2021-01-20,1953,4042.72,4030.56,0.32,2916.12,recession,708.0,0.15,579.36,440.4,4,710.16,84,0,511.6,2203.96,Salary,1315.0,Insurance,Neutral,74.6,Medium,557.64,0,12.159999999999854,99.69921241144576,14.330945502038233
2021-02-19,1707,4475.73,4551.509999999999,0.25,3709.59,normal,712.0,0.33,754.26,477.1,1,1177.57,99,0,677.15,2384.39,Salary,1489.97,Dining Out,Negative,16.9,High,763.13,0,-75.77999999999975,101.69313162322125,16.852222989322414
2021-03-21,1023,3412.32,4111.28,0.27,3278.37,recession,656.0,0.57,393.9,468.22,7,220.79,55,0,327.87,2762.58,Mixed,1020.83,Dining Out,Positive,73.0,High,0.0,0,-698.9599999999996,120.4834247667276,11.543466028977353
2021-04-20,1904,3303.22,5784.219999999999,0.1,2168.76,normal,663.0,0.13,363.79,20.9,1,152.38,58,0,504.4,3227.41,Salary,2052.41,Healthcare,Negative,37.7,Low,1421.44,0,-2480.9999999999995,175.10853046421371,11.01319318725365
2021-05-20,1222,2599.55,3884.83,0.33,3159.22,normal,661.0,0.54,711.83,613.68,6,1012.33,43,0,566.23,2455.42,Salary,863.18,Utilities,Positive,17.4,Low,0.0,0,-1285.2799999999997,149.44240349291223,27.382816256659808
2021-06-19,1220,4128.81,4462.33,0.25,3204.47,inflation,620.0,0.34,511.82,311.14,5,1266.15,48,0,881.72,1851.74,Salary,1728.87,Investments,Positive,90.3,Medium,2433.61,0,-333.5199999999995,108.07787231672079,12.39630789501091
2021-07-19,1521,3737.23,4736.17,0.11,2830.88,normal,671.0,0.11,327.37,545.56,3,488.43,42,0,671.32,2644.04,Salary,1420.81,Healthcare,Positive,12.1,Medium,1313.42,0,-998.94,126.7294225937392,8.75969635264621
2021-08-18,1821,2284.2,3715.51,0.14,3183.29,normal,668.0,0.53,637.64,556.43,2,973.15,97,0,700.0,1727.01,Salary,1288.5,Rent,Neutral,26.4,High,0.0,0,-1431.3100000000004,162.66132562822872,27.915243849049997
2021-09-17,1427,3755.48,3889.92,0.26,1836.01,recession,702.0,0.36,577.77,374.88,8,1457.83,51,0,544.51,2032.99,Salary,1312.42,Dining Out,Positive,57.1,Medium,980.04,0,-134.44000000000005,103.5798353339653,15.384717799056311
2021-10-17,1322,4568.97,4263.71,0.37,2403.58,normal,731.0,0.41,524.67,269.48,1,893.3,77,0,509.65,2451.62,Salary,1302.44,Insurance,Neutral,51.1,Medium,1740.06,0,305.2600000000002,93.31884429094522,11.483332129560928
2021-11-16,1946,1763.54,3689.21,0.34,2305.12,normal,695.0,0.53,544.13,867.44,7,311.57,52,0,757.33,1572.16,Salary,1359.72,Entertainment,Positive,79.5,High,376.59,0,-1925.67,209.19344046633475,30.85441781870556
2021-12-16,1929,3531.89,4202.37,0.27,1940.86,normal,651.0,0.15,375.92,102.71,8,0.0,90,1,577.1,2660.43,Salary,964.84,Groceries,Neutral,71.3,Low,0.0,0,-670.48,118.9836036796163,10.643593090385036
2022-01-15,1819,3445.74,5001.97,0.23,3460.53,inflation,720.0,0.35,245.83,609.07,9,1116.5,86,0,480.47,2715.79,Salary,1805.71,Insurance,Positive,85.6,Medium,1703.05,0,-1556.2300000000005,145.16388351994058,7.134316576410294
2022-02-14,1883,2620.15,4719.08,0.05,2433.38,normal,659.0,0.43,374.14,76.29,3,796.27,30,0,389.36,2926.15,Salary,1403.57,Healthcare,Negative,15.0,High,0.0,0,-2098.93,180.10724576837202,14.279335152567599
2022-03-16,1390,3931.59,5180.98,0.28,2502.89,normal,737.0,0.15,589.31,0.0,9,1311.01,36,0,197.44,3500.06,Salary,1483.48,Insurance,Neutral,69.4,High,995.14,0,-1249.3899999999994,131.7782373034828,14.989101101589942
2022-04-15,1145,5372.78,4226.04,0.39,3299.63,recession,669.0,0.58,483.65,217.59,9,900.37,67,0,717.24,2496.33,Salary,1012.47,Insurance,Positive,46.5,High,3397.89,1,1146.7399999999998,78.65648695833443,9.001857511381445
2022-05-15,1280,3234.55,4620.71,0.13,2028.71,recession,731.0,0.17,100.99,0.0,5,519.68,80,0,371.76,2873.39,Salary,1375.56,Education,Positive,42.8,Low,511.56,0,-1386.1599999999999,142.85480205901902,3.122227203165819
2022-06-14,1545,5440.42,4037.27,0.38,2916.43,normal,746.0,0.34,466.68,292.61,5,795.3,71,0,417.48,3003.69,Mixed,616.1,Investments,Positive,1.5,High,2139.4,0,1403.15,74.20879270350451,8.578014197433287
2022-07-14,1809,4484.71,4016.23,0.1,2963.63,recession,713.0,0.15,229.95,152.82,3,1571.91,61,0,752.06,2318.77,Mixed,945.4,Dining Out,Positive,94.3,Low,833.53,0,468.48,89.55383960166878,5.127421839985194
2022-08-13,1312,3362.56,4201.59,0.24,1918.74,normal,738.0,0.34,138.93,81.05,8,621.04,64,0,487.1,2588.28,Mixed,1126.21,Utilities,Negative,21.1,Medium,0.0,0,-839.0300000000002,124.95211981347545,4.1316734868671485
2022-09-12,1377,3773.76,2662.6800000000003,0.16,2631.65,inflation,727.0,0.12,418.51,363.66,1,1044.75,77,0,473.65,1270.88,Salary,918.15,Utilities,Positive,28.1,Low,1051.43,0,1111.08,70.55774612058,11.090000423980326
2022-10-12,1290,3574.91,4412.25,0.39,3199.02,normal,641.0,0.34,428.94,527.66,6,0.0,69,0,479.37,2878.42,Freelance,1054.46,Rent,Positive,47.9,Low,112.89,0,-837.3400000000001,123.42268756416246,11.998623741576711
2022-11-11,1841,4866.85,3708.7699999999995,0.17,2763.03,normal,825.0,0.15,505.62,45.06,3,240.49,97,0,655.74,1988.59,Salary,1064.44,Investments,Negative,85.4,High,2296.03,0,1158.0800000000008,76.20473201352003,10.389060686070046
2022-12-11,1454,5597.8,4971.039999999999,0.15,2834.22,normal,725.0,0.41,400.79,282.1,5,915.93,72,0,636.49,2955.68,Salary,1378.87,Insurance,Neutral,84.2,Low,1972.1,0,626.7600000000011,88.80345850155416,7.159777055271714
2023-01-10,1521,4284.37,4380.15,0.37,3856.76,normal,657.0,0.58,396.85,601.29,1,262.08,76,0,565.6,2690.95,Salary,1123.6,Education,Neutral,79.0,High,2642.24,0,-95.77999999999975,102.23556788979475,9.262738745719908
2023-02-09,1551,3877.85,3863.62,0.31,2382.55,inflation,738.0,0.58,575.95,0.0,9,1515.87,75,0,603.99,2056.89,Salary,1202.74,Healthcare,Neutral,75.3,Low,352.08,0,14.230000000000018,99.63304408370618,14.852302177753138
2023-03-11,1540,1569.56,4230.24,0.21,3603.11,normal,642.0,0.13,718.77,595.35,2,773.68,31,0,372.71,2317.02,Salary,1540.51,Investments,Negative,45.4,Low,0.0,0,-2660.68,269.51757180356276,45.79436275134432
2023-04-10,1535,4920.86,2913.89,0.33,2621.29,recession,749.0,0.29,304.05,215.04,3,0.0,21,0,772.19,1090.99,Salary,1050.71,Insurance,Positive,74.7,High,2005.03,0,2006.9699999999998,59.215055904862155,6.178798014981122
2023-05-10,1160,5301.4,5050.22,0.18,3072.38,inflation,613.0,0.22,665.33,188.58,5,1091.07,41,0,752.16,2916.11,Freelance,1381.95,Rent,Positive,2.6,Low,2852.83,0,251.17999999999938,95.26200626249671,12.55008111065002
2023-06-09,1982,4127.0,3113.44,0.08,2412.52,recession,637.0,0.25,683.2,700.22,9,679.31,26,0,598.07,2167.09,Salary,348.28,Rent,Positive,40.8,Medium,1881.78,0,1013.56,75.44075599709232,16.55439786770051
2023-07-09,1041,3716.17,4263.86,0.05,3161.94,normal,722.0,0.13,612.74,383.06,2,251.83,85,0,628.02,2551.47,Salary,1084.37,Groceries,Positive,95.6,Low,171.19,0,-547.6899999999996,114.73802328741687,16.488481420387117
2023-08-08,1596,4472.59,2136.16,0.24,2348.01,normal,757.0,0.33,543.4,720.54,3,1153.85,88,0,119.54,1201.72,Freelance,814.9,Education,Positive,4.1,Low,682.6,0,2336.4300000000003,47.76114063663336,12.14955987470347
2023-09-07,1142,3099.39,3233.57,0.37,2527.74,recession,621.0,0.32,526.39,948.05,3,1131.99,24,0,433.98,1620.02,Salary,1179.57,Groceries,Negative,57.5,Low,1163.43,0,-134.1800000000003,104.32923897928303,16.983664527536064
2023-10-07,1359,4057.35,3341.95,0.24,1907.53,recession,637.0,0.36,827.69,333.87,6,1131.59,74,0,539.71,1918.68,Salary,883.56,Utilities,Positive,93.1,Medium,1428.53,0,715.4000000000001,82.36780164393015,20.3997683216878
2023-11-06,1897,5045.76,4183.86,0.32,3155.78,recession,650.0,0.53,144.9,252.05,7,916.85,74,0,236.15,2533.14,Freelance,1414.57,Utilities,Positive,16.8,Low,2102.21,0,861.9000000000005,82.91833143074581,2.8717180365296806
2019-01-01,1350,4321.35,5194.86,0.31,2295.58,normal,730.0,0.36,17.83,390.25,3,1227.29,35,0,815.99,2339.96,Salary,2038.91,Groceries,Positive,25.3,Medium,1695.7,0,-873.5099999999993,120.21382206949215,0.41260254318673556
2019-01-31,1468,3564.99,3445.83,0.39,2794.13,inflation,716.0,0.38,632.31,93.92,6,386.61,60,0,452.95,1503.92,Freelance,1488.96,Entertainment,Positive,88.5,Low,233.77,0,119.15999999999985,96.65749413041831,17.736655642792826
2019-03-02,1248,2892.45,3223.0,0.2,2538.22,normal,729.0,0.18,638.77,214.55,7,1180.42,92,0,658.61,1907.56,Salary,656.83,Transportation,Negative,61.8,Low,762.19,0,-330.5500000000002,111.42802814223236,22.084046396653356
2019-04-01,1591,5086.99,4048.5400000000004,0.27,3689.49,inflation,725.0,0.41,434.13,369.37,2,1400.26,65,0,526.69,2260.32,Salary,1261.53,Utilities,Positive,60.3,Low,675.58,0,1038.4499999999994,79.58615998851974,8.534123322436255
2019-05-01,1867,3828.6,2787.06,0.31,2538.04,normal,698.0,0.41,454.53,581.38,3,839.97,65,0,341.79,2145.27,Salary,300.0,Insurance,Negative,71.7,Medium,299.89,0,1041.54,72.79580003134305,11.871963642062372
2019-05-31,1251,2439.82,4447.03,0.28,3031.39,normal,667.0,0.54,764.21,596.93,6,994.2,29,0,414.44,2902.04,Salary,1130.55,Healthcare,Negative,10.6,Low,0.0,0,-2007.2099999999996,182.26877392594534,31.322392635522288
2019-06-30,1841,5502.74,2963.78,0.37,3064.05,normal,567.0,0.31,435.03,624.49,6,1343.09,62,0,778.98,1213.66,Mixed,971.14,Groceries,Neutral,86.8,Low,1478.26,0,2538.9599999999996,53.860076979831874,7.905697888688181
2019-07-30,1260,3800.93,4797.849999999999,0.4,2830.46,recession,655.0,0.57,481.3,303.55,7,1656.36,97,0,589.95,2420.79,Freelance,1787.11,Dining Out,Positive,10.5,Low,0.0,0,-996.9199999999996,126.22831780643158,12.662690446811704
2019-08-29,1669,4345.13,4144.860000000001,0.38,2765.32,normal,556.0,0.2,501.96,838.36,5,1018.21,38,0,445.35,2234.88,Mixed,1464.63,Dining Out,Neutral,47.2,Low,1525.19,0,200.26999999999953,95.39093191688167,11.552243546223012
2019-09-28,1974,4319.02,3591.01,0.31,4263.15,inflation,750.0,0.58,775.89,67.54,6,1108.64,45,0,363.63,1766.05,Freelance,1461.33,Entertainment,Negative,54.8,High,1732.27,0,728.0100000000002,83.14409287292024,17.96449194493195
2019-10-28,1207,5299.3,3738.56,0.34,2011.2,normal,757.0,0.24,65.96,89.8,5,1123.02,49,0,411.15,2304.77,Freelance,1022.64,Groceries,Positive,58.8,Low,1625.27,0,1560.7400000000002,70.54818560942012,1.2446926952616382
2019-11-27,1577,6206.68,4296.09,0.29,2942.37,recession,686.0,0.12,0.0,357.43,1,1548.86,48,0,578.17,1968.0,Salary,1749.92,Insurance,Neutral,35.3,Low,2649.17,0,1910.5900000000001,69.21719824447209,0.0
2019-12-27,1894,5774.37,4783.04,0.28,2539.08,normal,720.0,0.57,336.22,30.64,8,1733.47,59,0,804.41,2943.47,Salary,1035.16,Transportation,Positive,33.8,High,2622.33,1,991.3299999999999,82.8322397075352,5.822626537613627
2020-01-26,1077,4808.33,4003.75,0.21,2693.97,normal,684.0,0.38,556.76,309.92,2,1964.99,61,0,135.1,2591.46,Salary,1277.19,Dining Out,Neutral,55.1,Medium,1309.72,0,804.5799999999999,83.26695547102632,11.579072151869777
2020-02-25,1471,2459.45,4482.0,0.18,2297.71,recession,583.0,0.19,520.45,500.02,1,1336.18,41,0,360.11,2893.8,Freelance,1228.09,Groceries,Positive,35.2,Low,0.0,0,-2022.5500000000002,182.2358657423408,21.16123523552014
2020-03-26,1543,5932.37,2386.43,0.31,2431.95,inflation,742.0,0.59,318.04,203.91,8,719.68,22,0,622.29,1326.26,Freelance,437.88,Investments,Positive,87.0,Medium,1545.43,0,3545.94,40.22726161719515,5.361095144099239
2020-04-25,1347,3989.47,3778.19,0.08,3296.36,recession,730.0,0.17,503.55,151.56,3,740.54,21,0,858.32,1474.71,Freelance,1445.16,Utilities,Positive,45.4,Medium,2477.76,0,211.27999999999975,94.70405843382706,12.621977355388058
2020-05-25,1588,5608.86,3214.5699999999997,0.16,3184.14,normal,653.0,0.23,223.14,535.09,6,600.66,69,0,398.53,2137.22,Salary,678.82,Groceries,Negative,73.1,Low,3458.15,1,2394.29,57.3123593742757,3.9783485414148325
2020-06-24,1442,2903.88,4181.3,0.3,3000.81,recession,674.0,0.57,323.6,634.25,1,1500.45,64,0,275.59,2740.17,Freelance,1165.54,Healthcare,Positive,84.6,Medium,0.0,0,-1277.42,143.99010978415086,11.143711172637987
2020-07-24,1150,4465.17,4271.37,0.25,2550.48,normal,724.0,0.13,509.12,432.76,2,1381.88,58,0,447.67,2185.76,Salary,1637.94,Healthcare,Positive,51.1,Low,3863.91,1,193.80000000000018,95.65973971875651,11.402029485999412
2020-08-23,1389,4090.73,3072.04,0.37,3065.44,normal,721.0,0.2,483.43,319.32,2,812.75,20,0,217.34,1579.18,Salary,1275.52,Dining Out,Neutral,28.4,Medium,1069.23,0,1018.69,75.09759871709939,11.817695130209033
2020-09-22,1157,4009.2,3958.59,0.1,2879.08,normal,728.0,0.49,281.58,307.6,1,1713.7,43,0,297.52,2644.73,Mixed,1016.34,Groceries,Positive,76.7,Low,1570.93,0,50.60999999999967,98.73765339718648,7.023346303501945
2020-10-22,1649,1967.67,4845.719999999999,0.23,2986.8,normal,802.0,0.11,204.03,600.39,6,805.97,87,0,816.44,2086.0,Salary,1943.28,Groceries,Neutral,20.6,Medium,0.0,0,-2878.0499999999993,246.26690451142719,10.369116772629557
2020-11-21,1353,4915.31,5119.09,0.35,2964.17,normal,693.0,0.34,527.76,352.61,2,1212.05,41,0,489.32,2699.6,Salary,1930.17,Rent,Positive,3.5,Medium,1769.39,0,-203.77999999999975,104.14582193188222,10.737064396752187
2020-12-21,1171,4392.22,2462.67,0.08,3118.05,inflation,688.0,0.32,317.04,694.36,9,951.68,40,0,509.32,1472.63,Salary,480.72,Rent,Positive,72.1,Low,1081.84,0,1929.5500000000002,56.06891275937909,7.218217666692469
2021-01-20,1607,4312.67,4898.53,0.05,2770.19,normal,640.0,0.19,435.89,438.83,6,1130.21,61,0,637.71,3187.98,Salary,1072.84,Entertainment,Positive,21.5,Low,1723.11,0,-585.8599999999997,113.58462391047772,10.107195774311505
2021-02-19,1957,5235.6,4120.98,0.37,2678.95,inflation,638.0,0.15,644.16,518.6,7,988.03,24,0,470.98,2977.5,Salary,672.5,Groceries,Positive,6.4,High,3064.59,1,1114.6200000000008,78.71074948429978,12.303460921384367
2021-03-21,1941,4150.8,3868.92,0.05,3407.11,normal,645.0,0.1,661.46,152.37,5,1216.71,49,0,635.91,2428.28,Freelance,804.73,Dining Out,Positive,31.1,Low,1967.44,0,281.8800000000001,93.20901994796183,15.935723234075358
2021-04-20,1642,3883.98,4361.63,0.33,1777.72,normal,578.0,0.45,448.72,315.16,8,814.04,93,0,585.99,2390.49,Salary,1385.15,Education,Positive,48.7,Low,0.0,0,-477.6500000000001,112.29795210068023,11.553097595765168
2021-05-20,1540,4289.35,4438.490000000001,0.36,2570.89,recession,725.0,0.49,596.78,617.49,5,1321.22,87,0,172.05,3274.46,Salary,991.98,Entertainment,Positive,41.9,Medium,2405.8,0,-149.14000000000033,103.47698369216782,13.91306375091797
2021-06-19,1866,2587.89,4103.74,0.14,3189.09,normal,533.0,0.46,355.5,380.76,1,321.91,98,0,443.39,2414.48,Salary,1245.87,Insurance,Positive,69.8,High,1322.88,0,-1515.85,158.5747462218255,13.737059921403153
2021-07-19,1465,4842.11,4308.87,0.13,4056.42,recession,725.0,0.16,326.09,251.54,9,599.78,33,1,488.9,2870.97,Mixed,949.0,Groceries,Positive,44.6,Low,0.0,0,533.2399999999998,88.98744555575978,6.7344608032448665
2021-08-18,1331,3714.16,4449.889999999999,0.18,2903.44,normal,634.0,0.54,28.62,192.2,9,1023.73,44,0,739.31,2041.09,Salary,1669.49,Entertainment,Positive,75.5,Low,0.0,0,-735.7299999999996,119.80878583582827,0.7705645421845048
2021-09-17,1313,3465.48,4975.58,0.27,3439.43,inflation,723.0,0.17,366.48,438.91,1,472.66,71,0,704.15,3518.15,Freelance,753.28,Transportation,Positive,74.4,Medium,2652.75,0,-1510.1,143.5754931495781,10.575158419612867
2021-10-17,1141,3298.01,5300.950000000001,0.37,3043.58,normal,654.0,0.37,618.12,269.51,5,1287.75,30,0,666.64,2628.05,Salary,2006.26,Dining Out,Positive,78.2,Medium,0.0,0,-2002.9400000000005,160.73177461560152,18.74221121221585
2021-11-16,1763,2574.9,4570.69,0.25,3085.71,inflation,649.0,0.25,695.49,241.65,8,1481.63,83,0,405.45,2482.99,Salary,1682.25,Dining Out,Neutral,25.8,Low,0.0,0,-1995.7899999999995,177.50941784146954,27.010369334731443
2021-12-16,1132,3609.54,3224.59,0.07,2974.01,normal,642.0,0.3,392.84,659.34,2,449.12,65,0,65.08,1951.36,Salary,1208.15,Dining Out,Negative,73.6,Low,600.73,0,384.9499999999998,89.33520614815184,10.883381261878245
2022-01-15,1897,4196.07,3726.98,0.36,2608.55,recession,677.0,0.53,0.0,429.86,9,1127.63,86,0,338.65,1772.4,Salary,1615.93,Education,Positive,7.6,Medium,1249.03,0,469.0899999999997,88.8207298734292,0.0
2022-02-14,1084,4176.41,3272.17,0.11,3026.66,normal,754.0,0.11,359.2,617.11,9,423.96,78,0,606.27,1049.19,Freelance,1616.71,Groceries,Neutral,25.1,High,906.92,0,904.2399999999998,78.34886900471936,8.600688150828104
2022-03-16,1372,3984.54,3006.63,0.27,2890.87,normal,679.0,0.35,343.75,548.56,2,1801.51,58,0,145.23,1888.25,Salary,973.15,Entertainment,Positive,84.3,Low,1613.44,0,977.9099999999999,75.45739282326191,8.627093717217043
2022-04-15,1332,3077.62,4245.49,0.1,2064.75,normal,684.0,0.32,652.87,560.68,4,1376.33,85,0,705.04,2279.27,Freelance,1261.18,Groceries,Neutral,48.6,Low,668.32,0,-1167.87,137.94717996373822,21.21347014901125
2022-05-15,1412,2683.58,3811.5099999999998,0.35,2636.51,inflation,622.0,0.15,548.04,597.98,4,676.94,65,0,256.54,3254.97,Salary,300.0,Groceries,Positive,89.7,Medium,0.0,0,-1127.9299999999998,142.0307946847122,20.421973632237535
2022-06-14,1625,3719.15,3326.52,0.34,2824.62,normal,670.0,0.36,671.42,592.67,5,1306.66,21,0,531.96,1079.72,Salary,1714.84,Transportation,Neutral,12.5,Low,1042.68,0,392.6300000000001,89.4430178938736,18.05304975599263
2022-07-14,1035,3362.89,4612.740000000001,0.35,2841.72,inflation,686.0,0.52,510.8,523.82,6,424.17,72,0,332.89,3136.8,Salary,1143.05,Transportation,Positive,16.2,Low,315.08,0,-1249.8500000000008,137.16594952555693,15.189316332083417
2022-08-13,1653,3722.49,3822.13,0.28,2814.53,normal,662.0,0.27,452.87,110.15,7,1156.5,31,0,423.23,2648.21,Salary,750.69,Dining Out,Positive,34.6,Low,1436.14,0,-99.64000000000033,102.67670295957814,12.165781506464759
2022-09-12,1478,3933.67,3964.3599999999997,0.35,2398.01,inflation,701.0,0.47,630.75,404.94,9,1190.81,83,0,203.72,2116.08,Salary,1644.56,Groceries,Positive,75.0,Low,1168.23,0,-30.6899999999996,100.78018745853107,16.034644492293456
2022-10-12,1076,4370.73,3519.18,0.07,2727.35,inflation,666.0,0.41,514.49,384.74,1,578.11,56,0,461.07,1670.01,Mixed,1388.1,Groceries,Positive,96.1,Medium,1291.41,0,851.5499999999997,80.51698457694711,11.771260178505653
2022-11-11,1320,3540.69,4377.07,0.24,3392.41,normal,659.0,0.58,371.17,777.61,4,1229.07,47,0,658.15,2571.65,Salary,1147.27,Dining Out,Positive,52.2,Low,0.0,0,-836.3799999999997,123.62194939404465,10.482984954909918
2022-12-11,1770,3817.0,4105.759999999999,0.3,3031.17,normal,633.0,0.48,595.15,479.36,6,740.18,76,0,420.69,2180.73,Salary,1504.34,Investments,Positive,76.9,Low,1268.21,0,-288.7599999999993,107.56510348441182,15.592088027246529
2023-01-10,1165,3229.95,2994.76,0.25,2757.98,inflation,628.0,0.56,259.25,449.76,4,934.02,26,0,647.72,1184.36,Salary,1162.68,Healthcare,Positive,88.8,Medium,444.2,0,235.1899999999996,92.71846313410425,8.026440037771483
2023-02-09,1495,4443.44,4993.45,0.11,2736.95,normal,745.0,0.25,517.92,250.67,1,1105.12,46,0,467.96,3215.62,Freelance,1309.87,Education,Positive,51.0,Low,1969.92,0,-550.0100000000002,112.37802243306989,11.655834218533387
2023-03-11,1631,3368.23,3604.07,0.37,3275.73,inflation,687.0,0.32,601.02,430.47,6,564.43,84,0,588.08,2288.13,Salary,727.86,Education,Positive,51.3,Low,1394.9,0,-235.84000000000015,107.00189713885335,17.8437933276528
2023-04-10,1189,1520.17,4189.56,0.24,3486.67,normal,666.0,0.3,525.97,112.3,2,1098.02,32,0,304.33,2501.11,Salary,1384.12,Dining Out,Neutral,66.7,Low,0.0,0,-2669.3900000000003,275.59812389403817,34.5994198017327
2023-05-10,1466,4167.25,4715.76,0.2,2226.77,normal,668.0,0.44,298.74,170.87,8,1136.96,97,0,337.55,2896.32,Mixed,1481.89,Insurance,Negative,81.9,Medium,340.22,0,-548.5100000000002,113.162397264383,7.168756374107625
2023-06-09,1205,6335.87,3777.82,0.09,2414.7,normal,620.0,0.12,401.83,289.67,5,0.0,28,0,738.65,1884.42,Freelance,1154.75,Investments,Positive,33.6,Low,3483.25,1,2558.0499999999997,59.6259077285361,6.3421440149498025
2023-07-09,1465,3947.97,2886.87,0.16,3010.65,normal,664.0,0.3,242.14,147.58,5,198.02,59,0,711.65,1320.08,Salary,855.14,Healthcare,Positive,56.6,Low,444.32,0,1061.1,73.12289607063883,6.133278621671391
2023-08-08,1171,3587.21,4169.63,0.34,2110.84,recession,664.0,0.31,368.31,318.1,2,1086.62,49,0,845.3,1944.1,Salary,1380.23,Utilities,Positive,46.9,Low,0.0,0,-582.4200000000001,116.23601629121238,10.267310807006002
2023-09-07,1806,4731.32,3947.74,0.05,2563.7,normal,656.0,0.53,717.88,55.22,2,701.13,55,0,497.23,2412.47,Salary,1038.04,Healthcare,Positive,61.9,Medium,1654.67,0,783.5799999999999,83.43844846681264,15.172932712224075
2023-10-07,1927,4096.16,4153.72,0.25,2767.26,recession,654.0,0.47,550.47,405.9,8,602.69,99,0,432.5,2397.42,Salary,1323.8,Healthcare,Positive,80.8,Low,2757.69,0,-57.5600000000004,101.40521854615055,13.438684035779854
2023-11-06,1492,4878.89,3016.5,0.35,2757.33,normal,672.0,0.51,756.85,727.19,4,1055.98,95,0,757.55,1119.4,Salary,1139.55,Healthcare,Positive,18.0,Low,1216.85,0,1862.3900000000003,61.82758783247828,15.512749826292454
2019-01-01,1547,4486.64,4571.09,0.4,2662.39,inflation,625.0,0.59,894.23,349.4,3,1227.33,37,0,721.19,2475.47,Mixed,1374.43,Rent,Positive,95.4,Medium,1177.48,0,-84.44999999999982,101.88225487224291,19.930950555426776
2019-01-31,1676,4599.9,4330.28,0.07,2807.84,inflation,697.0,0.46,408.28,725.24,7,1307.79,60,0,660.72,1681.83,Salary,1987.73,Insurance,Negative,22.9,Medium,763.59,0,269.6199999999999,94.13856822974412,8.87584512706798
2019-03-02,1239,3062.79,3919.46,0.26,3332.33,inflation,658.0,0.4,433.57,317.36,6,620.82,84,0,396.67,2563.9,Salary,958.89,Education,Positive,45.4,High,0.0,0,-856.6700000000001,127.97024934781686,14.15604726409581
2019-04-01,1565,5343.14,4066.99,0.23,2507.22,inflation,638.0,0.38,347.59,451.7,3,567.77,93,0,742.87,2179.51,Freelance,1144.61,Groceries,Positive,13.7,Medium,1315.5,0,1276.1500000000005,76.11610401374472,6.505350786241797
2019-05-01,1044,2521.68,4227.64,0.29,2671.84,recession,703.0,0.57,435.22,57.4,5,1015.37,92,0,459.74,1822.51,Salary,1945.39,Dining Out,Positive,69.9,High,0.0,0,-1705.9600000000005,167.6517242473272,17.259128834745095
2019-05-31,1663,3016.72,5740.900000000001,0.13,2492.47,recession,686.0,0.15,714.47,598.04,3,781.78,36,0,707.18,3208.11,Salary,1825.61,Transportation,Positive,5.3,Low,699.87,0,-2724.1800000000007,190.3027128802143,23.683669680978017
2019-06-30,1406,2645.91,3470.4,0.38,3349.85,normal,633.0,0.47,783.79,0.0,5,1206.03,80,0,180.92,2004.75,Salary,1284.73,Utilities,Neutral,25.4,Low,80.31,0,-824.4900000000002,131.16092384094696,29.622700696546744
2019-07-30,1240,6113.33,3584.78,0.22,3167.62,normal,631.0,0.41,703.74,337.84,9,1077.63,82,0,403.34,1748.72,Salary,1432.72,Entertainment,Positive,91.8,Medium,2926.38,0,2528.5499999999997,58.63874516834524,11.511565709686865
2019-08-29,1402,4043.37,4934.49,0.3,3538.39,recession,750.0,0.28,359.93,456.42,2,1183.11,72,0,959.91,3014.02,Freelance,960.56,Investments,Positive,47.1,Low,1697.3,0,-891.1199999999999,122.03904169047107,8.901732960377112
2019-09-28,1418,3739.5,4129.05,0.07,3396.07,normal,686.0,0.56,531.18,284.02,8,1634.17,80,0,1132.61,1867.51,Salary,1128.93,Education,Positive,11.3,Low,237.17,0,-389.5500000000002,110.41716807059767,14.204572803850782
2019-10-28,1420,3563.44,5631.94,0.11,2081.65,normal,679.0,0.25,441.65,948.25,4,1283.94,51,0,644.79,2628.73,Salary,2358.42,Education,Positive,19.3,Medium,745.89,0,-2068.4999999999995,158.04784141166962,12.393922726354308
2019-11-27,1784,5377.21,5028.14,0.37,2279.68,normal,728.0,0.15,383.67,549.86,6,720.75,72,0,654.34,2888.06,Salary,1485.74,Rent,Positive,98.4,High,2975.7,1,349.0699999999997,93.50834354618846,7.135112818729415
2019-12-27,1005,4862.26,5374.3,0.12,2524.54,normal,655.0,0.48,329.87,7.55,4,597.37,21,0,833.07,2772.01,Salary,1769.22,Groceries,Neutral,31.9,Low,1503.83,0,-512.04,110.53090538144814,6.7842937234948355
2020-01-26,1354,3915.46,5362.28,0.28,2528.49,normal,652.0,0.17,497.58,507.24,4,703.28,48,0,587.58,3454.97,Salary,1319.73,Healthcare,Positive,24.3,Medium,2925.75,1,-1446.8199999999997,136.95146930373443,12.708085384603596
2020-02-25,1896,4503.57,3098.4500000000003,0.06,3073.21,normal,645.0,0.34,539.49,379.39,7,435.69,46,0,709.61,1000.0,Salary,1388.84,Groceries,Positive,76.5,Low,1370.81,0,1405.1199999999994,68.79986321962356,11.979163197196891
2020-03-26,1227,4403.12,3266.63,0.13,2354.84,normal,709.0,0.42,288.83,771.88,8,725.96,90,0,477.07,1876.96,Salary,912.6,Healthcare,Positive,39.3,Low,1391.09,0,1136.4899999999998,74.18898417485784,6.559666781736587
2020-04-25,1731,3227.23,3533.7699999999995,0.13,2406.41,normal,676.0,0.23,578.54,824.93,3,834.48,66,0,481.87,2016.05,Salary,1035.85,Insurance,Negative,15.7,Medium,917.44,0,-306.5399999999995,109.49854829063932,17.926828890410658
2020-05-25,1528,7407.94,4668.0599999999995,0.33,2285.17,recession,665.0,0.17,639.83,322.43,2,1430.18,27,0,948.02,2056.56,Salary,1663.48,Rent,Positive,51.7,Low,3580.52,1,2739.88,63.01427927332024,8.637083993660857
2020-06-24,1638,3997.97,3884.11,0.33,3299.65,normal,639.0,0.16,518.24,566.79,8,217.5,27,1,333.82,2421.35,Freelance,1128.94,Groceries,Positive,36.8,Low,365.56,0,113.85999999999967,97.1520546677439,12.962578508593111
2020-07-24,1585,4290.08,2181.25,0.26,2392.0,normal,629.0,0.49,544.02,384.6,7,1513.32,99,0,509.14,1336.85,Salary,335.26,Education,Positive,39.2,Low,1912.15,0,2108.83,50.84404020437847,12.680882407787267
2020-08-23,1713,4390.52,5020.599999999999,0.35,3043.7,recession,675.0,0.59,526.76,602.44,4,921.14,77,0,651.46,2447.35,Mixed,1921.79,Insurance,Positive,2.7,High,1958.17,0,-630.079999999999,114.35091970882718,11.997667702231169
2020-09-22,1435,4698.3,3908.52,0.3,3428.0,recession,702.0,0.37,321.82,15.84,7,992.37,38,1,608.14,2206.01,Salary,1094.37,Entertainment,Positive,15.8,Medium,2386.74,0,789.7800000000002,83.19009003256497,6.849711597811973
2020-10-22,1151,5968.09,3661.15,0.36,1981.46,normal,628.0,0.4,445.71,75.14,1,440.03,45,0,705.98,1524.53,Salary,1430.64,Entertainment,Positive,64.8,Medium,2755.41,1,2306.94,61.34542206970739,7.4682184752575775
2020-11-21,1572,3055.95,3126.07,0.37,3263.54,normal,683.0,0.19,403.02,565.46,4,0.0,88,0,244.48,1173.67,Salary,1707.92,Utilities,Positive,27.8,Medium,570.56,0,-70.12000000000035,102.29454015936126,13.188042998085702
2020-12-21,1018,2813.99,3031.29,0.38,2674.59,inflation,719.0,0.56,708.79,0.0,4,1634.62,49,0,378.78,1724.99,Salary,927.52,Transportation,Positive,15.1,High,0.0,0,-217.30000000000018,107.72213120871076,25.188078138159696
2021-01-20,1656,4241.75,2375.04,0.2,2342.29,normal,585.0,0.3,784.3,456.01,2,512.51,77,0,133.01,1629.29,Salary,612.74,Entertainment,Negative,42.7,Medium,1612.24,0,1866.71,55.99198444038428,18.490010019449517
2021-02-19,1745,4120.29,3042.2299999999996,0.26,3322.68,normal,728.0,0.56,579.47,45.68,4,1864.7,22,0,294.74,1463.02,Salary,1284.47,Insurance,Positive,71.9,Low,741.94,0,1078.0600000000004,73.83533683308698,14.06381589645389
2021-03-21,1296,3650.96,3865.99,0.15,3405.03,recession,657.0,0.22,657.85,438.45,6,730.31,89,0,528.56,1347.37,Salary,1990.06,Entertainment,Positive,90.5,High,0.0,0,-215.02999999999975,105.8896838091899,18.01854854613581
2021-04-20,1989,3970.05,3475.61,0.19,3863.85,normal,706.0,0.27,387.07,750.56,8,657.88,62,0,561.13,1806.79,Salary,1107.69,Healthcare,Positive,70.3,Medium,2940.83,0,494.44000000000005,87.54574879409579,9.749751262578556
2021-05-20,1533,4845.09,3680.0099999999998,0.39,2727.51,normal,727.0,0.38,853.23,459.05,9,1105.21,79,0,803.94,1677.34,Mixed,1198.73,Healthcare,Negative,80.0,Low,1830.41,0,1165.0800000000004,75.95338786276416,17.61019919134629
2021-06-19,1357,4631.16,3159.38,0.26,3323.56,normal,660.0,0.36,252.19,623.3,6,1044.59,32,0,279.49,1364.2,Salary,1515.69,Insurance,Negative,53.4,Low,1421.23,0,1471.7799999999997,68.22005717789928,5.445503934219505
2021-07-19,1721,4914.54,4676.05,0.28,3018.73,inflation,680.0,0.32,346.17,352.42,6,198.65,30,0,431.09,3028.09,Freelance,1216.87,Dining Out,Neutral,27.4,High,2194.87,0,238.48999999999978,95.14725691519452,7.043792501434519
2021-08-18,1408,3874.63,4313.41,0.27,3644.35,inflation,718.0,0.47,921.48,331.95,6,1723.08,59,0,296.01,2314.92,Salary,1702.48,Insurance,Neutral,76.1,Low,0.0,0,-438.77999999999975,111.32443613970881,23.782399867858352
2021-09-17,1378,4823.2,3416.73,0.4,3027.9,normal,684.0,0.5,398.95,222.28,5,859.5,57,0,472.96,1275.9,Salary,1667.87,Insurance,Neutral,77.4,High,3481.74,1,1406.4699999999998,70.83948415989386,8.271479515674242
2021-10-17,1449,2135.71,4166.15,0.34,2027.83,inflation,664.0,0.5,853.21,382.18,2,1095.72,67,0,0.0,3160.49,Salary,1005.66,Transportation,Positive,55.2,Low,0.0,0,-2030.4399999999996,195.0709600086154,39.949712273670116
2021-11-16,1164,3935.93,4992.66,0.22,2010.51,inflation,666.0,0.41,534.66,230.57,9,951.64,76,0,707.43,2719.58,Mixed,1565.65,Groceries,Negative,79.7,Low,250.17,0,-1056.73,126.84829252552765,13.584083050257501
2021-12-16,1246,2418.36,3309.2400000000002,0.06,2168.44,recession,732.0,0.39,567.08,247.48,3,691.26,61,0,430.75,2242.03,Salary,636.46,Investments,Positive,61.6,Medium,0.0,0,-890.8800000000001,136.8381878628492,23.44894887444384
2022-01-15,1609,3090.57,4207.83,0.38,2964.43,normal,701.0,0.55,295.6,269.48,3,890.65,44,0,561.77,2419.58,Freelance,1226.48,Entertainment,Neutral,70.9,Low,1154.42,0,-1117.2599999999998,136.1506129937196,9.564578702310577
2022-02-14,1858,3583.16,3550.18,0.12,2385.76,normal,689.0,0.11,226.63,614.93,5,431.69,48,0,7.49,2300.71,Salary,1241.98,Groceries,Positive,87.6,Medium,1460.31,0,32.98000000000002,99.07958338449859,6.324864086448834
2022-03-16,1622,4393.93,3939.8199999999997,0.26,3347.42,normal,752.0,0.32,252.74,595.99,4,1687.05,63,0,419.17,2342.22,Freelance,1178.43,Utilities,Positive,85.1,Low,1730.92,0,454.1100000000006,89.66506066323313,5.752026090538538
2022-04-15,1547,3915.09,5539.44,0.28,2646.59,normal,670.0,0.17,580.52,1263.27,4,204.75,52,1,622.53,3498.82,Freelance,1418.09,Insurance,Positive,37.2,Low,0.0,0,-1624.3499999999995,141.48946767507258,14.827756194621323
2022-05-15,1239,3866.1,3369.7599999999998,0.24,2710.75,normal,747.0,0.31,959.41,257.17,8,1071.48,60,0,319.87,1967.62,Salary,1082.27,Entertainment,Positive,7.3,High,2125.03,0,496.34000000000015,87.16173922040299,24.815964408577116
2022-06-14,1247,3898.21,3710.25,0.14,2767.35,normal,744.0,0.57,788.09,274.69,9,1988.35,39,0,423.46,2125.05,Freelance,1161.74,Dining Out,Positive,64.3,Low,1506.1,0,187.96000000000004,95.1782997837469,20.216714851175283
2022-07-14,1140,2307.32,4436.11,0.39,2694.47,normal,660.0,0.39,169.25,376.81,8,52.14,24,0,468.83,1967.33,Salary,1999.95,Dining Out,Positive,46.6,Low,0.0,0,-2128.7899999999995,192.26245167553694,7.335350103149975
2022-08-13,1976,3740.2,4259.0,0.19,2758.61,normal,708.0,0.55,236.61,193.93,4,99.32,99,0,540.78,2196.72,Salary,1521.5,Dining Out,Positive,96.8,Low,0.0,0,-518.8000000000002,113.87091599379713,6.326132292390782
2022-09-12,1144,4462.25,2457.57,0.31,2807.24,inflation,719.0,0.55,588.98,418.5,7,1304.48,62,0,215.77,1000.0,Freelance,1241.8,Investments,Negative,60.2,Low,2092.08,0,2004.6799999999998,55.074682055017085,13.199170821894784
2022-10-12,1169,3837.53,3464.56,0.14,2631.73,recession,713.0,0.54,223.62,882.07,3,490.95,57,0,740.68,1901.04,Salary,822.84,Utilities,Positive,32.3,Medium,514.26,0,372.97000000000025,90.28098803136392,5.827185715811994
2022-11-11,1634,3618.52,4325.96,0.22,2755.62,normal,628.0,0.52,343.49,566.83,3,1138.39,97,0,107.12,2406.85,Salary,1811.99,Investments,Neutral,54.2,Low,650.75,0,-707.44,119.55053447265733,9.49255496722417
2022-12-11,1955,3965.61,2826.4599999999996,0.24,1842.76,normal,712.0,0.48,776.36,348.41,1,1315.35,93,0,257.14,1768.1,Salary,801.22,Rent,Negative,99.7,Medium,411.97,0,1139.1500000000005,71.27428062769661,19.577315974087213
2023-01-10,1125,2571.2,3652.2599999999998,0.13,2859.96,normal,701.0,0.15,158.47,531.78,2,1756.77,92,0,729.18,1638.63,Freelance,1284.45,Transportation,Negative,19.9,High,902.27,0,-1081.06,142.04495955196018,6.1632700684505295
2023-02-09,1267,5355.14,3750.8399999999997,0.19,2383.42,inflation,617.0,0.53,569.28,186.87,1,953.52,27,0,311.56,2267.19,Salary,1172.09,Transportation,Neutral,17.4,Low,1413.63,0,1604.3000000000006,70.04186631908782,10.630534402461933
2023-03-11,1355,3672.37,3204.5199999999995,0.32,2128.41,normal,676.0,0.49,602.53,765.09,4,720.51,61,0,550.74,1000.0,Salary,1653.78,Utilities,Positive,5.8,Medium,977.05,0,467.85000000000036,87.26027061543363,16.40711584072411
2023-04-10,1993,4202.08,3888.8199999999997,0.14,2285.78,normal,663.0,0.56,173.6,284.31,7,1681.7,66,0,602.42,2044.31,Mixed,1242.09,Insurance,Positive,14.9,Medium,1862.47,0,313.2600000000002,92.54512051174656,4.131287362449073
2023-05-10,1789,2656.36,3903.1200000000003,0.15,3014.84,normal,693.0,0.56,608.0,877.3,2,925.43,44,0,526.27,1709.68,Salary,1667.17,Insurance,Positive,37.5,Low,0.0,0,-1246.7600000000002,146.93490340164738,22.888463913023834
2023-06-09,1415,3142.27,2596.3599999999997,0.05,2967.22,recession,691.0,0.52,840.2,270.62,6,1129.55,53,0,292.66,1947.45,Salary,356.25,Education,Positive,2.5,Low,0.0,0,545.9100000000003,82.62689075095392,26.738631626181075
2023-07-09,1584,3614.02,6354.0199999999995,0.21,2963.34,inflation,766.0,0.13,181.87,687.02,3,1434.48,62,0,637.82,4245.9,Salary,1470.3,Groceries,Positive,4.9,Medium,0.0,0,-2739.9999999999995,175.8158504933564,5.032346251542603
2023-08-08,1791,2779.88,2585.01,0.26,2574.65,normal,703.0,0.32,632.17,421.24,6,909.8,96,0,177.98,2107.03,Salary,300.0,Dining Out,Positive,76.6,High,321.06,0,194.8699999999999,92.98998517921638,22.740909679554512
2023-09-07,1808,4901.9,4051.7499999999995,0.33,3290.84,normal,702.0,0.14,624.75,139.26,9,1022.56,60,0,397.56,2317.35,Salary,1336.84,Transportation,Positive,38.4,High,2427.33,0,850.1500000000001,82.65672494338929,12.74505803871968
2023-10-07,1743,5524.03,4982.24,0.19,2638.43,normal,694.0,0.16,347.43,336.43,6,1386.71,59,0,606.53,2229.71,Salary,2146.0,Utilities,Positive,88.1,Medium,2474.58,0,541.79,90.19212422814503,6.289429999475021
2023-11-06,1013,3254.2,3698.1000000000004,0.16,2253.54,recession,602.0,0.21,681.61,537.53,8,886.88,97,0,477.01,1921.14,Mixed,1299.95,Utilities,Neutral,9.1,Low,514.2,0,-443.90000000000055,113.64083338454923,20.945547292729398
2019-01-01,1217,3649.63,2611.56,0.16,3263.3,normal,595.0,0.11,336.61,669.47,7,1181.88,23,0,439.21,1000.0,Salary,1172.35,Groceries,Positive,46.2,High,2054.7,0,1038.0700000000002,71.55684274844299,9.223126727914885
2019-01-31,1595,2884.93,5074.3099999999995,0.36,2735.89,inflation,719.0,0.5,651.87,227.65,4,1642.47,48,0,840.95,2479.87,Freelance,1753.49,Insurance,Positive,83.3,Low,200.13,0,-2189.3799999999997,175.89022957229463,22.595695562803954
2019-03-02,1606,4103.22,3160.4700000000003,0.28,2797.94,normal,649.0,0.44,571.92,543.43,3,1782.3,36,0,351.47,1366.01,Salary,1442.99,Groceries,Positive,9.9,Low,694.89,0,942.75,77.02414201529531,13.938321610832466
2019-04-01,1634,4768.91,3224.59,0.25,2566.43,normal,741.0,0.34,325.55,431.18,8,803.24,95,0,710.79,1137.22,Salary,1376.58,Transportation,Neutral,53.2,Low,3080.39,1,1544.3199999999997,67.61691875082566,6.826507524780297
2019-05-01,1744,3181.97,2953.27,0.19,2846.89,normal,807.0,0.17,528.21,468.68,9,360.85,50,0,663.21,1000.0,Salary,1290.06,Utilities,Neutral,96.5,Low,736.9,0,228.69999999999982,92.81262865457563,16.60009365267429
2019-05-31,1289,4551.4,3844.1600000000003,0.09,3929.6,normal,639.0,0.29,789.04,523.47,6,1074.86,85,0,488.86,1996.04,Freelance,1359.26,Rent,Positive,99.0,Low,1010.6,0,707.2399999999993,84.46104495320122,17.33620424484774
2019-06-30,1404,3435.79,3275.36,0.24,3565.88,inflation,752.0,0.19,516.25,408.05,2,1792.07,56,0,154.07,1991.48,Mixed,1129.81,Utilities,Negative,27.4,Low,1648.1,0,160.42999999999984,95.33062265155904,15.025656399256066
2019-07-30,1790,4064.85,3454.43,0.29,3156.36,normal,622.0,0.53,453.53,109.62,2,717.83,90,0,670.31,1825.0,Salary,959.12,Insurance,Neutral,46.8,High,915.73,0,610.4200000000001,84.98296370099757,11.157361280244043
2019-08-29,1330,3337.68,3959.11,0.32,2633.47,recession,708.0,0.22,565.56,347.21,9,1009.97,79,0,439.11,2319.7,Salary,1200.3,Transportation,Positive,9.4,Medium,206.05,0,-621.4300000000003,118.61862131780158,16.944704105845975
2019-09-28,1000,3374.92,4223.389999999999,0.38,3863.29,inflation,677.0,0.36,527.88,402.65,8,1110.1,61,0,456.4,2245.69,Freelance,1521.3,Dining Out,Negative,31.7,Low,0.0,0,-848.4699999999993,125.14044777357685,15.641259644673058
2019-10-28,1442,5648.53,4867.8,0.24,2741.21,inflation,721.0,0.27,362.03,325.6,3,1037.32,49,0,551.62,2644.91,Freelance,1671.27,Healthcare,Neutral,69.9,Low,1547.67,0,780.7299999999996,86.178173790349,6.4092781661777485
2019-11-27,1556,5018.91,5131.36,0.05,3687.43,normal,629.0,0.53,499.13,298.47,3,1105.21,61,0,562.41,3039.23,Salary,1529.72,Insurance,Positive,57.6,High,1812.02,0,-112.44999999999982,102.24052632942214,9.944988055175328
2019-12-27,1190,3459.71,3702.5199999999995,0.27,2128.75,normal,674.0,0.5,311.31,0.0,7,1775.81,80,0,439.2,2412.54,Salary,850.78,Transportation,Positive,57.4,Low,451.99,0,-242.8099999999995,107.01821828997227,8.998153024386436
2020-01-26,1042,6256.88,3452.33,0.38,2677.07,normal,634.0,0.49,972.68,177.41,7,424.52,34,0,710.08,1759.63,Salary,982.62,Groceries,Positive,46.1,Low,1520.46,0,2804.55,55.17654166293744,15.545767219444834
2020-02-25,1980,5411.25,4754.9,0.22,2999.41,recession,728.0,0.3,422.93,224.21,7,798.53,32,0,444.74,2285.16,Salary,2025.0,Utilities,Positive,83.2,Low,2675.62,0,656.3500000000004,87.87063987063986,7.8157542157542155
2020-03-26,1798,1818.94,4071.17,0.18,3037.3,normal,686.0,0.5,335.67,674.57,7,1161.2,45,0,295.75,2342.52,Freelance,1432.9,Dining Out,Positive,91.1,Low,0.0,0,-2252.23,223.82101663606275,18.454154617524495
2020-04-25,1647,5174.97,5035.55,0.27,2379.14,recession,686.0,0.25,262.04,301.27,1,437.83,82,0,460.93,3113.47,Salary,1461.15,Healthcare,Positive,50.5,High,2033.7,0,139.42000000000007,97.3058781017088,5.063604233454493
2020-05-25,1811,2473.08,3262.26,0.38,3160.06,normal,615.0,0.56,381.69,559.53,8,227.19,95,0,619.72,1550.85,Salary,1091.69,Utilities,Positive,29.5,Medium,42.56,0,-789.1800000000003,131.91081566305985,15.43379106215731
2020-06-24,1078,5640.42,3614.11,0.28,3145.3,normal,692.0,0.29,363.17,729.6,6,1088.89,36,0,582.11,2198.75,Salary,833.25,Insurance,Neutral,89.5,Low,1910.26,0,2026.31,64.0751929820829,6.438704919137228
2020-07-24,1568,3900.79,3106.26,0.38,2803.2,normal,716.0,0.13,532.42,783.78,1,402.51,38,0,491.3,1270.7,Salary,1344.26,Healthcare,Neutral,23.8,Medium,1665.88,0,794.5299999999997,79.63156181183813,13.649030068268223
2020-08-23,1772,4044.47,3165.25,0.22,2375.21,normal,740.0,0.12,413.36,20.9,8,1162.56,39,0,317.81,1753.23,Salary,1094.21,Education,Neutral,43.3,Low,1967.98,0,879.2199999999998,78.26118131671146,10.2203749811471
2020-09-22,1384,3441.08,4066.56,0.12,2423.31,normal,668.0,0.11,484.03,220.58,5,1276.51,22,0,193.29,2597.37,Salary,1275.9,Entertainment,Negative,90.4,Low,1008.02,0,-625.48,118.17685145361341,14.066223394980645
2020-10-22,1146,3310.43,3893.35,0.3,2468.87,inflation,670.0,0.32,702.11,551.23,9,342.59,62,0,287.87,1988.78,Freelance,1616.7,Utilities,Neutral,4.7,Medium,698.51,0,-582.9200000000001,117.6085886123555,21.209027226070333
2020-11-21,1790,4449.06,3212.18,0.31,3056.07,normal,649.0,0.22,640.22,488.72,5,220.03,37,0,330.64,1430.24,Mixed,1451.3,Transportation,Positive,78.9,Low,1276.13,0,1236.8800000000006,72.1990712644918,14.390005978791025
2020-12-21,1922,4979.17,2788.53,0.26,2324.15,recession,707.0,0.19,689.15,392.05,5,462.23,24,0,601.34,1123.95,Freelance,1063.24,Education,Negative,8.0,Medium,3495.73,1,2190.64,56.003912298636116,13.84066019035301
2021-01-20,1729,2223.77,4176.08,0.4,2779.55,normal,602.0,0.45,519.0,238.4,8,755.98,98,0,662.48,2465.43,Mixed,1048.17,Rent,Negative,33.6,Medium,392.55,0,-1952.31,187.79280231318887,23.338744564410888
2021-02-19,1748,3784.07,5875.76,0.39,2452.14,recession,703.0,0.55,944.88,108.83,1,866.83,55,0,529.71,3712.09,Mixed,1633.96,Investments,Positive,19.1,Low,1236.0,0,-2091.69,155.27619732193114,24.969939773841393
2021-03-21,1198,4544.68,2978.7000000000003,0.38,2807.31,recession,671.0,0.47,521.69,560.04,6,727.37,68,0,301.9,1646.0,Salary,1030.8,Dining Out,Negative,91.8,Medium,1366.1,0,1565.98,65.5425684536645,11.479136044782031
2021-04-20,1519,2597.03,3746.79,0.35,2296.27,normal,772.0,0.22,574.15,332.43,2,1070.81,78,0,525.81,2011.39,Salary,1209.59,Rent,Neutral,18.3,Medium,0.0,0,-1149.7599999999998,144.27211083429916,22.107946384908914
2021-05-20,1929,2557.58,4218.5,0.06,2115.26,recession,685.0,0.47,517.01,371.61,2,1223.64,33,0,647.54,2443.87,Salary,1127.09,Education,Neutral,37.2,Low,0.0,0,-1660.92,164.9410771119574,20.21481243988458
2021-06-19,1128,2943.7,3678.27,0.12,2877.6,inflation,703.0,0.6,516.48,808.93,2,322.87,74,0,925.69,1648.02,Salary,1104.56,Education,Positive,51.5,Medium,826.76,0,-734.5700000000002,124.953969494174,17.54526616163332
2021-07-19,1499,2018.05,3871.87,0.26,2439.22,normal,747.0,0.23,342.92,69.41,9,1418.83,49,0,745.89,2116.14,Freelance,1009.84,Entertainment,Positive,91.7,Low,0.0,0,-1853.82,191.86194593791035,16.99264141126335
2021-08-18,1085,1269.43,4408.2300000000005,0.1,2676.06,recession,720.0,0.39,500.71,14.84,4,592.81,79,0,531.18,2666.9,Salary,1210.15,Insurance,Negative,99.9,Low,0.0,0,-3138.8,347.2605815208401,39.44368732423213
2021-09-17,1623,5850.03,3700.02,0.34,3021.81,inflation,640.0,0.21,0.76,0.0,5,557.92,66,0,268.55,2139.14,Salary,1292.33,Utilities,Positive,60.9,Low,2249.25,0,2150.0099999999998,63.24788078009856,0.012991386368958793
2021-10-17,1094,3195.04,3195.06,0.38,3121.99,normal,655.0,0.55,607.57,245.19,2,480.94,43,0,277.54,1861.17,Salary,1056.35,Transportation,Negative,62.5,High,1585.93,0,-0.01999999999998181,100.00062597025389,19.016037357904754
2021-11-16,1898,3535.09,3644.2599999999998,0.14,3236.71,normal,657.0,0.25,719.36,628.42,6,1078.83,35,0,351.95,2341.1,Salary,951.21,Dining Out,Neutral,36.1,Low,0.0,0,-109.16999999999962,103.08818163045352,20.349128310736077
2021-12-16,1836,4883.1,4232.52,0.33,2662.07,normal,702.0,0.55,567.79,782.52,4,1218.23,73,0,496.18,2411.39,Salary,1324.95,Utilities,Positive,45.0,High,1930.06,0,650.5799999999999,86.67690606377096,11.627654563699288
2022-01-15,1435,2723.47,4686.1900000000005,0.22,3608.46,normal,726.0,0.52,734.25,378.09,1,466.61,65,0,536.18,2159.88,Freelance,1990.13,Transportation,Positive,11.5,High,0.0,0,-1962.7200000000007,172.06688526034804,26.960091354044657
2022-02-14,1153,3857.32,2992.96,0.36,1991.53,normal,665.0,0.44,743.16,444.38,7,982.22,92,0,474.4,1547.33,Salary,971.23,Healthcare,Neutral,8.9,Low,869.89,0,864.3600000000001,77.591695788786,19.266226291829557
2022-03-16,1362,1762.91,3633.5999999999995,0.17,3078.71,normal,719.0,0.36,626.41,578.41,3,862.23,47,0,471.16,2694.49,Salary,467.95,Dining Out,Negative,67.5,Medium,0.0,0,-1870.6899999999994,206.11375509810478,35.53272713865143
2022-04-15,1486,4595.14,6318.5,0.08,2525.23,normal,634.0,0.38,436.57,209.76,2,1822.99,43,0,1049.52,3700.56,Salary,1568.42,Utilities,Positive,38.8,High,2761.25,1,-1723.3599999999997,137.50397158737272,9.500689859286114
2022-05-15,1194,4139.34,3612.4199999999996,0.07,3251.07,normal,687.0,0.58,700.75,637.71,7,98.69,67,0,212.06,1940.04,Salary,1460.32,Dining Out,Positive,54.6,Medium,1353.5,0,526.9200000000005,87.27043441708096,16.929027332859828
2022-06-14,1227,4572.35,4983.44,0.33,2277.32,normal,730.0,0.5,555.67,546.92,2,1677.19,55,0,422.44,3333.4,Salary,1227.6,Transportation,Negative,39.9,High,2297.2,1,-411.08999999999924,108.9907815455947,12.152831694861502
2022-07-14,1514,5238.6,3729.06,0.19,2859.72,normal,714.0,0.53,210.34,232.09,6,653.61,91,0,360.5,2024.95,Salary,1343.61,Education,Positive,62.5,Low,2057.42,0,1509.5400000000004,71.1842858779063,4.015194899400603
2022-08-13,1751,3818.35,4491.99,0.19,3270.15,recession,741.0,0.22,606.92,426.53,8,1018.47,60,0,802.26,2039.84,Salary,1649.89,Education,Neutral,68.6,Medium,1756.87,0,-673.6399999999999,117.64217528513625,15.894823680385507
2022-09-12,1732,4353.8,3732.29,0.1,2447.53,recession,707.0,0.37,279.4,77.12,5,1492.63,61,0,849.96,2377.79,Salary,504.54,Utilities,Neutral,63.8,Low,2562.47,1,621.5100000000002,85.72488400937111,6.4173825164224345
2022-10-12,1036,4033.62,4217.16,0.16,2974.18,normal,670.0,0.44,656.94,389.49,6,1021.55,72,0,364.46,2860.72,Salary,991.98,Utilities,Neutral,16.9,Low,2021.66,0,-183.53999999999996,104.55025510583545,16.28661103425707
2022-11-11,1353,3698.63,4259.79,0.32,2752.33,recession,706.0,0.23,408.45,111.48,6,1044.17,68,0,449.06,2378.68,Salary,1432.05,Dining Out,Negative,25.6,Low,1074.06,0,-561.1599999999999,115.1721042656335,11.043278186788081
2022-12-11,1959,4272.22,2778.12,0.09,2256.99,recession,675.0,0.52,600.79,297.99,7,588.72,71,0,392.68,1334.51,Salary,1050.93,Entertainment,Positive,86.9,High,1142.56,0,1494.1000000000004,65.02755007934984,14.062712126248178
2023-01-10,1374,5191.39,3784.32,0.19,3547.59,inflation,716.0,0.56,537.83,406.48,7,813.43,24,0,625.61,1980.08,Salary,1178.63,Utilities,Positive,43.3,High,2161.06,0,1407.0700000000002,72.89608370783162,10.360038448276859
2023-02-09,1349,4223.84,3935.51,0.33,3794.28,normal,663.0,0.28,300.12,560.43,6,774.4,25,0,290.59,2450.63,Freelance,1194.29,Healthcare,Positive,21.8,Medium,1479.18,0,288.3299999999999,93.17374711163302,7.1053827796507445
2023-03-11,1420,3415.3,4013.74,0.37,2505.83,normal,623.0,0.37,369.4,201.78,7,1271.04,87,0,435.12,1906.64,Freelance,1671.98,Transportation,Negative,77.5,Medium,0.0,0,-598.4399999999996,117.52232600357215,10.816033730565396
2023-04-10,1465,3085.25,3785.81,0.19,2588.05,inflation,657.0,0.25,633.99,545.61,7,739.01,34,0,472.1,1373.17,Salary,1940.54,Healthcare,Positive,95.1,Low,618.06,0,-700.56,122.70674985819625,20.549064095292117
2023-05-10,1541,4573.19,4874.47,0.06,3403.07,inflation,642.0,0.35,670.77,719.6,6,1172.33,67,0,389.18,2505.42,Mixed,1979.87,Education,Positive,67.2,Medium,1127.9,0,-301.28000000000065,106.58796157605524,14.667442201176861
2023-06-09,1746,2675.59,3504.5,0.21,3754.86,normal,679.0,0.21,306.99,418.89,9,134.48,54,0,248.63,1759.86,Salary,1496.01,Utilities,Positive,46.2,High,0.0,0,-828.9099999999999,130.98045664694516,11.473731027549064
2023-07-09,1654,2206.67,1953.14,0.06,2431.57,normal,659.0,0.57,672.7,327.69,7,1004.94,34,0,89.76,1114.99,Salary,748.39,Insurance,Positive,28.1,Low,0.0,0,253.52999999999997,88.51074243090268,30.48484821019908
2023-08-08,1598,4274.77,4439.81,0.34,3259.04,normal,607.0,0.16,159.55,734.49,8,895.15,52,0,822.67,2285.4,Freelance,1331.74,Healthcare,Positive,24.4,Medium,1325.06,0,-165.03999999999996,103.86079251047424,3.732364548268094
2023-09-07,1575,3072.97,3094.18,0.28,2137.69,normal,647.0,0.49,530.18,381.05,2,1255.95,50,0,524.66,2250.85,Salary,318.67,Healthcare,Positive,94.6,High,441.72,0,-21.210000000000036,100.69021174954523,17.253015812064547
2023-10-07,1232,3708.16,3590.3100000000004,0.18,2564.35,normal,644.0,0.49,676.63,547.28,7,0.0,39,0,557.38,1660.45,Salary,1372.48,Dining Out,Negative,6.6,High,1023.44,0,117.84999999999945,96.82187392129791,18.24705514325164
2023-11-06,1827,4226.82,3266.7200000000003,0.24,2301.23,normal,656.0,0.46,683.38,646.02,1,512.03,88,0,91.09,2126.5,Salary,1049.13,Insurance,Positive,79.8,Low,0.0,0,960.0999999999995,77.28552434217687,16.167710004211205
2019-01-01,1332,3100.33,3595.51,0.12,2793.26,inflation,681.0,0.28,607.58,778.53,4,535.53,75,0,598.01,1935.92,Salary,1061.58,Healthcare,Positive,61.9,Low,1130.16,0,-495.1800000000003,115.9718481580993,19.597268677850423
2019-01-31,1663,4236.99,3870.6800000000003,0.18,2546.93,normal,692.0,0.4,262.39,804.66,5,1472.66,84,0,441.42,2626.31,Salary,802.95,Healthcare,Neutral,16.9,Low,1732.87,0,366.3099999999995,91.35447570091033,6.1928397282032766
2019-03-02,1126,2922.2,3793.9700000000003,0.2,2673.81,normal,612.0,0.25,544.74,199.25,3,1588.49,90,0,649.32,2203.48,Salary,941.17,Dining Out,Negative,7.7,Low,220.28,0,-871.7700000000004,129.83266032441315,18.641434535623848
2019-04-01,1435,4263.67,3317.98,0.18,2968.67,recession,660.0,0.24,599.31,197.69,3,1238.69,22,0,129.6,2295.86,Salary,892.52,Entertainment,Positive,51.2,Low,1221.77,0,945.69,77.81981250894182,14.056200409506362
2019-05-01,1273,3458.05,3965.65,0.12,3102.21,normal,636.0,0.58,623.33,214.2,6,1014.4,70,0,735.6,2930.05,Mixed,300.0,Utilities,Positive,0.9,Low,351.9,0,-507.5999999999999,114.67879296135104,18.02547678604994
2019-05-31,1179,5396.13,3865.69,0.36,2698.83,recession,604.0,0.14,562.63,369.02,2,1410.81,56,0,391.64,2880.23,Salary,593.82,Healthcare,Neutral,55.1,Medium,2865.43,1,1530.44,71.63819255651735,10.426546432350591
2019-06-30,1629,4949.43,3142.1,0.28,2458.55,inflation,764.0,0.39,449.72,250.99,7,1522.46,68,0,119.86,1758.4,Salary,1263.84,Insurance,Neutral,57.8,Medium,2998.78,1,1807.3300000000004,63.484077964533284,9.086298826329497
2019-07-30,1638,4403.65,4630.14,0.06,2692.09,normal,696.0,0.25,706.83,237.34,3,563.72,50,0,629.58,2528.88,Salary,1471.68,Investments,Neutral,88.0,Low,3807.4,1,-226.4900000000007,105.14323345406653,16.051003145118255
2019-08-29,1183,3335.29,4625.91,0.3,2721.65,normal,686.0,0.24,386.68,153.58,4,1154.56,51,0,522.07,2007.5,Salary,2096.34,Utilities,Positive,82.4,High,0.0,0,-1290.62,138.69588551520258,11.593594559993283
2019-09-28,1072,3396.12,3996.5699999999997,0.26,2760.99,inflation,651.0,0.4,380.08,0.0,4,437.95,59,0,253.96,1845.56,Freelance,1897.05,Transportation,Neutral,49.8,Low,274.21,0,-600.4499999999998,117.68047065474718,11.191595114424697
2019-10-28,1703,4066.63,4514.71,0.15,2376.57,recession,666.0,0.11,332.83,652.29,8,1242.39,43,0,401.36,2540.26,Salary,1573.09,Groceries,Positive,41.7,Low,0.0,0,-448.0799999999999,111.0184600025082,8.184418056228376
2019-11-27,1818,2558.08,4587.679999999999,0.2,2908.77,normal,798.0,0.47,472.82,295.35,8,1451.3,35,0,315.86,2812.71,Salary,1459.11,Dining Out,Positive,76.9,Low,0.0,0,-2029.5999999999995,179.340755566675,18.483393795346508
2019-12-27,1659,3762.0,4113.08,0.33,3385.31,inflation,668.0,0.56,932.6,448.53,5,1660.75,77,0,318.21,3012.81,Salary,782.06,Investments,Positive,35.9,Medium,188.74,0,-351.0799999999999,109.33227006911217,24.790005316321107
2020-01-26,1502,3570.21,3455.32,0.33,2523.44,normal,691.0,0.52,482.56,244.84,6,373.3,45,0,649.85,1484.72,Salary,1320.75,Healthcare,Positive,93.3,Low,0.0,0,114.88999999999987,96.78198201226259,13.516291758748084
2020-02-25,1393,3419.02,4507.14,0.25,3280.58,normal,800.0,0.13,193.55,0.0,2,697.17,73,0,606.16,2286.08,Freelance,1614.9,Insurance,Neutral,93.5,Low,0.0,0,-1088.1200000000003,131.8254938549643,5.660978876988143
2020-03-26,1082,5262.83,4337.36,0.3,2331.17,normal,810.0,0.55,421.44,847.02,7,2563.51,32,0,575.95,2734.46,Salary,1026.95,Insurance,Negative,18.2,Low,3335.48,1,925.4700000000003,82.41497445290841,8.007858889608823
2020-04-25,1294,3854.89,3579.45,0.14,2346.98,normal,719.0,0.17,477.79,202.27,4,1286.49,73,0,753.26,1740.0,Freelance,1086.19,Transportation,Neutral,20.0,Medium,1411.45,0,275.44000000000005,92.85478963083253,12.394387388485795
2020-05-25,1316,4729.02,3415.27,0.15,2857.35,normal,716.0,0.13,175.21,93.45,4,621.91,83,0,420.68,2694.59,Salary,300.0,Rent,Positive,11.6,Medium,0.0,0,1313.7500000000005,72.21940275152144,3.7049959611082213
2020-06-24,1928,3654.53,6288.39,0.13,3017.54,normal,560.0,0.3,235.67,468.23,3,1042.39,53,0,1107.33,3528.84,Salary,1652.22,Rent,Negative,23.5,Low,1461.51,0,-2633.86,172.07110079818747,6.448708862699169
2020-07-24,1781,4176.06,4622.32,0.07,2409.61,recession,701.0,0.5,283.92,585.04,5,68.29,47,0,246.48,1775.58,Freelance,2600.26,Transportation,Positive,54.8,High,671.78,0,-446.2599999999993,110.68614914536667,6.798752891481444
2020-08-23,1758,3102.43,4041.7400000000002,0.17,3321.94,inflation,694.0,0.19,499.21,464.43,5,210.15,48,0,373.02,2765.77,Salary,902.95,Insurance,Positive,16.5,High,0.0,0,-939.3100000000004,130.27658964102332,16.090935170173058
2020-09-22,1284,4387.46,4021.45,0.29,2840.96,normal,678.0,0.1,766.81,484.51,2,1459.14,79,0,418.04,2376.36,Salary,1227.05,Healthcare,Positive,44.4,Low,1773.46,0,366.0100000000002,91.6578156837897,17.47731033445319
2020-10-22,1212,4754.98,4403.86,0.25,2969.1,normal,633.0,0.21,666.56,477.38,5,726.0,64,0,580.17,2177.99,Mixed,1645.7,Dining Out,Positive,18.8,Low,2019.37,0,351.1199999999999,92.61574181174264,14.018145186730543
2020-11-21,1862,5579.55,2366.0,0.29,2276.64,normal,622.0,0.51,632.87,151.23,7,1033.69,81,0,349.68,1714.04,Salary,302.28,Insurance,Neutral,56.8,High,3580.96,1,3213.55,42.404853438001275,11.342671003934008
2020-12-21,1668,4648.23,3707.91,0.12,3037.35,recession,634.0,0.27,600.86,332.06,5,855.97,80,0,627.91,1308.18,Salary,1771.82,Transportation,Neutral,63.9,Low,1658.03,0,940.3199999999997,79.7703642031483,12.926640893415344
2021-01-20,1137,2880.75,4161.51,0.09,2671.61,normal,700.0,0.56,592.21,615.68,9,745.66,85,0,630.94,1910.13,Salary,1620.44,Utilities,Positive,34.9,Medium,791.97,0,-1280.7600000000002,144.459255402239,20.557493708235704
2021-02-19,1776,2052.62,5299.9,0.18,2518.78,normal,673.0,0.39,502.51,0.0,8,360.21,29,0,349.66,3016.01,Salary,1934.23,Dining Out,Positive,33.2,Medium,0.0,0,-3247.2799999999997,258.2017129327396,24.481394510430572
2021-03-21,1114,5496.62,3770.8,0.28,3069.8,recession,724.0,0.4,738.8,651.85,2,1993.44,37,0,586.42,2355.69,Salary,828.69,Education,Positive,31.5,Low,2021.26,0,1725.8199999999997,68.60215914507461,13.440987370420368
2021-04-20,1151,4443.96,3951.6400000000003,0.38,2084.6,normal,681.0,0.18,448.94,419.96,4,1858.57,46,0,461.75,1671.16,Salary,1818.73,Healthcare,Negative,22.8,High,2577.6,1,492.3199999999997,88.92159245357745,10.102251145374845
2021-05-20,1627,2435.41,4116.41,0.06,2527.42,normal,692.0,0.31,745.68,394.69,4,1314.19,46,0,332.73,2472.63,Salary,1311.05,Investments,Negative,25.2,High,0.0,0,-1681.0,169.02328560694093,30.618253189401372
2021-06-19,1711,3093.8,3491.97,0.25,2987.48,normal,777.0,0.33,473.49,83.52,4,1451.56,22,0,558.65,2294.99,Mixed,638.33,Education,Positive,42.0,High,0.0,0,-398.1699999999996,112.86993341521752,15.304479927597129
2021-07-19,1148,4615.7,2414.6499999999996,0.37,3021.24,normal,661.0,0.11,153.5,148.75,5,1125.06,73,0,228.43,1757.32,Salary,428.9,Groceries,Positive,55.6,High,1384.43,0,2201.05,52.313841887471014,3.3256060835842884
2021-08-18,1475,3928.51,1999.1399999999999,0.13,3028.4,normal,632.0,0.58,642.56,323.29,4,1044.66,28,0,478.36,1006.97,Salary,513.81,Entertainment,Positive,66.4,Low,814.8,0,1929.3700000000003,50.88799570320553,16.356328480772607
2021-09-17,1845,2112.75,4045.38,0.18,2930.49,recession,661.0,0.18,289.2,515.71,9,830.84,43,0,299.8,2587.25,Freelance,1158.33,Utilities,Negative,16.7,High,0.0,0,-1932.63,191.47461838835642,13.688320908768192
2021-10-17,1172,5219.66,4424.719999999999,0.1,3586.82,normal,648.0,0.56,710.58,448.0,7,1625.65,85,0,329.86,1831.12,Salary,2263.74,Dining Out,Positive,97.5,Low,2883.27,0,794.9400000000005,84.770272393221,13.613530383205038
2021-11-16,1314,4946.59,3442.9700000000003,0.27,2769.65,normal,622.0,0.46,336.92,595.05,4,1078.84,29,0,456.76,1847.29,Salary,1138.92,Investments,Neutral,63.5,Low,1135.38,0,1503.62,69.60289815812509,6.811156776688588
2021-12-16,1358,2973.34,4785.44,0.17,3276.93,recession,700.0,0.43,669.32,69.14,2,646.8,74,0,795.14,2676.45,Salary,1313.85,Healthcare,Neutral,90.3,Low,0.0,0,-1812.0999999999995,160.94493061674748,22.51071185939045
2022-01-15,1768,1789.65,3486.2400000000007,0.1,3790.92,normal,591.0,0.49,814.75,530.92,6,766.87,59,0,554.72,2337.8,Freelance,593.72,Entertainment,Positive,75.7,Low,0.0,0,-1696.5900000000006,194.80010057832538,45.52566144218143
2022-02-14,1916,5224.27,3127.03,0.12,2229.61,inflation,645.0,0.19,527.41,353.8,6,640.33,49,0,424.75,2231.63,Salary,470.65,Entertainment,Positive,34.3,High,2288.3,1,2097.2400000000002,59.85582674708619,10.095381747114907
2022-03-16,1045,5699.57,2780.05,0.08,2782.39,normal,666.0,0.24,686.07,484.15,8,647.94,20,0,505.08,1389.66,Salary,885.31,Rent,Neutral,86.2,Medium,1874.23,0,2919.5199999999995,48.7764866472383,12.03722386074739
2022-04-15,1589,2503.84,4626.54,0.14,2682.67,inflation,679.0,0.35,622.72,507.23,9,880.14,55,0,645.57,2715.61,Salary,1265.36,Entertainment,Positive,68.7,Medium,0.0,0,-2122.7,184.77778132788038,24.870598760304173
2022-05-15,1538,3535.93,3907.1000000000004,0.39,2349.47,recession,669.0,0.43,635.05,458.59,4,1861.44,46,0,642.55,1956.51,Freelance,1308.04,Utilities,Positive,8.6,Low,332.57,0,-371.1700000000005,110.49709694479249,17.95991436482057
2022-06-14,1275,3948.8,3345.1600000000003,0.18,3002.57,normal,709.0,0.27,627.71,196.33,4,733.66,29,0,666.32,1283.49,Mixed,1395.35,Transportation,Negative,21.8,High,574.57,0,603.6399999999999,84.71333063209076,15.896221636952998
2022-07-14,1938,3410.99,3041.2999999999997,0.13,3381.34,recession,780.0,0.1,211.96,495.09,3,621.89,37,0,613.14,1206.58,Salary,1221.58,Dining Out,Negative,62.8,Low,1655.77,0,369.69000000000005,89.16179760128291,6.214031703405757
2022-08-13,1832,4483.12,4418.820000000001,0.13,2457.66,normal,715.0,0.13,449.08,429.64,6,951.52,84,0,853.55,2198.8,Salary,1366.47,Utilities,Positive,60.4,Low,164.09,0,64.29999999999927,98.56573100876177,10.017130926676064
2022-09-12,1795,3890.97,3925.1900000000005,0.32,3024.77,normal,689.0,0.39,210.47,601.84,8,163.8,63,0,292.75,2349.03,Salary,1283.41,Entertainment,Positive,66.1,Medium,460.37,0,-34.22000000000071,100.87947221386958,5.409191024346114
2022-10-12,1925,3813.72,4360.92,0.37,2863.75,normal,733.0,0.48,589.43,905.64,1,617.73,72,0,854.01,2268.94,Mixed,1237.97,Groceries,Positive,76.2,Low,351.38,0,-547.2000000000003,114.34819546269786,15.455513252152752
2022-11-11,1555,2321.86,3806.37,0.37,2907.94,normal,682.0,0.33,821.64,289.22,4,0.0,24,0,346.17,2657.93,Freelance,802.27,Groceries,Negative,24.1,Low,0.0,0,-1484.5099999999998,163.93624077248413,35.38714651184826
2022-12-11,1877,4203.83,4933.320000000001,0.34,3269.85,recession,753.0,0.56,434.34,50.09,3,467.21,92,0,727.21,2484.92,Salary,1721.19,Utilities,Positive,47.9,High,0.0,0,-729.4900000000007,117.35298525392321,10.3320067652593
2023-01-10,1740,3719.17,3830.61,0.06,3311.15,inflation,681.0,0.13,914.02,537.05,4,1815.34,79,0,533.56,2493.51,Salary,803.54,Investments,Negative,66.0,Medium,0.0,0,-111.44000000000005,102.99636746908585,24.575913443053153
2023-02-09,1992,5121.67,3684.83,0.22,2152.84,inflation,619.0,0.55,601.15,257.01,4,1111.54,82,0,621.55,1861.58,Salary,1201.7,Utilities,Positive,91.7,Low,2832.29,1,1436.8400000000001,71.94586921843852,11.737382533431477
2023-03-11,1314,3214.75,3811.85,0.3,2138.63,normal,722.0,0.33,454.97,222.94,3,1320.38,66,0,352.64,2105.87,Salary,1353.34,Utilities,Neutral,19.6,Low,1089.02,0,-597.0999999999999,118.57376156777354,14.152577960961196
2023-04-10,1995,3430.52,4057.72,0.25,2462.67,inflation,731.0,0.35,477.57,363.37,4,766.08,90,0,533.32,1807.12,Salary,1717.28,Education,Positive,70.1,Medium,46.86,0,-627.1999999999998,118.28294252766345,13.92121311054884
2023-05-10,1377,4689.51,2920.7,0.31,1688.49,recession,595.0,0.41,981.17,0.0,6,998.12,81,0,345.49,1690.71,Mixed,884.5,Investments,Positive,95.7,Low,2564.08,1,1768.8100000000004,62.28156033359561,20.92265503218886
2023-06-09,1455,2806.32,3419.8,0.21,3950.56,normal,585.0,0.31,304.26,430.75,6,1935.16,51,0,461.79,1971.24,Salary,986.77,Rent,Positive,50.5,Low,0.0,0,-613.48,121.86065737335727,10.84195672624647
2023-07-09,1395,4840.18,3694.0499999999997,0.16,3034.11,inflation,622.0,0.49,154.45,128.43,4,692.75,35,0,838.39,1863.48,Salary,992.18,Transportation,Neutral,24.6,Low,2015.18,0,1146.1300000000006,76.32050874141044,3.19099702903611
2023-08-08,1271,4240.52,4301.47,0.21,2375.82,normal,727.0,0.14,552.06,577.56,2,1481.37,30,0,812.38,2010.91,Freelance,1478.18,Insurance,Neutral,67.5,High,1328.45,0,-60.94999999999982,101.43732372444889,13.01868638751851
2023-09-07,1488,3016.46,3997.4,0.06,2831.4,normal,708.0,0.21,606.54,366.49,2,396.94,99,0,538.07,2030.54,Salary,1428.79,Insurance,Neutral,91.1,Low,0.0,0,-980.94,132.51957592674856,20.107675884977755
2023-10-07,1153,4012.15,3146.1400000000003,0.32,2098.94,normal,669.0,0.13,554.36,509.31,2,2282.94,73,0,499.34,2079.25,Salary,567.55,Investments,Neutral,22.4,Medium,559.79,0,866.0099999999998,78.41531348528844,13.817030769039043
2023-11-06,1891,2791.51,3983.71,0.38,2442.02,normal,688.0,0.35,559.33,622.26,5,848.97,71,0,810.0,1501.37,Salary,1672.34,Entertainment,Positive,99.9,Low,0.0,0,-1192.1999999999998,142.70806839309188,20.036825947247188
2019-01-01,1297,4442.01,3768.1800000000003,0.26,3945.33,inflation,754.0,0.26,363.8,0.0,4,359.89,55,0,733.97,2697.83,Salary,336.38,Insurance,Positive,82.5,Medium,1242.97,0,673.8299999999999,84.83051591509249,8.18998606486703
2019-01-31,1427,4349.07,5067.6900000000005,0.19,3201.64,normal,665.0,0.35,306.06,450.06,6,2078.38,23,0,345.98,2926.05,Salary,1795.66,Insurance,Neutral,82.9,Low,1901.25,0,-718.6200000000008,116.52353261731821,7.037366609413047
2019-03-02,1979,5034.77,4357.77,0.27,3518.1,normal,669.0,0.37,596.82,148.88,5,1302.15,82,0,631.48,2350.99,Salary,1375.3,Groceries,Positive,91.2,High,710.78,0,677.0,86.5535069129275,11.853967509935906
2019-04-01,1845,4177.84,4392.72,0.4,3119.13,normal,736.0,0.45,324.11,434.08,7,192.0,67,0,538.08,2787.68,Mixed,1066.96,Entertainment,Positive,65.3,Low,2372.0,0,-214.8800000000001,105.14332765256688,7.757836585412557
2019-05-01,1865,3712.59,3894.01,0.06,2680.55,recession,679.0,0.1,605.87,61.53,1,652.5,87,0,614.34,2527.91,Salary,751.76,Healthcare,Positive,37.7,Medium,1007.11,0,-181.42000000000007,104.8866155433269,16.319335019487742
2019-05-31,1750,3947.15,1902.8700000000001,0.18,2609.58,recession,710.0,0.14,199.47,670.2,8,518.93,67,0,340.24,1000.0,Salary,562.63,Dining Out,Positive,82.3,Low,608.85,0,2044.28,48.208707548484355,5.053519628086088
2019-06-30,1261,5115.83,2996.59,0.13,1981.72,normal,678.0,0.36,755.37,316.45,9,768.76,48,0,251.33,1498.16,Freelance,1247.1,Education,Negative,98.7,Low,1246.33,0,2119.24,58.574854911128796,14.76534599468708
2019-07-30,1451,3114.69,3312.5399999999995,0.3,2391.5,normal,591.0,0.11,934.4,683.31,3,1060.49,77,0,433.18,1380.29,Salary,1499.07,Dining Out,Positive,65.3,Low,603.56,0,-197.84999999999945,106.35215703649479,29.999775258532953
2019-08-29,1212,3982.15,2222.7899999999995,0.12,2288.14,normal,666.0,0.56,514.24,158.99,2,1228.02,48,0,154.93,1286.58,Freelance,781.28,Entertainment,Positive,70.7,Low,1994.7,0,1759.3600000000006,55.818841580553205,12.913627060758634
2019-09-28,1035,4483.58,3570.8999999999996,0.12,1672.27,inflation,661.0,0.18,190.4,209.18,6,747.42,71,0,431.81,2178.74,Salary,960.35,Rent,Negative,0.9,Low,512.87,0,912.6800000000003,79.64394524018752,4.246606506407826
2019-10-28,1805,4635.73,4119.84,0.35,2868.4,normal,697.0,0.17,293.81,328.38,5,618.92,85,0,395.23,2479.05,Salary,1245.56,Entertainment,Positive,78.9,Low,2048.56,0,515.8899999999994,88.87143988109749,6.337944617136891
2019-11-27,1016,4328.95,3490.41,0.13,3695.99,normal,643.0,0.46,510.03,484.59,7,2485.71,82,0,711.89,2186.7,Salary,591.82,Utilities,Negative,83.6,Low,1327.92,0,838.54,80.6294829000104,11.781840862102818
2019-12-27,1343,4441.11,3892.48,0.18,1800.28,recession,755.0,0.36,617.11,474.6,9,0.0,39,0,153.96,2780.44,Salary,958.08,Investments,Neutral,86.3,Medium,1644.32,0,548.6299999999997,87.64655682926116,13.895400023867907
2020-01-26,1873,5737.31,5452.56,0.18,2888.49,normal,736.0,0.47,581.67,128.57,6,335.67,72,0,697.76,3254.64,Salary,1500.16,Healthcare,Positive,81.7,High,2873.28,0,284.75,95.03687268075109,10.138374952721744
2020-02-25,1908,3664.79,4566.22,0.22,2879.68,normal,708.0,0.39,375.54,606.79,5,969.33,22,0,587.22,2225.48,Freelance,1753.52,Entertainment,Positive,96.0,Medium,1008.27,0,-901.4300000000003,124.59704375966973,10.247244726164393
2020-03-26,1371,4529.79,3840.4900000000002,0.06,2895.1,normal,687.0,0.23,858.29,178.38,4,1416.14,76,0,668.38,1000.0,Salary,2172.11,Transportation,Positive,51.6,Medium,1340.87,0,689.2999999999997,84.78295903342098,18.947677486152777
2020-04-25,1701,4457.4,3053.1,0.27,2427.06,normal,637.0,0.5,40.9,253.5,3,1365.4,94,0,456.27,1660.94,Salary,935.89,Groceries,Positive,55.8,Medium,1022.11,0,1404.2999999999997,68.49508682191411,0.9175752680935074
2020-05-25,1164,4351.16,3161.09,0.21,3659.21,normal,728.0,0.6,400.75,559.34,8,22.54,59,1,420.08,2376.71,Freelance,364.3,Insurance,Positive,28.2,Medium,1695.14,0,1190.0699999999997,72.64936246885888,9.210187628126752
2020-06-24,1482,6901.39,3927.06,0.32,1515.55,recession,655.0,0.44,314.53,241.2,6,1146.31,77,0,608.77,2104.47,Salary,1213.82,Investments,Positive,4.4,Low,4878.92,1,2974.3300000000004,56.90245008614207,4.557487694507918
2020-07-24,1351,2512.08,4797.099999999999,0.34,2973.19,normal,775.0,0.54,430.51,428.27,4,1438.22,85,0,206.03,2618.06,Mixed,1973.01,Investments,Neutral,69.2,Low,463.1,0,-2285.0199999999995,190.96127511862676,17.137591159517214
2020-08-23,1628,3609.0,3597.0299999999997,0.1,3060.24,inflation,689.0,0.44,407.94,660.45,5,1152.52,25,0,511.41,1787.56,Salary,1298.06,Dining Out,Positive,3.9,Low,0.0,0,11.970000000000255,99.66832917705734,11.303408146300914
2020-09-22,1566,1576.0,5136.7300000000005,0.07,2840.64,normal,637.0,0.6,406.19,395.14,5,1847.37,94,1,516.39,2749.87,Salary,1870.47,Transportation,Positive,78.4,Low,0.0,0,-3560.7300000000005,325.9346446700508,25.773477157360407
2020-10-22,1443,4181.71,3858.96,0.26,2863.62,recession,779.0,0.42,542.41,573.87,1,1362.8,20,0,482.59,2186.17,Mixed,1190.2,Groceries,Positive,31.5,Low,1267.27,0,322.75,92.28186555260886,12.971009467418831
2020-11-21,1007,4370.16,3452.99,0.14,3106.36,normal,694.0,0.32,657.92,304.25,3,1689.88,67,0,497.03,2145.91,Salary,810.05,Groceries,Negative,26.3,Low,3191.64,1,917.1700000000001,79.01289655298662,15.054826367913302
2020-12-21,1829,1452.07,3740.43,0.27,2931.08,normal,731.0,0.31,529.84,914.68,5,1128.0,24,0,338.17,2291.49,Salary,1110.77,Transportation,Neutral,93.9,Medium,0.0,0,-2288.3599999999997,257.592953507751,36.48859903448181
2021-01-20,1053,4763.56,3126.3500000000004,0.14,3845.96,normal,695.0,0.45,299.34,419.97,4,804.45,21,0,126.05,2030.42,Salary,969.88,Healthcare,Negative,33.1,Medium,1386.03,0,1637.21,65.63053682539949,6.283955696999721
2021-02-19,1777,3194.54,2699.3500000000004,0.18,1507.83,inflation,687.0,0.49,325.07,215.27,7,1304.1,64,0,646.88,1600.71,Salary,451.76,Transportation,Neutral,42.4,Medium,186.66,0,495.1899999999996,84.49886368616453,10.175799958679496
2021-03-21,1271,2609.38,3976.23,0.25,3313.67,recession,716.0,0.35,345.44,220.63,7,860.84,37,0,535.4,2815.78,Salary,625.05,Rent,Positive,56.5,Medium,0.0,0,-1366.85,152.3821750760717,13.238393794694526
2021-04-20,1937,5015.16,3508.9399999999996,0.13,2791.2,normal,636.0,0.27,266.83,496.37,1,780.44,64,0,254.41,1502.41,Salary,1752.12,Education,Negative,14.5,Low,1656.23,0,1506.2200000000003,69.96666108359454,5.32046833999314
2021-05-20,1077,3989.19,4092.17,0.18,3204.29,normal,655.0,0.31,350.61,610.64,6,1244.17,65,0,360.17,1888.61,Salary,1843.39,Entertainment,Positive,82.3,Low,1707.45,0,-102.98000000000002,102.58147644007931,8.789002278658074
2021-06-19,1588,3782.33,2762.8199999999997,0.3,2764.43,recession,713.0,0.47,684.5,25.87,2,1467.87,50,0,412.2,1205.72,Salary,1144.9,Healthcare,Positive,39.6,High,1990.37,0,1019.5100000000002,73.0454508199972,18.097310388041237
2021-07-19,1481,3667.83,4730.700000000001,0.27,2899.07,recession,647.0,0.34,467.76,400.93,1,721.41,79,0,484.02,2653.83,Salary,1592.85,Insurance,Neutral,87.4,Medium,346.82,0,-1062.8700000000008,128.97816965344632,12.753044715812893
2021-08-18,1720,3781.06,3561.71,0.26,2926.85,normal,708.0,0.55,434.83,31.68,4,821.38,38,0,874.03,1000.0,Salary,1687.68,Investments,Positive,66.7,Low,2295.58,0,219.3499999999999,94.19871676196622,11.500214225640429
2021-09-17,1513,3550.09,4388.28,0.2,2879.42,normal,587.0,0.34,697.57,865.3,1,305.18,45,0,560.31,2884.83,Salary,943.14,Transportation,Positive,88.0,Medium,1308.41,0,-838.1899999999996,123.61038734229273,19.64936100211544
2021-10-17,1353,5678.87,3443.62,0.24,3564.19,inflation,666.0,0.33,119.89,388.46,3,688.57,98,0,444.42,2263.45,Salary,735.75,Education,Neutral,35.1,Medium,3100.09,0,2235.25,60.63917645587943,2.111159438409402
2021-11-16,1095,3724.11,3536.04,0.27,2563.88,normal,624.0,0.43,522.3,175.93,7,1410.51,79,0,474.19,2235.1,Salary,826.75,Dining Out,Positive,26.1,Medium,769.78,0,188.07000000000016,94.94993434672982,14.024827408427784
2021-12-16,1280,2710.11,4537.59,0.18,2756.23,normal,676.0,0.24,686.15,536.27,5,540.74,50,0,527.81,2706.82,Salary,1302.96,Rent,Positive,26.5,Medium,47.43,0,-1827.48,167.43194925667225,25.318160517469767
2022-01-15,1560,5157.45,3459.08,0.29,2966.82,inflation,701.0,0.21,266.53,584.97,6,1156.6,81,0,675.76,1686.46,Salary,1096.86,Healthcare,Positive,5.9,Medium,1164.97,0,1698.37,67.06957895859388,5.16786396378055
2022-02-14,1726,5737.26,4306.58,0.34,2440.27,inflation,677.0,0.59,404.81,0.0,8,864.43,24,0,638.19,2668.1,Freelance,1000.29,Dining Out,Positive,63.5,Medium,3059.95,1,1430.6800000000003,75.06335777008537,7.055807127444111
2022-03-16,1555,1858.09,3188.2400000000002,0.06,2782.8,recession,623.0,0.2,247.12,57.88,1,257.38,94,0,208.69,1739.83,Salary,1239.72,Transportation,Positive,42.3,Low,0.0,0,-1330.1500000000003,171.5869521928432,13.299678702323353
2022-04-15,1271,4997.38,3709.11,0.18,2128.55,inflation,655.0,0.12,444.34,118.77,6,901.4,47,0,174.98,2897.18,Salary,636.95,Groceries,Positive,44.4,Low,2677.41,1,1288.27,74.22109185213051,8.89145912458128
2022-05-15,1413,2854.16,4754.24,0.08,2502.23,normal,730.0,0.52,707.1,262.25,3,1589.81,67,0,670.63,2737.48,Salary,1346.13,Healthcare,Negative,18.0,Medium,1208.78,0,-1900.08,166.572301482748,24.77436443647168
2022-06-14,1673,3782.21,4326.32,0.36,2287.92,normal,750.0,0.14,807.98,250.77,9,1213.58,82,0,600.05,2790.46,Salary,935.81,Groceries,Negative,61.4,Low,1230.72,0,-544.1099999999997,114.38603356238812,21.36264247622422
2022-07-14,1730,3818.92,5695.84,0.26,3330.9,normal,726.0,0.49,640.65,381.22,5,1958.3,55,0,619.18,3534.5,Salary,1542.16,Entertainment,Neutral,85.3,High,183.75,0,-1876.92,149.14792663894505,16.77568527227593
2022-08-13,1293,2700.91,4692.85,0.13,2679.08,recession,683.0,0.52,668.94,537.73,1,1114.84,72,0,483.02,2990.74,Salary,1219.09,Groceries,Positive,39.4,Medium,0.0,0,-1991.9400000000005,173.75069883853962,24.76720808912552
2022-09-12,1798,3786.2,3750.4599999999996,0.3,3090.69,recession,710.0,0.59,352.4,0.0,5,1536.06,74,0,589.81,1743.09,Salary,1417.56,Entertainment,Positive,56.2,High,1761.85,0,35.74000000000024,99.0560456394274,9.307485077386298
2022-10-12,1009,3964.49,4246.54,0.11,2030.89,normal,692.0,0.54,411.44,415.3,7,709.75,32,0,270.06,2844.87,Salary,1131.61,Dining Out,Negative,18.2,Low,1129.77,0,-282.0500000000002,107.11440815842643,10.378131865637194
2022-11-11,1602,2405.71,5012.7300000000005,0.13,2952.5,recession,741.0,0.58,584.54,483.62,2,0.0,65,0,823.89,2617.82,Mixed,1571.02,Entertainment,Positive,45.9,Low,0.0,0,-2607.0200000000004,208.36800778148654,24.29802428389124
2022-12-11,1638,2893.05,4231.49,0.37,2817.27,normal,630.0,0.44,419.05,248.32,2,1374.7,98,0,554.53,1978.6,Salary,1698.36,Utilities,Negative,93.5,High,0.0,0,-1338.4399999999996,146.26397746323084,14.484713364788027
2023-01-10,1459,2375.83,4726.88,0.16,2702.52,recession,770.0,0.56,377.91,113.83,9,1837.28,96,0,602.28,2283.85,Freelance,1840.75,Insurance,Positive,47.2,Medium,0.0,0,-2351.05,198.95699608136948,15.90644111742002
2023-02-09,1101,3990.26,3108.7099999999996,0.29,2366.65,normal,729.0,0.48,750.97,32.31,6,884.79,35,0,645.85,1000.0,Salary,1462.86,Insurance,Negative,97.9,Low,572.66,0,881.5500000000006,77.90745465207779,18.82007688722038
2023-03-11,1539,3284.09,5594.849999999999,0.28,3483.4,normal,736.0,0.5,1097.54,0.0,5,872.36,71,0,850.61,3370.79,Salary,1373.45,Healthcare,Negative,97.3,Medium,0.0,0,-2310.7599999999993,170.36226169197553,33.41991236537366
2023-04-10,1140,4354.88,4336.92,0.39,3570.99,normal,689.0,0.15,798.98,579.1,8,487.17,26,0,336.67,2753.24,Salary,1247.01,Entertainment,Neutral,14.2,Medium,1307.24,0,17.960000000000036,99.58758909545153,18.346774193548388
2023-05-10,1968,3645.58,4030.5499999999997,0.33,2949.09,normal,746.0,0.3,570.83,152.15,1,2008.19,76,0,779.02,1876.21,Salary,1375.32,Dining Out,Neutral,88.4,High,677.49,0,-384.9699999999998,110.5599109058092,15.658139445575191
2023-06-09,1999,4728.44,4446.099999999999,0.27,3081.71,normal,755.0,0.42,476.9,373.93,4,831.68,87,0,289.86,2583.3,Salary,1572.94,Entertainment,Positive,50.2,Low,2930.37,0,282.34000000000015,94.02889747992995,10.08577881923002
2023-07-09,1242,6435.12,5007.2300000000005,0.07,2607.25,normal,802.0,0.34,829.01,0.0,9,1636.82,75,0,691.55,2624.96,Salary,1690.72,Education,Positive,35.4,Low,1357.42,0,1427.8899999999994,77.81098099180747,12.882588048086127
2023-08-08,1474,2835.33,5074.53,0.07,2906.09,recession,578.0,0.47,1142.46,630.17,5,503.58,49,0,319.4,3108.26,Salary,1646.87,Entertainment,Positive,45.4,Low,0.0,0,-2239.2,178.974934134651,40.29372242384485
2023-09-07,1245,2709.73,3292.2,0.07,2555.46,inflation,706.0,0.54,1054.09,0.0,8,740.88,88,0,668.16,2216.13,Salary,407.91,Investments,Negative,31.2,Low,866.7,0,-582.4699999999998,121.49549955161582,38.900185627350325
2023-10-07,1770,3151.96,3482.7700000000004,0.15,2128.48,normal,656.0,0.12,795.81,194.65,2,1152.45,29,0,131.05,1802.04,Salary,1549.68,Entertainment,Positive,29.2,High,679.31,0,-330.8100000000004,110.49537430678056,25.248099595172523
2023-11-06,1897,4253.97,3706.12,0.35,3253.34,normal,646.0,0.56,420.35,477.02,8,682.06,87,0,692.93,2005.84,Salary,1007.35,Dining Out,Positive,28.7,Low,2198.22,0,547.8500000000004,87.12144185313953,9.881357884517286
2019-01-01,1355,4101.23,4103.25,0.19,3292.83,normal,680.0,0.24,249.2,595.33,6,1218.43,84,0,951.43,2533.75,Salary,618.07,Investments,Positive,70.0,Low,1071.23,0,-2.0200000000004366,100.04925351662794,6.076225912713991
2019-01-31,1141,4410.45,4352.0,0.26,3512.81,recession,689.0,0.4,279.1,91.01,5,1908.12,62,0,544.12,2362.86,Salary,1445.02,Rent,Negative,25.4,Low,1566.27,0,58.44999999999982,98.67473840537814,6.328152456098585
2019-03-02,1338,3507.87,4665.51,0.33,2824.73,normal,664.0,0.45,469.28,93.11,9,1284.78,89,0,461.26,2388.92,Salary,1815.33,Transportation,Positive,94.1,High,0.0,0,-1157.6400000000003,133.001222964363,13.377918794026003
2019-04-01,1059,4785.37,3097.8399999999997,0.26,2222.7,normal,678.0,0.18,646.78,470.94,5,705.59,85,1,380.52,2042.11,Salary,675.21,Investments,Negative,70.6,Medium,789.37,0,1687.5300000000002,64.73564217604908,13.515778299274665
2019-05-01,1456,4192.29,3684.33,0.21,1815.62,normal,727.0,0.54,684.8,355.79,5,1170.23,65,0,511.19,1517.52,Salary,1655.62,Groceries,Positive,97.8,Medium,708.97,0,507.96000000000004,87.8834718018076,16.334747834715632
2019-05-31,1919,3911.17,3974.86,0.25,3203.99,normal,721.0,0.47,545.84,426.5,4,984.89,94,0,505.98,2212.8,Mixed,1256.08,Utilities,Positive,53.6,Low,1489.33,0,-63.690000000000055,101.62841298128183,13.955926231792533
2019-06-30,1713,3862.71,4801.89,0.38,3700.72,normal,687.0,0.59,513.71,349.36,5,925.57,33,0,457.18,2246.71,Salary,2098.0,Insurance,Positive,96.6,Low,0.0,0,-939.1800000000003,124.3140178786396,13.299212211116032
2019-07-30,1617,1997.54,4601.74,0.3,2459.79,normal,630.0,0.15,757.25,403.64,4,302.41,30,0,456.75,3396.58,Freelance,748.41,Insurance,Negative,10.0,Low,0.0,0,-2604.2,230.3703555373109,37.909128227720096
2019-08-29,1683,4162.16,3572.2,0.29,2095.87,normal,677.0,0.51,296.51,73.28,4,921.09,54,0,158.12,2358.79,Freelance,1055.29,Dining Out,Positive,94.2,High,1393.07,0,589.96,85.82562900032676,7.123945259192342
2019-09-28,1650,4234.68,4752.43,0.4,2816.06,normal,715.0,0.15,522.77,561.25,9,1507.11,97,0,532.01,2005.38,Mixed,2215.04,Investments,Neutral,36.0,Low,1047.69,0,-517.75,112.22642560949114,12.344970576289116
2019-10-28,1104,2087.6,4236.639999999999,0.1,3183.14,normal,761.0,0.16,793.61,543.97,2,786.51,84,0,628.15,2384.62,Freelance,1223.87,Groceries,Positive,62.8,High,0.0,0,-2149.0399999999995,202.9430925464648,38.015424410806666
2019-11-27,1843,4006.74,4560.26,0.27,3170.18,normal,678.0,0.37,353.23,25.12,9,793.84,73,0,47.1,2894.44,Salary,1618.72,Transportation,Negative,67.1,Low,1471.58,0,-553.5200000000004,113.81472219310463,8.815895216560097
2019-12-27,1621,3680.45,4178.04,0.27,3495.84,recession,660.0,0.34,249.96,355.59,7,466.37,46,0,762.98,1995.76,Salary,1419.3,Insurance,Negative,91.1,Low,0.0,0,-497.59000000000015,113.51981415316061,6.791560814574306
2020-01-26,1531,4300.36,3438.92,0.37,2274.58,inflation,652.0,0.16,472.14,71.94,1,1484.18,56,0,695.22,1484.24,Salary,1259.46,Transportation,Neutral,69.4,Low,1975.45,0,861.4399999999996,79.96818870978244,10.979080821140556
2020-02-25,1339,4756.98,4091.39,0.21,3536.16,normal,667.0,0.57,822.74,290.63,5,753.3,91,0,602.1,2163.03,Salary,1326.26,Education,Positive,34.5,Medium,1460.65,0,665.5899999999997,86.00813961799292,17.29542693053156
2020-03-26,1238,3122.86,4178.200000000001,0.07,2212.28,inflation,621.0,0.51,721.92,425.67,7,147.28,35,0,570.52,2395.42,Salary,1212.26,Healthcare,Negative,43.7,Low,938.8,0,-1055.3400000000006,133.79402214636585,23.117270706980136
2020-04-25,1040,3723.09,5272.47,0.33,2708.52,normal,695.0,0.15,915.97,349.9,9,0.0,52,0,677.64,3467.09,Salary,1127.74,Healthcare,Positive,43.0,Low,2090.1,0,-1549.38,141.6154323424897,24.60241358656385
2020-05-25,1696,3630.66,4705.950000000001,0.18,2689.16,normal,663.0,0.25,861.83,811.23,1,1224.27,30,0,686.64,2087.13,Salary,1932.18,Dining Out,Positive,48.7,Low,0.0,0,-1075.2900000000009,129.6169291533771,23.73755735871715
2020-06-24,1203,3319.73,4205.83,0.07,3156.8,normal,699.0,0.16,747.57,436.94,4,1090.46,40,0,840.65,2106.79,Salary,1258.39,Investments,Negative,38.9,High,0.0,0,-886.0999999999999,126.69192976537249,22.519000039159813
2020-07-24,1803,3395.53,3145.39,0.09,3317.84,normal,734.0,0.36,731.32,663.91,3,1020.78,66,0,350.91,2171.5,Salary,622.98,Transportation,Positive,63.0,Medium,0.0,0,250.14000000000033,92.63325607489847,21.5377275417976
2020-08-23,1050,4968.79,2552.9800000000005,0.31,2163.18,normal,720.0,0.17,544.89,762.92,3,1604.43,69,0,496.38,1287.39,Salary,769.21,Utilities,Neutral,84.6,Medium,2479.46,1,2415.8099999999995,51.38031593204785,10.966251340869707
2020-09-22,1285,3252.32,3540.01,0.13,2439.14,recession,804.0,0.42,293.13,423.06,7,1022.41,67,0,625.32,2060.34,Salary,854.35,Groceries,Neutral,12.8,Low,0.0,0,-287.69000000000005,108.84568554139815,9.012950755153245
2020-10-22,1103,4627.55,4093.6400000000003,0.29,2585.87,inflation,667.0,0.58,701.2,666.92,6,587.97,45,0,511.37,2305.76,Freelance,1276.51,Entertainment,Positive,84.0,Low,1133.99,0,533.9099999999999,88.46236129269268,15.152726604790873
2020-11-21,1748,4189.94,4425.84,0.14,2765.45,normal,694.0,0.46,349.39,538.44,4,131.29,25,0,457.51,2280.0,Salary,1688.33,Healthcare,Positive,50.9,High,799.65,0,-235.90000000000055,105.63015222175021,8.338782894265789
2020-12-21,1701,4649.62,4033.95,0.27,2791.13,normal,655.0,0.25,418.19,283.92,3,1569.4,37,0,222.83,2384.92,Salary,1426.2,Investments,Neutral,93.8,Low,840.11,0,615.6700000000001,86.75870286173924,8.99406833246588
2021-01-20,1994,4597.41,3580.62,0.38,2786.29,recession,720.0,0.41,137.21,480.19,1,373.12,38,0,661.53,1490.51,Freelance,1428.58,Insurance,Negative,10.1,Low,1072.56,0,1016.79,77.88341696737946,2.9845064938737247
2021-02-19,1171,5030.81,4032.22,0.33,2355.92,inflation,664.0,0.37,655.7,599.52,8,383.2,47,1,550.36,2244.91,Salary,1236.95,Rent,Negative,70.8,Low,2246.75,0,998.5900000000006,80.15051254171792,13.033686424253748
2021-03-21,1011,3419.44,3125.17,0.06,3276.0,normal,721.0,0.36,626.2,0.0,7,1212.12,91,0,579.69,1418.2,Salary,1127.28,Rent,Negative,90.7,Medium,0.0,0,294.27,91.39420489904779,18.31294013054769
2021-04-20,1739,5537.14,3504.23,0.37,2762.2,recession,650.0,0.42,397.25,587.07,5,494.49,61,0,506.1,1085.07,Salary,1913.06,Insurance,Positive,55.4,High,1531.67,0,2032.9100000000003,63.28592016817346,7.174281307678693
2021-05-20,1581,1024.42,3295.42,0.32,2382.24,recession,660.0,0.22,521.61,104.59,3,488.82,22,0,263.01,1919.07,Salary,1113.34,Dining Out,Neutral,6.1,Low,0.0,0,-2271.0,321.6864176802483,50.91759239374475
2021-06-19,1721,2263.72,3618.2400000000002,0.3,2249.37,normal,652.0,0.54,745.09,472.97,6,1208.49,41,0,351.61,2163.05,Salary,1103.58,Education,Negative,37.0,Low,234.91,0,-1354.5200000000004,159.8360221228774,32.91440637534678
2021-07-19,1187,3239.67,3493.58,0.11,3142.04,normal,678.0,0.57,523.94,330.96,8,1462.98,62,0,722.76,1516.43,Salary,1254.39,Dining Out,Positive,52.5,Low,0.0,0,-253.90999999999985,107.83752666166615,16.17263486713153
2021-08-18,1651,6415.64,3730.14,0.08,2991.91,normal,685.0,0.49,275.76,288.9,9,1055.23,63,0,625.52,2639.27,Salary,465.35,Insurance,Positive,50.4,Low,4217.28,1,2685.5000000000005,58.14135456478231,4.298246160944192
2021-09-17,1311,3157.9,4926.13,0.19,1918.56,normal,687.0,0.35,637.41,391.21,3,950.65,40,0,706.49,3127.26,Salary,1092.38,Utilities,Positive,10.0,High,0.0,0,-1768.23,155.99385667690552,20.184616358972736
2021-10-17,1635,3003.31,4056.02,0.29,3305.74,normal,709.0,0.51,404.79,472.86,4,842.27,67,0,467.02,1701.51,Salary,1887.49,Entertainment,Positive,67.3,Low,69.3,0,-1052.71,135.05165966883206,13.478129130858955
2021-11-16,1164,4150.9,3094.75,0.31,2104.0,normal,590.0,0.45,549.6,238.21,1,1217.5,26,0,451.85,1494.24,Freelance,1148.66,Education,Neutral,87.4,Medium,27.14,0,1056.1499999999996,74.55612035944013,13.240502059794263
2021-12-16,1047,3547.88,2812.8199999999997,0.11,2707.6,normal,587.0,0.26,841.81,246.74,4,1984.13,58,0,613.72,1419.37,Freelance,779.73,Groceries,Negative,50.9,Medium,1431.98,0,735.0600000000004,79.28171189555452,23.727127185812368
2022-01-15,1102,3048.19,5090.37,0.34,3482.33,recession,642.0,0.46,461.36,436.21,2,1046.34,98,0,313.26,3397.72,Salary,1379.39,Investments,Positive,60.1,Low,1145.47,0,-2042.1799999999998,166.99647987822283,15.135539451280925
2022-02-14,1995,4650.06,4048.5400000000004,0.15,3181.53,inflation,617.0,0.34,205.57,47.26,1,1317.32,43,0,470.11,2388.92,Salary,1189.51,Investments,Positive,31.3,Low,997.21,0,601.52,87.06425293437074,4.4208031724321835
2022-03-16,1572,4858.69,3050.52,0.29,2312.35,normal,671.0,0.25,376.61,237.36,7,1071.11,91,0,647.69,1330.85,Salary,1071.98,Investments,Positive,9.0,Low,2385.3,1,1808.1699999999996,62.7848247161272,7.751266287826556
2022-04-15,1951,4883.15,4548.43,0.33,2724.21,normal,674.0,0.27,298.29,188.33,1,847.63,51,0,358.38,2353.55,Salary,1836.5,Healthcare,Positive,41.0,High,2918.72,1,334.71999999999935,93.14540818938596,6.108556976541783
2022-05-15,1700,5125.82,3375.69,0.32,3208.68,recession,707.0,0.37,458.39,115.83,9,1183.86,63,0,419.58,2164.34,Salary,791.77,Dining Out,Positive,74.6,Medium,1071.76,0,1750.1299999999997,65.8565848976359,8.942764279666473
2022-06-14,1126,5081.45,3798.86,0.31,2869.91,recession,729.0,0.34,494.49,295.8,6,1660.96,99,0,428.96,1843.75,Freelance,1526.15,Education,Positive,1.9,Low,2109.69,0,1282.5899999999997,74.75936986490078,9.731277489692904
2022-07-14,1557,2919.48,4292.0199999999995,0.1,3109.74,normal,657.0,0.13,556.99,72.58,2,838.24,84,0,277.96,3019.35,Salary,994.71,Groceries,Positive,31.3,Medium,0.0,0,-1372.5399999999995,147.01316672832147,19.078397522846537
2022-08-13,1666,6090.97,2859.13,0.13,2199.45,normal,627.0,0.44,522.38,629.31,6,810.0,41,0,388.33,1626.65,Freelance,844.15,Transportation,Negative,92.1,Low,2690.91,1,3231.84,46.940470893798526,8.576302296678525
2022-09-12,1000,2532.54,3823.23,0.14,2374.16,normal,580.0,0.43,599.3,759.65,6,1115.43,91,0,500.86,1689.52,Freelance,1632.85,Insurance,Positive,84.4,Low,131.81,0,-1290.69,150.96424933071145,23.66398951250523
2022-10-12,1224,3550.25,4144.72,0.12,2045.98,inflation,673.0,0.59,639.13,0.0,4,688.51,74,0,442.26,2363.54,Salary,1338.92,Rent,Neutral,86.8,High,236.59,0,-594.4700000000003,116.74445461587213,18.00239419759172
2022-11-11,1551,3188.44,3870.4399999999996,0.21,3168.85,normal,539.0,0.17,464.12,287.32,6,493.11,48,0,499.78,1707.82,Salary,1662.84,Rent,Neutral,66.4,Medium,1814.82,0,-681.9999999999995,121.38977054609776,14.556334759318037
2022-12-11,1473,4802.07,5032.39,0.39,2934.91,normal,658.0,0.45,381.82,483.27,9,1364.88,50,0,797.62,2228.62,Salary,2006.15,Healthcare,Positive,38.9,Low,2286.6,0,-230.32000000000062,104.79626494407621,7.951154397999197
2023-01-10,1358,3267.69,3303.03,0.35,2498.62,normal,637.0,0.53,237.34,395.18,1,710.11,66,0,628.27,1497.04,Freelance,1177.72,Dining Out,Positive,19.6,High,502.41,0,-35.340000000000146,101.08149793891097,7.263234884582075
2023-02-09,1207,4227.92,4281.23,0.26,3124.86,inflation,663.0,0.45,508.15,137.85,1,44.07,23,0,342.23,2495.07,Salary,1443.93,Healthcare,Positive,51.5,Medium,629.3,0,-53.30999999999949,101.26090370678725,12.01891237298719
2023-03-11,1333,3838.57,3710.44,0.24,2920.09,inflation,694.0,0.24,340.26,276.33,1,1625.77,61,0,417.09,2396.69,Salary,896.66,Groceries,Positive,83.3,Low,377.87,0,128.1300000000001,96.66203820693643,8.864238505485115
2023-04-10,1790,3742.51,4142.2,0.29,2287.65,normal,796.0,0.35,99.87,296.28,7,1396.23,23,0,658.09,1979.17,Salary,1504.94,Education,Positive,47.9,Medium,1949.63,0,-399.6899999999996,110.67973098268273,2.668529943807765
2023-05-10,1673,4611.4,4104.79,0.12,2915.82,inflation,634.0,0.43,205.84,462.3,3,0.0,59,0,123.18,2582.15,Salary,1399.46,Investments,Positive,46.8,High,869.38,0,506.6099999999997,89.01396539012015,4.463720345231383
2023-06-09,1692,4930.42,4601.209999999999,0.31,2682.24,normal,573.0,0.34,738.85,467.89,8,866.16,85,0,160.07,2534.18,Salary,1906.96,Healthcare,Negative,68.6,Low,2028.34,0,329.21000000000095,93.32288121498775,14.985538757347244
2023-07-09,1371,4209.37,3475.19,0.21,3182.91,normal,676.0,0.51,717.16,434.54,5,908.53,78,0,731.13,2444.06,Salary,300.0,Transportation,Neutral,94.6,Medium,1651.93,0,734.1799999999998,82.55843511024216,17.03722884897265
2023-08-08,1799,5678.31,2942.06,0.38,2190.38,recession,771.0,0.11,683.47,514.8,7,1266.86,42,0,434.06,1750.29,Salary,757.71,Utilities,Neutral,93.8,High,4387.8,1,2736.2500000000005,51.81224695375912,12.036503818917952
2023-09-07,1600,4659.99,3328.72,0.07,2990.66,normal,628.0,0.49,310.6,161.55,5,1057.63,82,0,309.33,2229.73,Freelance,789.66,Utilities,Positive,9.4,Low,2502.25,0,1331.27,71.43191294401919,6.665250354614495
2023-10-07,1821,3971.76,3180.2799999999997,0.16,3010.36,normal,621.0,0.15,553.5,349.9,2,1257.7,36,0,233.1,1880.56,Mixed,1066.62,Rent,Positive,64.9,Low,352.68,0,791.4800000000005,80.07231051221623,13.935887364795455
2023-11-06,1355,3512.92,4474.110000000001,0.07,3035.28,recession,620.0,0.52,937.52,376.35,9,1263.92,76,0,784.23,2539.04,Salary,1150.84,Education,Negative,69.9,Low,938.69,0,-961.1900000000005,127.36156815412821,26.687769718638627
2019-01-01,1346,2569.35,3694.22,0.24,3130.67,normal,610.0,0.44,644.92,852.58,6,634.96,30,0,442.93,1584.51,Salary,1666.78,Healthcare,Negative,83.2,Medium,155.84,0,-1124.87,143.78033354739526,25.10051180259599
2019-01-31,1728,4728.6,2997.7,0.26,3004.27,inflation,723.0,0.53,683.77,0.0,4,989.76,76,0,462.5,1476.23,Salary,1058.97,Insurance,Negative,49.4,Low,1202.53,0,1730.9000000000005,63.39508522607113,14.460305375798333
2019-03-02,1072,3983.19,4871.030000000001,0.19,2797.53,normal,710.0,0.54,260.0,638.45,2,1171.68,46,0,504.26,3512.78,Freelance,853.99,Education,Positive,14.4,Low,906.37,0,-887.8400000000006,122.28967234804267,6.527431531009066
2019-04-01,1461,4471.72,4136.92,0.31,3174.48,normal,669.0,0.4,635.23,548.29,4,513.41,60,0,133.24,2743.68,Salary,1260.0,Entertainment,Neutral,58.9,Medium,1478.12,0,334.8000000000002,92.51294803789145,14.20549587183455
2019-05-01,1799,2926.23,4626.28,0.35,3652.69,inflation,706.0,0.48,476.11,562.63,9,1446.15,66,0,590.05,2614.63,Salary,1421.6,Dining Out,Neutral,92.8,High,0.0,0,-1700.0499999999997,158.0969370145204,16.270423035783242
2019-05-31,1799,3367.67,3268.58,0.23,2407.37,normal,644.0,0.16,506.29,175.71,6,1058.45,25,0,114.41,2207.73,Salary,946.44,Investments,Negative,26.9,Low,340.56,0,99.09000000000015,97.05760956388244,15.033836450721122
2019-06-30,1074,3162.57,3517.69,0.34,2614.07,recession,664.0,0.26,613.3,0.0,7,233.22,66,0,553.23,2635.55,Salary,328.91,Entertainment,Positive,48.3,Medium,496.83,0,-355.1199999999999,111.22884236554447,19.392456135358266
2019-07-30,1122,2652.02,4612.84,0.2,2741.46,recession,560.0,0.21,242.58,489.43,7,145.61,99,0,533.87,2170.59,Salary,1908.38,Utilities,Positive,16.9,Medium,0.0,0,-1960.8200000000002,173.9368481384002,9.146989841705569
2019-08-29,1695,4567.52,3593.02,0.21,1995.9,recession,694.0,0.37,313.88,0.0,6,0.0,22,0,311.83,1904.77,Freelance,1376.42,Entertainment,Positive,18.5,Low,721.93,0,974.5000000000005,78.66457070795529,6.87200056047921
2019-09-28,1549,3972.99,3834.8900000000003,0.34,2605.37,normal,637.0,0.6,638.22,592.83,7,1511.13,24,0,492.63,2386.09,Salary,956.17,Utilities,Positive,50.5,Low,1055.16,0,138.09999999999945,96.5240285024629,16.06397197073237
2019-10-28,1384,3767.92,4429.32,0.14,2901.28,normal,734.0,0.55,623.48,353.36,9,0.0,27,0,642.29,2473.28,Salary,1313.75,Dining Out,Negative,48.6,Medium,820.37,0,-661.3999999999996,117.55345124100299,16.547060447143252
2019-11-27,1904,2962.46,3792.5899999999997,0.36,2794.86,normal,708.0,0.23,606.19,521.2,3,747.81,72,0,433.31,1715.5,Mixed,1643.78,Utilities,Negative,61.4,Medium,495.39,0,-830.1299999999997,128.02164417409853,20.462385990021808
2019-12-27,1906,2711.24,3853.1199999999994,0.11,2930.94,normal,537.0,0.35,367.32,613.5,2,684.86,47,0,699.68,2596.14,Salary,557.3,Education,Negative,4.1,Medium,0.0,0,-1141.8799999999997,142.1165223292663,13.548044437231674
2020-01-26,1532,3451.22,2921.22,0.05,2756.09,recession,682.0,0.29,687.35,289.85,1,368.52,57,0,220.69,1325.09,Salary,1375.44,Investments,Positive,1.3,Low,410.64,0,530.0,84.64311171122097,19.916145594891084
2020-02-25,1532,3584.44,3102.79,0.1,3000.28,normal,683.0,0.38,575.35,114.79,1,847.45,36,0,609.59,1257.64,Salary,1235.56,Insurance,Positive,7.1,High,1494.85,0,481.6500000000001,86.56275457254131,16.051321824329605
2020-03-26,1378,3311.26,4547.5,0.4,3357.18,inflation,681.0,0.15,799.71,304.55,3,1281.47,80,0,676.19,3378.95,Salary,492.36,Education,Positive,81.9,Low,42.33,0,-1236.2399999999998,137.33442858609712,24.151229441360687
2020-04-25,1571,3722.17,3474.4,0.29,3200.6,normal,673.0,0.32,357.42,981.94,6,549.38,20,0,349.02,1780.53,Salary,1344.85,Dining Out,Negative,54.8,High,1023.4,0,247.76999999999998,93.34339914619699,9.602463079332756
2020-05-25,1637,2916.51,3837.6399999999994,0.34,2916.39,recession,693.0,0.13,710.41,519.06,9,1927.13,47,1,367.37,2327.68,Salary,1142.59,Dining Out,Negative,12.5,Low,0.0,0,-921.1299999999992,131.58329647421058,24.358222670246285
2020-06-24,1848,3333.37,3829.8199999999997,0.39,2037.64,normal,539.0,0.31,684.04,162.15,6,1181.15,64,0,217.87,2597.31,Salary,1014.64,Transportation,Positive,79.4,Low,1152.77,0,-496.4499999999998,114.89333617330209,20.520974269283037
2020-07-24,1936,4296.91,4671.67,0.28,1763.57,normal,684.0,0.58,534.15,30.56,8,1217.01,99,0,354.82,2506.34,Salary,1810.51,Investments,Positive,84.1,Medium,304.11,0,-374.7600000000002,108.72161623119871,12.431026016369904
2020-08-23,1319,4463.12,4673.11,0.27,2790.5,normal,680.0,0.16,363.01,510.04,2,891.79,82,0,560.57,2589.95,Freelance,1522.59,Entertainment,Positive,50.8,Medium,1110.53,0,-209.98999999999978,104.70500457079352,8.133547832009896
2020-09-22,1661,4415.59,4570.99,0.33,2629.91,normal,633.0,0.55,712.41,149.11,2,503.84,29,0,463.52,2793.27,Salary,1314.2,Groceries,Positive,55.3,Low,1986.48,0,-155.39999999999964,103.51934849023571,16.133970771742845
2020-10-22,1596,3861.81,3585.6099999999997,0.29,2372.09,normal,668.0,0.6,233.29,480.43,4,1560.98,57,0,586.51,2156.66,Salary,842.44,Healthcare,Neutral,21.1,Low,1269.69,0,276.2000000000003,92.8479132841854,6.040949710110026
2020-11-21,1400,5003.28,2076.51,0.22,4141.66,normal,648.0,0.38,564.08,177.31,3,2113.51,28,0,440.51,1000.0,Salary,636.0,Utilities,Negative,49.9,Low,2304.16,0,2926.7699999999995,41.50297404902384,11.274204122095908
2020-12-21,1027,2492.28,4131.55,0.06,2018.49,normal,721.0,0.54,605.59,499.82,4,1046.86,73,0,334.72,2508.13,Mixed,1288.7,Insurance,Negative,12.1,Low,568.5,0,-1639.27,165.77390983356602,24.298634182355112
2021-01-20,1074,5245.26,3325.38,0.07,3510.16,normal,735.0,0.41,688.89,0.0,2,741.2,44,0,452.21,2313.39,Salary,559.78,Rent,Neutral,3.8,Low,1501.91,0,1919.88,63.39781059470836,13.133572025028311
2021-02-19,1828,5299.85,5438.21,0.15,3354.62,recession,691.0,0.23,760.43,318.75,4,149.72,26,1,497.13,2812.93,Salary,2128.15,Transportation,Neutral,97.1,Low,1249.43,0,-138.35999999999967,102.61063992377142,14.348141928545147
2021-03-21,1109,2880.23,4621.74,0.16,2630.59,normal,579.0,0.2,340.58,544.57,8,946.64,98,0,372.26,3117.54,Salary,1131.94,Dining Out,Positive,86.0,Medium,96.92,0,-1741.5099999999998,160.46426847855898,11.824750106762307
2021-04-20,1079,3679.64,4015.72,0.37,3644.96,normal,720.0,0.57,459.0,628.83,1,1512.55,63,0,652.48,1901.71,Salary,1461.53,Education,Neutral,94.9,Low,601.32,0,-336.0799999999999,109.13350219043167,12.474046374101814
2021-05-20,1196,3260.1,4364.83,0.3,2911.17,normal,755.0,0.18,524.17,399.3,6,488.06,95,0,324.37,2662.79,Salary,1377.67,Education,Neutral,2.6,Low,37.24,0,-1104.73,133.88638385325604,16.078341155179288
2021-06-19,1457,3066.8,5243.04,0.12,2773.09,inflation,695.0,0.33,556.83,220.8,5,1032.36,38,0,783.12,2294.0,Freelance,2165.92,Dining Out,Positive,78.6,High,0.0,0,-2176.24,170.961262553802,18.156710577800965
2021-07-19,1883,3520.1,2573.27,0.3,3362.57,inflation,612.0,0.33,698.44,643.95,9,717.64,41,0,644.55,1000.0,Freelance,928.72,Rent,Positive,90.6,Low,241.81,0,946.8299999999999,73.1021845970285,19.84148177608591
2021-08-18,1516,4518.64,3283.16,0.1,3411.24,inflation,748.0,0.41,562.12,223.28,7,252.0,30,0,456.72,1632.51,Salary,1193.93,Transportation,Positive,90.9,Low,1005.64,0,1235.4800000000005,72.65814492856256,12.440026202574225
2021-09-17,1647,3663.34,5853.42,0.39,2136.8,recession,698.0,0.43,538.51,318.01,5,1486.15,25,0,275.41,3557.41,Salary,2020.6,Insurance,Negative,41.6,Low,0.0,0,-2190.08,159.7836946611562,14.699973248456327
2021-10-17,1636,2980.47,4678.41,0.26,3034.63,inflation,636.0,0.48,564.09,278.46,7,898.43,84,0,320.36,3010.9,Salary,1347.15,Healthcare,Negative,25.3,Low,951.76,0,-1697.94,156.96886732629417,18.92620962465652
2021-11-16,1949,5058.21,3265.08,0.13,2658.0,normal,764.0,0.37,643.06,454.75,1,876.02,65,0,317.55,2044.01,Salary,903.52,Entertainment,Positive,92.4,Low,1602.47,0,1793.13,64.55010764677624,12.71319300701236
2021-12-16,1357,3490.4,4498.21,0.33,2935.93,normal,711.0,0.33,499.06,298.12,9,1757.36,84,0,845.24,2526.49,Freelance,1126.48,Insurance,Neutral,21.5,Low,1749.84,0,-1007.81,128.87376804950722,14.298074719229886
2022-01-15,1503,3854.83,3167.8500000000004,0.32,2872.62,normal,682.0,0.42,36.47,521.62,4,1235.96,23,0,200.59,1570.03,Salary,1397.23,Education,Positive,18.3,High,0.0,0,686.9799999999996,82.1787212406254,0.9460858196081281
2022-02-14,1934,4435.67,3954.71,0.39,2523.33,normal,657.0,0.26,474.31,266.21,5,347.33,66,0,474.08,1792.89,Salary,1687.74,Insurance,Neutral,26.9,High,1690.54,0,480.96000000000004,89.15699319381288,10.693085824689392
2022-03-16,1422,4918.09,2644.34,0.14,3646.45,normal,764.0,0.44,468.61,617.36,4,1257.01,70,0,512.05,1832.29,Salary,300.0,Transportation,Neutral,27.4,High,1615.77,0,2273.75,53.767621170007054,9.528292487530729
2022-04-15,1902,4045.61,4541.620000000001,0.23,2666.52,normal,677.0,0.41,528.52,388.06,5,391.04,41,1,695.85,2185.61,Salary,1660.16,Insurance,Positive,86.0,Low,1002.02,0,-496.0100000000007,112.26045021640742,13.06403731452117
2022-05-15,1197,3964.43,3066.5699999999997,0.16,2881.85,inflation,631.0,0.29,564.16,427.28,7,1152.02,32,0,177.7,1702.61,Salary,1186.26,Utilities,Positive,8.1,Low,882.56,0,897.8600000000001,77.35210358109488,14.230545122501848
2022-06-14,1659,5408.16,3556.46,0.32,2893.05,normal,621.0,0.51,527.64,337.35,2,1117.8,76,0,444.05,1292.95,Salary,1819.46,Education,Positive,87.1,Medium,1768.72,0,1851.6999999999998,65.76099819531966,9.75636815478832
2022-07-14,1279,4214.73,4464.0,0.35,3148.72,normal,736.0,0.32,289.09,257.43,8,782.28,37,0,728.23,2262.28,Salary,1473.49,Healthcare,Positive,26.2,Medium,1584.53,0,-249.27000000000044,105.9142578528162,6.859039606333027
2022-08-13,1969,2854.76,5310.740000000001,0.31,3307.17,inflation,796.0,0.51,143.92,173.38,5,0.0,52,1,768.8,2605.57,Freelance,1936.37,Education,Positive,50.0,Low,0.0,0,-2455.9800000000005,186.03104989561294,5.041404531379169
2022-09-12,1302,3529.0,4284.48,0.37,3252.49,recession,647.0,0.3,525.47,162.99,5,1190.84,22,0,676.86,2367.49,Salary,1240.13,Entertainment,Neutral,76.7,Low,485.19,0,-755.4799999999996,121.40776423916122,14.890053839614623
2022-10-12,1328,3584.76,3538.87,0.3,2264.52,normal,706.0,0.15,111.79,859.12,3,927.99,89,0,440.92,1729.53,Mixed,1368.42,Insurance,Positive,32.1,Medium,1228.36,0,45.89000000000033,98.71985851214585,3.1184793403184594
2022-11-11,1219,5665.27,1959.0,0.1,2586.39,inflation,565.0,0.21,573.33,302.2,7,751.16,88,0,164.85,1000.0,Salary,794.15,Utilities,Negative,39.6,Medium,2806.36,1,3706.2700000000004,34.57911096911533,10.120082537990244
2022-12-11,1658,3920.2,3668.5000000000005,0.32,2050.64,normal,643.0,0.1,396.79,268.89,9,562.28,44,0,453.98,2066.76,Salary,1147.76,Groceries,Positive,88.6,High,25.1,0,251.69999999999936,93.57940921381564,10.121677465435438
2023-01-10,1361,4079.33,4867.21,0.06,2544.73,normal,655.0,0.1,614.24,23.08,2,887.29,20,0,527.88,2898.22,Salary,1441.11,Entertainment,Positive,45.8,Low,711.74,0,-787.8800000000001,119.31395596825949,15.057374617890684
2023-02-09,1599,3499.44,4460.4800000000005,0.2,3279.54,normal,742.0,0.51,556.04,398.46,9,484.9,89,0,387.72,2905.27,Salary,1167.49,Utilities,Positive,14.2,High,943.21,0,-961.0400000000004,127.46267974304462,15.889399446768623
2023-03-11,1699,3933.54,4901.88,0.34,2897.89,normal,737.0,0.53,578.16,462.6,8,1247.3,32,0,151.32,2959.4,Salary,1791.16,Dining Out,Positive,86.2,Low,0.0,0,-968.3400000000001,124.61752009640172,14.698210771976386
2023-04-10,1653,3297.83,4537.68,0.12,2899.12,inflation,700.0,0.39,835.27,404.3,2,877.6,38,0,636.56,3107.6,Salary,793.52,Groceries,Positive,39.0,Low,350.81,0,-1239.8500000000004,137.59593429618872,25.327867112616474
2023-05-10,1410,4529.43,3850.28,0.32,2843.32,normal,706.0,0.3,509.29,314.07,9,1267.85,76,0,68.48,2386.27,Salary,1395.53,Rent,Positive,31.1,Medium,78.71,0,679.1500000000001,85.00583958687959,11.244019666933807
2023-06-09,1221,2276.96,3692.91,0.38,2488.14,inflation,791.0,0.27,556.08,181.76,3,1792.75,98,0,668.93,1924.56,Salary,1099.42,Education,Neutral,1.7,Low,0.0,0,-1415.9499999999998,162.18598482186775,24.42203639940974
2023-07-09,1876,4342.3,3868.09,0.29,2995.77,normal,615.0,0.21,640.89,352.05,2,452.29,49,0,280.95,1873.48,Salary,1713.66,Utilities,Negative,5.0,Low,850.64,0,474.21000000000004,89.07928977730695,14.759228980033622
2023-08-08,1195,6240.8,3690.47,0.06,3059.61,normal,654.0,0.37,619.81,305.23,3,1124.19,65,0,199.16,2364.27,Salary,1127.04,Dining Out,Neutral,4.3,High,3683.7,1,2550.3300000000004,59.13456608127162,9.931579284707087
2023-09-07,1413,3929.97,3997.77,0.19,2972.92,normal,652.0,0.24,334.19,498.13,9,800.62,84,0,141.18,1968.6,Salary,1887.99,Entertainment,Negative,36.6,High,929.81,0,-67.80000000000018,101.72520400919092,8.503627254152066
2023-10-07,1126,5446.46,4022.2599999999998,0.19,3530.29,normal,615.0,0.11,141.47,522.14,5,1208.54,85,0,614.68,2542.08,Salary,865.5,Investments,Positive,76.3,Low,3254.68,0,1424.2000000000003,73.85090499149905,2.5974669785512057
2023-11-06,1811,4347.23,3993.0,0.34,3340.02,normal,692.0,0.11,843.25,201.37,4,1815.56,43,0,657.06,2414.84,Salary,921.1,Groceries,Positive,31.4,Low,1309.96,0,354.22999999999956,91.8515928533802,19.397409384826663
2019-01-01,1863,3832.25,3836.77,0.32,2411.91,inflation,716.0,0.56,306.51,995.09,3,1317.62,72,0,565.85,1922.92,Salary,1348.0,Utilities,Positive,74.1,Low,369.85,0,-4.519999999999982,100.11794637614979,7.9981733968295385
2019-01-31,1696,5797.78,3737.94,0.39,2686.42,normal,667.0,0.5,600.4,303.1,6,1213.06,77,0,713.38,2434.2,Salary,590.36,Transportation,Positive,21.3,Medium,3298.3,1,2059.8399999999997,64.47191856193233,10.355687866735199
2019-03-02,1858,4073.39,3127.04,0.06,2657.95,inflation,681.0,0.23,313.4,89.1,8,0.0,72,0,780.11,1195.82,Salary,1151.11,Transportation,Positive,5.1,High,1495.58,0,946.3499999999999,76.76750814432205,7.693837319775421
2019-04-01,1950,3912.01,3440.0699999999997,0.1,2761.91,normal,734.0,0.3,278.36,359.04,1,425.24,31,0,526.83,1840.05,Salary,1073.19,Groceries,Positive,24.7,Low,1217.37,0,471.9400000000005,87.93612490765615,7.115523733323791
2019-05-01,1916,4248.25,2284.1299999999997,0.11,3136.84,normal,703.0,0.6,904.91,655.24,7,562.98,82,0,12.72,1375.65,Freelance,895.76,Dining Out,Negative,26.3,Low,2505.22,0,1964.1200000000003,53.76637438945448,21.300770905667036
2019-05-31,1193,3710.13,3229.7,0.11,1994.69,normal,721.0,0.38,668.29,133.91,4,328.35,72,0,553.63,1222.33,Salary,1453.74,Education,Negative,30.3,Low,2198.78,1,480.4300000000003,87.05085805618671,18.012576378725274
2019-06-30,1553,2931.65,5150.1,0.32,2703.08,recession,675.0,0.34,698.65,538.68,8,762.03,76,0,562.91,2834.94,Salary,1752.25,Education,Neutral,97.6,Low,294.54,0,-2218.4500000000003,175.6724029130353,23.83128954684222
2019-07-30,1117,5599.06,3026.14,0.33,2498.56,normal,618.0,0.12,312.05,652.46,9,927.27,60,0,601.08,1434.92,Salary,990.14,Insurance,Negative,79.7,High,2557.81,1,2572.9200000000005,54.04728650880683,5.573256939557711
2019-08-29,1888,3705.7,2494.8,0.34,3409.55,inflation,789.0,0.28,246.21,383.64,7,520.39,28,0,221.17,1444.1,Mixed,829.53,Education,Positive,91.4,Low,609.55,0,1210.8999999999996,67.32331273443614,6.644088836117333
2019-09-28,1100,4101.62,3264.44,0.14,2793.18,normal,667.0,0.32,279.47,469.83,7,1674.38,39,0,558.04,1333.24,Salary,1373.16,Investments,Positive,39.7,Low,559.91,0,837.1799999999998,79.58904042792848,6.813649241031593
2019-10-28,1474,3434.13,5514.23,0.09,2704.81,normal,722.0,0.37,475.77,570.86,4,1285.55,60,0,824.07,3305.12,Salary,1385.04,Dining Out,Positive,44.7,Medium,24.25,0,-2080.0999999999995,160.57138198029776,13.854163936717596
2019-11-27,1772,3821.34,2810.93,0.12,3241.04,inflation,639.0,0.53,311.08,754.93,7,1091.58,94,0,519.83,1278.47,Salary,1012.63,Dining Out,Negative,54.6,Medium,1596.63,0,1010.4100000000003,73.55875164209412,8.140599894277923
2019-12-27,1181,4501.68,4682.53,0.37,3020.86,normal,611.0,0.49,507.52,133.42,3,605.79,56,0,243.94,2881.34,Salary,1557.25,Dining Out,Negative,71.0,Low,88.36,0,-180.84999999999945,104.01738906363845,11.274013257272838
2020-01-26,1579,5011.45,3258.2,0.35,2938.63,inflation,692.0,0.26,560.21,191.87,6,1024.93,38,0,323.52,1986.03,Salary,948.65,Education,Positive,92.2,High,684.21,0,1753.25,65.01511538576659,11.178601003701525
2020-02-25,1525,2076.37,4118.22,0.14,1760.02,normal,669.0,0.4,607.11,735.29,2,1770.02,37,0,593.65,2008.17,Salary,1516.4,Utilities,Negative,32.9,Medium,0.0,0,-2041.8500000000004,198.3374832038606,29.239008461883
2020-03-26,1355,5559.53,4574.29,0.32,3153.86,normal,661.0,0.24,832.8,190.64,9,1211.14,54,0,307.87,2471.55,Mixed,1794.87,Groceries,Negative,48.6,Medium,2640.95,0,985.2399999999998,82.27835806264198,14.979683534399491
2020-04-25,1204,3709.0,4040.75,0.13,3047.43,normal,619.0,0.34,571.91,376.32,2,141.29,59,0,478.88,2553.47,Salary,1008.4,Utilities,Positive,22.3,High,1129.81,0,-331.75,108.94445942302507,15.419520086276622
2020-05-25,1263,3525.27,3990.57,0.13,3189.28,normal,651.0,0.45,396.28,691.77,2,1137.2,29,0,405.73,1797.51,Salary,1787.33,Groceries,Neutral,35.7,Low,1054.6,0,-465.3000000000002,113.19898901360747,11.241124793278244
2020-06-24,1883,3317.43,4138.2699999999995,0.26,3481.84,normal,702.0,0.35,259.13,793.7,1,1083.26,38,0,327.57,2676.4,Salary,1134.3,Healthcare,Neutral,9.0,High,0.0,0,-820.8399999999997,124.74325004596932,7.811167078129758
2020-07-24,1959,5271.82,4686.46,0.09,2450.97,normal,612.0,0.51,454.57,336.75,9,101.13,23,0,353.62,3226.04,Salary,1106.8,Healthcare,Positive,87.7,Low,1822.02,0,585.3599999999997,88.8964342485138,8.622638860962628
2020-08-23,1835,3770.87,3892.33,0.18,2491.64,recession,672.0,0.35,495.92,527.84,6,989.76,69,0,243.91,2067.94,Salary,1580.48,Groceries,Positive,45.5,Low,0.0,0,-121.46000000000004,103.22100735374065,13.151341732809671
2020-09-22,1237,3183.88,5068.87,0.1,2320.71,recession,685.0,0.37,578.86,304.83,3,1302.55,66,0,1028.64,2902.08,Salary,1138.15,Dining Out,Neutral,66.4,Low,150.29,0,-1884.9899999999998,159.2041785494428,18.180961594029927
2020-10-22,1553,3956.86,3602.92,0.16,2853.64,normal,689.0,0.28,493.29,0.0,8,1291.51,92,0,251.67,1917.05,Freelance,1434.2,Investments,Positive,87.9,Low,0.0,0,353.94000000000005,91.0550284821803,12.466703396127233
2020-11-21,1895,3912.13,2817.6800000000003,0.13,3503.15,recession,733.0,0.17,759.22,415.89,2,301.95,73,0,374.5,1599.21,Salary,843.97,Education,Positive,48.5,Medium,3018.77,0,1094.4499999999998,72.02419142513158,19.406819303039523
2020-12-21,1270,2979.88,5139.18,0.28,2656.08,inflation,672.0,0.14,235.1,361.66,9,964.01,61,0,413.18,2763.88,Salary,1962.12,Investments,Neutral,97.7,Low,0.0,0,-2159.3,172.46264950266453,7.889579446152194
2021-01-20,1842,4295.84,4645.53,0.29,2839.65,normal,623.0,0.39,191.73,112.82,6,474.31,31,0,386.69,3298.43,Salary,960.41,Dining Out,Positive,5.2,High,957.57,0,-349.6899999999996,108.14020075235575,4.463155052329696
2021-02-19,1546,4478.23,3237.8600000000006,0.07,2717.57,inflation,679.0,0.49,25.26,505.76,4,1156.58,91,0,312.8,2121.86,Salary,803.2,Healthcare,Neutral,71.7,Low,1930.42,0,1240.369999999999,72.30222654932867,0.5640621406225228
2021-03-21,1916,4004.18,4943.379999999999,0.17,2965.28,recession,712.0,0.14,663.84,509.9,2,658.34,98,0,544.49,3523.85,Freelance,875.04,Entertainment,Positive,22.3,Medium,508.01,0,-939.1999999999994,123.45548901398038,16.57867528432788
2021-04-20,1907,5004.97,3090.3,0.22,2035.99,inflation,658.0,0.35,628.51,179.45,6,975.0,53,0,324.84,1382.04,Salary,1383.42,Education,Positive,6.1,Low,3179.21,1,1914.67,61.744625841913134,12.557717628677095
2021-05-20,1140,5916.09,4018.5,0.21,2597.57,inflation,643.0,0.23,520.76,297.99,3,319.74,77,0,564.99,2153.47,Salary,1300.04,Rent,Positive,3.7,Low,3814.59,1,1897.5900000000001,67.92493014812148,8.802435392294573
2021-06-19,1159,5002.47,4498.85,0.1,2721.65,normal,589.0,0.4,47.03,220.68,9,1729.09,36,0,402.82,2595.3,Mixed,1500.73,Transportation,Positive,61.4,Low,3141.03,1,503.6199999999999,89.93257330878546,0.9401355730269246
2021-07-19,1031,4409.26,3137.98,0.38,2521.27,normal,664.0,0.56,283.75,0.0,2,575.08,55,0,281.6,1506.26,Salary,1350.12,Groceries,Negative,29.5,High,999.97,0,1271.2800000000002,71.16795108476252,6.435320212461955
2021-08-18,1440,3521.95,3365.64,0.25,2629.0,inflation,563.0,0.45,379.86,371.64,7,1142.53,28,0,168.97,1578.83,Salary,1617.84,Groceries,Positive,50.5,Medium,208.28,0,156.30999999999995,95.56183364329421,10.785502349550676
2021-09-17,1839,3124.4,4118.54,0.29,3001.68,inflation,656.0,0.35,627.44,641.62,4,245.53,28,0,649.13,1926.62,Salary,1542.79,Education,Positive,65.6,Low,576.05,0,-994.1399999999999,131.81858916912046,20.08193573166048
2021-10-17,1636,3560.32,5383.35,0.2,2907.41,normal,700.0,0.42,657.24,402.79,9,587.66,75,0,316.84,2931.72,Freelance,2134.79,Investments,Positive,47.2,Medium,0.0,0,-1823.0300000000002,151.20410524896639,18.460138414524536
2021-11-16,1868,2004.18,3735.0900000000006,0.06,3115.84,normal,717.0,0.3,316.61,196.66,6,1062.39,89,0,392.57,1839.64,Salary,1502.88,Healthcare,Positive,89.6,High,0.0,0,-1730.9100000000005,186.3649971559441,15.797483259986628
2021-12-16,1153,1771.53,3573.99,0.11,2161.4,normal,668.0,0.31,517.04,0.0,6,1660.27,97,0,201.75,1941.55,Freelance,1430.69,Dining Out,Positive,98.9,Low,0.0,0,-1802.4599999999998,201.74594841746963,29.18607079755917
2022-01-15,1721,5684.85,3496.32,0.11,3210.78,normal,728.0,0.32,200.03,215.02,1,830.9,93,0,485.27,2057.88,Freelance,953.17,Insurance,Positive,87.1,Low,2381.27,0,2188.53,61.502414311723264,3.5186504481208822
2022-02-14,1534,4393.54,3810.5099999999998,0.36,2752.58,normal,688.0,0.26,466.63,396.53,3,1939.31,47,0,197.56,2114.79,Mixed,1498.16,Entertainment,Negative,41.2,High,881.7,0,583.0300000000002,86.72983516708622,10.620820568379939
2022-03-16,1548,3321.07,3965.1800000000003,0.07,1921.08,normal,736.0,0.55,1025.38,735.92,8,1541.02,28,0,343.0,2416.48,Salary,1205.7,Dining Out,Positive,49.3,Low,389.23,0,-644.1100000000001,119.39465292812257,30.87498908484314
2022-04-15,1214,4547.31,3734.7000000000003,0.2,2776.87,inflation,627.0,0.44,266.35,317.65,5,1171.58,37,0,323.11,2267.66,Salary,1143.93,Healthcare,Positive,7.6,Low,1861.14,0,812.6100000000001,82.12987458519432,5.85730904644724
2022-05-15,1424,4869.11,3726.96,0.36,3108.02,normal,693.0,0.3,401.0,386.49,2,1602.48,55,0,204.84,2596.04,Salary,926.08,Investments,Negative,31.2,High,2221.73,0,1142.1499999999996,76.5429411124415,8.235591309294717
2022-06-14,1706,3299.52,4503.6,0.08,4087.78,recession,664.0,0.56,904.95,561.31,6,1015.65,32,0,535.33,2975.76,Salary,992.51,Groceries,Neutral,67.1,High,416.81,0,-1204.0800000000004,136.4925807390166,27.426716613325574
2022-07-14,1770,4031.76,3892.0,0.1,3122.18,normal,690.0,0.14,555.72,690.22,9,453.8,45,0,432.86,2346.52,Salary,1112.62,Entertainment,Neutral,46.7,Low,1206.14,0,139.76000000000022,96.53352382086234,13.783558545151497
2022-08-13,1222,2298.53,4081.25,0.25,2289.99,recession,702.0,0.1,702.36,186.38,3,994.07,52,0,383.82,2342.49,Salary,1354.94,Education,Positive,44.1,Medium,0.0,0,-1782.7199999999998,177.5591356214624,30.55692116265613
2022-09-12,1871,4004.11,4650.16,0.16,3657.2,inflation,656.0,0.43,502.85,49.35,9,1517.19,99,0,481.27,2480.79,Salary,1688.1,Dining Out,Neutral,76.2,Medium,2984.72,0,-646.0499999999997,116.13467162490541,12.558346299177595
2022-10-12,1567,3289.02,2867.41,0.09,2761.13,normal,590.0,0.48,850.49,370.35,8,771.09,62,0,622.87,1747.67,Mixed,496.87,Transportation,Positive,78.7,Medium,1801.56,0,421.6100000000001,87.18128804324692,25.85846239913409
2022-11-11,1785,3254.07,3563.6,0.24,2681.88,recession,690.0,0.3,230.91,0.0,1,1037.01,71,1,617.58,1856.42,Salary,1089.6,Transportation,Positive,86.4,Low,389.07,0,-309.52999999999975,109.51208793910394,7.096036655634329
2022-12-11,1207,4641.13,4833.679999999999,0.34,2895.76,recession,665.0,0.53,511.99,621.28,5,936.77,68,0,304.53,2488.67,Salary,2040.48,Entertainment,Neutral,22.4,High,1068.28,0,-192.54999999999927,104.14877411320087,11.031580671086568
2023-01-10,1760,2692.53,2660.5299999999997,0.13,2423.16,normal,609.0,0.51,289.65,771.71,4,224.75,38,0,463.1,1417.58,Salary,779.85,Insurance,Positive,59.1,Low,0.0,0,32.000000000000455,98.81152670536632,10.757540305957592
2023-02-09,1606,4088.02,4474.86,0.25,3198.78,recession,714.0,0.11,508.04,438.73,2,1835.38,98,0,502.41,2165.85,Salary,1806.6,Education,Positive,82.8,Medium,1786.37,0,-386.8399999999997,109.46277170855328,12.42753215493075
2023-03-11,1810,3786.88,3246.45,0.2,3048.01,normal,690.0,0.2,119.56,0.0,2,1318.28,22,0,630.46,1810.46,Mixed,805.53,Transportation,Positive,48.1,Low,725.47,0,540.4300000000003,85.72888499239478,3.1572164948453607
2023-04-10,1925,4556.3,3564.0,0.15,2289.31,normal,631.0,0.59,803.48,502.73,9,271.8,68,0,402.64,2861.36,Salary,300.0,Entertainment,Neutral,68.7,Low,1210.27,0,992.3000000000002,78.22136382591137,17.63448412088756
2023-05-10,1655,3875.66,3857.8100000000004,0.05,2568.94,inflation,683.0,0.42,878.33,318.66,2,837.78,39,0,839.7,1498.21,Salary,1519.9,Healthcare,Positive,22.7,Low,962.01,0,17.849999999999454,99.53943328362138,22.662720672091982
2023-06-09,1602,4318.05,4313.93,0.13,3770.67,normal,653.0,0.53,8.49,392.54,1,1122.06,75,0,439.68,2286.55,Freelance,1587.7,Insurance,Negative,57.6,High,0.0,0,4.119999999999891,99.90458656106344,0.19661652829402163
2023-07-09,1663,4622.04,3659.54,0.38,2211.71,normal,721.0,0.5,479.66,126.85,8,181.29,46,0,511.89,1957.16,Salary,1190.49,Utilities,Positive,94.1,Low,949.45,0,962.5,79.17586174070324,10.377668735017439
2023-08-08,1302,2918.32,2843.2,0.25,2721.8,normal,763.0,0.31,288.01,736.59,6,726.7,27,0,392.29,1181.08,Salary,1269.83,Groceries,Positive,47.2,Medium,0.0,0,75.12000000000035,97.4259162805998,9.86903423887716
2023-09-07,1058,4145.35,3350.97,0.34,2055.99,recession,607.0,0.29,433.94,872.65,8,728.68,79,0,635.18,1767.29,Salary,948.5,Education,Positive,1.9,High,1729.71,0,794.3800000000006,80.83684127998842,10.468114875704101
2023-10-07,1244,4046.42,3347.33,0.33,2778.19,normal,657.0,0.13,214.19,0.0,9,1627.97,31,0,723.02,1608.52,Salary,1015.79,Groceries,Positive,7.5,Medium,279.52,0,699.0900000000001,82.72324672179359,5.293321009682632
2023-11-06,1343,5797.88,3686.66,0.06,2497.18,inflation,600.0,0.23,423.71,97.52,5,1641.01,80,0,0.0,2625.18,Freelance,1061.48,Healthcare,Positive,25.6,Low,1468.47,0,2111.2200000000003,63.58634535381897,7.308016033446707
2019-01-01,1598,3885.22,3067.41,0.39,3361.55,normal,672.0,0.49,142.01,226.14,2,1318.69,84,0,636.85,1400.07,Freelance,1030.49,Utilities,Negative,14.2,High,297.96,0,817.81,78.95074152815027,3.6551340722018315
2019-01-31,1777,4127.99,5432.63,0.05,3373.64,recession,598.0,0.21,205.13,285.97,1,1019.86,56,0,631.61,3282.96,Salary,1518.06,Investments,Positive,89.5,Low,449.39,0,-1304.6400000000003,131.60472772463112,4.969246534027456
2019-03-02,1175,4349.43,3173.07,0.16,2988.51,normal,666.0,0.26,647.78,428.98,7,1234.36,32,0,454.94,2144.88,Salary,573.25,Education,Positive,36.2,High,2732.79,0,1176.3600000000001,72.95369738103614,14.893445807841484
2019-04-01,1732,1815.35,4050.7899999999995,0.37,2975.6,inflation,646.0,0.23,533.23,1196.54,6,1316.8,27,0,390.39,2495.72,Freelance,1164.68,Investments,Positive,65.9,Low,0.0,0,-2235.4399999999996,223.14099209518824,29.37339906905005
2019-05-01,1192,4126.46,4115.51,0.29,3327.16,normal,706.0,0.36,598.56,388.81,8,1631.07,75,0,645.25,2227.36,Freelance,1242.9,Insurance,Positive,2.1,Low,342.96,0,10.949999999999818,99.73463937612385,14.505411418019317
2019-05-31,1992,3889.21,3419.1000000000004,0.06,3107.3,normal,724.0,0.59,748.09,599.48,5,649.59,47,0,529.17,1529.19,Salary,1360.74,Investments,Positive,75.4,High,2399.69,0,470.1099999999997,87.91245522869684,19.23501173760224
2019-06-30,1480,7037.92,5423.66,0.06,2648.33,inflation,619.0,0.5,230.8,750.3,9,645.16,32,0,786.05,3387.77,Salary,1249.84,Insurance,Positive,1.0,High,3958.81,1,1614.2600000000002,77.06339372996567,3.279377998044877
2019-07-30,1982,3833.63,3798.13,0.12,2000.9,normal,732.0,0.38,403.66,667.91,7,926.53,27,0,233.27,2619.04,Salary,945.82,Rent,Neutral,46.2,High,764.67,0,35.5,99.07398470900948,10.52944598200661
2019-08-29,1940,4963.11,4058.8500000000004,0.18,3074.25,inflation,650.0,0.53,385.78,169.69,9,1457.37,82,0,512.96,2440.51,Mixed,1105.38,Groceries,Positive,13.0,Low,2848.73,0,904.2599999999993,81.7803756112599,7.7729488163671565
2019-09-28,1938,3381.06,4015.4,0.33,2632.84,normal,697.0,0.14,155.8,392.1,8,766.2,58,0,196.61,2723.06,Salary,1095.73,Dining Out,Positive,83.2,Low,963.39,0,-634.3400000000001,118.76157181475632,4.608022336190426
2019-10-28,1331,4376.38,4861.71,0.14,2300.52,recession,664.0,0.51,424.38,505.17,1,252.84,26,0,550.11,2680.72,Salary,1630.88,Education,Positive,9.7,Medium,967.58,0,-485.3299999999999,111.08975911598169,9.697055557332773
2019-11-27,1621,3231.49,4691.87,0.36,2426.75,normal,694.0,0.46,451.57,278.39,2,1215.11,59,0,518.78,3029.03,Salary,1144.06,Dining Out,Positive,72.6,High,1472.45,0,-1460.38,145.19215594044852,13.974049122850452
2019-12-27,1535,3785.95,2040.88,0.32,3084.82,recession,765.0,0.23,386.79,159.14,9,737.64,29,0,259.85,1000.0,Salary,781.03,Transportation,Positive,97.4,Medium,1407.74,0,1745.0699999999997,53.906681282108856,10.216458220525892
2020-01-26,1568,3740.82,5265.15,0.36,2125.49,inflation,696.0,0.37,488.94,65.32,7,816.9,57,0,308.74,2579.29,Salary,2377.12,Entertainment,Positive,15.3,High,676.16,0,-1524.3299999999995,140.74855245641328,13.070396330216369
2020-02-25,1474,4789.44,3628.13,0.12,3592.84,inflation,755.0,0.39,856.62,116.54,2,1156.88,70,0,666.98,1352.01,Mixed,1609.14,Transportation,Positive,46.8,Low,1743.18,0,1161.3099999999995,75.75269760138973,17.88559831629585
2020-03-26,1664,4786.41,2910.2200000000003,0.19,2791.91,inflation,679.0,0.47,552.61,873.88,8,617.55,46,0,295.01,2033.26,Salary,581.95,Healthcare,Positive,34.9,Medium,1560.73,0,1876.1899999999996,60.801728226374266,11.54539623642772
2020-04-25,1043,3519.82,4004.5700000000006,0.21,2780.81,normal,634.0,0.57,363.81,233.72,1,1195.27,93,0,527.76,2354.07,Mixed,1122.74,Investments,Neutral,10.3,Low,1146.94,0,-484.75000000000045,113.77201106874783,10.336039911131818
2020-05-25,1901,4156.47,4054.16,0.39,3209.03,normal,778.0,0.12,457.74,669.61,5,424.24,46,0,124.61,2925.91,Salary,1003.64,Groceries,Negative,99.8,High,2434.14,0,102.3100000000004,97.53853630604816,11.012710304657558
2020-06-24,1507,5573.58,2925.17,0.11,2005.75,inflation,614.0,0.2,625.4,232.62,5,0.0,36,0,326.48,1630.53,Freelance,968.16,Rent,Neutral,96.8,Low,3506.26,1,2648.41,52.48278485282351,11.220795251884786
2020-07-24,1286,5032.97,3259.05,0.1,2845.81,recession,747.0,0.52,610.65,286.54,3,1361.3,91,0,347.4,1560.92,Salary,1350.73,Groceries,Neutral,29.3,Medium,4268.5,1,1773.92,64.75401204457806,12.13299503076712
2020-08-23,1710,5668.35,5651.110000000001,0.27,2643.96,normal,659.0,0.29,602.39,529.73,5,394.05,49,0,372.73,3735.23,Freelance,1543.15,Education,Positive,12.0,Low,3954.6,1,17.23999999999978,99.69585505482196,10.627254844884312
2020-09-22,1693,3652.81,3760.81,0.28,2866.02,normal,716.0,0.54,389.56,372.83,3,1754.21,40,0,673.19,2075.77,Freelance,1011.85,Dining Out,Negative,15.6,Low,1410.85,0,-108.0,102.95662791111499,10.66466638012927
2020-10-22,1402,2814.68,3133.26,0.27,3102.03,recession,712.0,0.3,619.59,812.31,9,1060.82,50,0,521.62,1473.46,Salary,1138.18,Utilities,Positive,85.0,Low,0.0,0,-318.5800000000004,111.31851578154534,22.012804297468985
2020-11-21,1047,4718.93,3268.38,0.08,2714.7,normal,678.0,0.28,493.59,229.17,8,947.1,20,0,259.8,2049.9,Salary,958.68,Insurance,Negative,46.7,Medium,2009.57,0,1450.5500000000002,69.26104010866871,10.459786434636664
2020-12-21,1408,3950.15,2713.34,0.24,2281.96,inflation,744.0,0.42,651.98,166.56,4,1080.81,77,0,597.76,1393.77,Salary,721.81,Insurance,Positive,72.8,High,1952.66,0,1236.81,68.68954343505943,16.50519600521499
2021-01-20,1414,4461.22,4150.290000000001,0.33,3025.72,recession,684.0,0.51,638.83,570.15,7,1147.99,57,0,531.06,2396.55,Salary,1222.68,Investments,Negative,89.6,Medium,463.9,0,310.9299999999994,93.03038182380607,14.319625573273678
2021-02-19,1308,4131.52,3777.74,0.17,2691.94,recession,743.0,0.57,589.25,674.28,1,1052.45,28,0,364.41,1593.82,Salary,1819.51,Entertainment,Positive,19.9,Low,1311.43,0,353.78000000000065,91.43704980249399,14.262305398497405
2021-03-21,1522,5339.73,3941.5299999999997,0.09,2643.01,inflation,727.0,0.17,420.25,631.3,6,869.7,97,0,459.09,2084.72,Salary,1397.72,Investments,Negative,54.2,High,1605.57,0,1398.1999999999998,73.81515544793463,7.870248121159684
2021-04-20,1290,2688.93,4151.389999999999,0.2,3028.94,normal,727.0,0.38,278.12,511.15,4,667.01,32,0,659.31,2452.23,Salary,1039.85,Entertainment,Positive,40.3,Low,0.0,0,-1462.4599999999996,154.3881767096949,10.34314764608971
2021-05-20,1623,7382.84,4730.85,0.15,3337.38,recession,691.0,0.51,710.41,414.45,1,218.98,26,0,174.72,3173.19,Salary,1382.94,Entertainment,Negative,39.6,High,4694.79,1,2651.99,64.07899940944137,9.622448813735634
2021-06-19,1827,4086.68,2718.42,0.34,2759.81,normal,640.0,0.31,720.68,41.62,1,1230.76,30,0,423.84,1397.65,Salary,896.93,Insurance,Positive,11.6,Low,740.62,0,1368.2599999999998,66.51903256433094,17.634852741100353
2021-07-19,1783,3008.4,3273.46,0.18,2508.48,inflation,641.0,0.19,454.27,669.96,7,1047.15,69,0,575.15,1766.05,Freelance,932.26,Education,Positive,12.0,Low,0.0,0,-265.05999999999995,108.81066347560164,15.100053184416964
2021-08-18,1004,3563.08,3301.66,0.08,2338.37,inflation,600.0,0.13,577.78,641.99,9,0.0,50,0,211.91,1787.47,Salary,1302.28,Investments,Neutral,51.8,Low,29.21,0,261.4200000000001,92.66308923740135,16.215745927680544
2021-09-17,1376,3227.8,4587.22,0.15,2950.17,normal,718.0,0.11,423.38,298.2,3,381.42,70,0,531.44,2402.28,Salary,1653.5,Transportation,Positive,64.8,Medium,0.0,0,-1359.42,142.11599231674825,13.11667389553256
2021-10-17,1171,4467.41,2978.06,0.2,2175.13,normal,668.0,0.38,718.97,665.35,9,1671.3,60,0,554.37,1736.9,Salary,686.79,Rent,Positive,47.2,High,807.42,0,1489.35,66.66189134196324,16.093665009479764
2021-11-16,1989,3789.01,3299.9900000000002,0.07,2931.26,recession,655.0,0.38,78.16,290.48,3,839.21,70,0,428.48,1790.14,Mixed,1081.37,Rent,Positive,8.0,Low,1613.97,0,489.02,87.09372632956894,2.0628079630299205
2021-12-16,1964,3769.57,4497.61,0.22,2945.18,inflation,749.0,0.59,496.21,382.31,9,817.22,30,0,549.86,2624.53,Salary,1323.22,Transportation,Positive,88.5,Low,1622.27,0,-728.0399999999995,119.31360871399124,13.163570380706552
2022-01-15,1003,4873.11,3297.23,0.21,1782.37,normal,557.0,0.37,975.59,459.27,2,469.76,89,0,477.07,2042.52,Freelance,777.64,Transportation,Positive,90.2,High,2076.04,1,1575.8799999999997,67.6617191075104,20.019864111419608
2022-02-14,1510,3713.15,3246.4700000000003,0.15,2591.93,normal,709.0,0.38,584.87,466.19,1,696.89,87,0,791.73,1649.15,Salary,805.59,Investments,Neutral,72.0,Low,2445.71,0,466.67999999999984,87.43169546072743,15.751316267858826
2022-03-16,1090,4952.95,3742.32,0.34,2031.86,recession,748.0,0.5,719.05,57.91,3,1463.54,25,0,378.73,2149.26,Salary,1214.33,Dining Out,Positive,10.0,High,2943.06,1,1210.6299999999997,75.55739508777599,14.517610716845516
2022-04-15,1064,3680.05,3468.15,0.22,2513.04,recession,718.0,0.28,671.9,536.57,8,1391.83,61,0,552.86,2082.58,Salary,832.71,Transportation,Neutral,18.2,Low,0.0,0,211.9000000000001,94.24192606078722,18.257904104563796
2022-05-15,1297,4676.76,3361.3300000000004,0.38,3712.77,inflation,739.0,0.23,531.08,747.54,6,1610.98,85,0,577.82,1499.3,Freelance,1284.21,Utilities,Positive,20.6,Low,410.38,0,1315.4299999999998,71.87304886288798,11.355724903565717
2022-06-14,1938,4482.67,3624.02,0.32,1964.54,normal,615.0,0.59,208.76,490.81,9,1252.3,81,0,514.88,1870.53,Freelance,1238.61,Education,Neutral,8.0,Low,2587.08,1,858.6500000000001,80.84512132278307,4.657045912369191
2022-07-14,1173,3508.02,4740.49,0.24,2936.41,normal,687.0,0.18,237.86,265.16,5,206.29,32,0,502.46,3094.33,Salary,1143.7,Utilities,Positive,77.7,High,0.0,0,-1232.4699999999998,135.13292398561012,6.780463053232308
2022-08-13,1703,3705.5,3754.08,0.16,2522.69,normal,696.0,0.3,52.17,906.99,4,166.82,91,0,458.16,1923.77,Salary,1372.15,Transportation,Positive,35.7,High,1183.02,0,-48.57999999999993,101.31102415328566,1.4079071650249628
2022-09-12,1751,4442.6,4722.7,0.39,2313.12,normal,652.0,0.26,213.09,584.42,7,1005.76,99,0,952.07,3124.05,Salary,646.58,Entertainment,Positive,25.7,Low,1937.14,0,-280.09999999999945,106.30486651960562,4.796515553954891
2022-10-12,1458,2642.24,3775.3900000000003,0.22,2160.65,inflation,653.0,0.4,646.15,278.95,6,118.51,45,0,332.49,2270.21,Freelance,1172.69,Rent,Positive,9.5,Low,0.0,0,-1133.1500000000005,142.88596039723873,24.454629405353035
2022-11-11,1907,5292.79,3888.51,0.19,3496.25,normal,648.0,0.58,989.67,427.84,3,1315.72,62,0,496.26,2529.05,Salary,863.2,Dining Out,Positive,31.5,Low,2236.83,0,1404.2799999999997,73.46805748952822,18.698455823866052
2022-12-11,1375,4606.56,3732.65,0.23,2139.64,normal,674.0,0.16,632.13,298.59,1,1814.02,21,0,626.58,1831.89,Salary,1274.18,Insurance,Positive,86.8,Medium,1657.7,0,873.9100000000003,81.02901080198673,13.722387204334687
2023-01-10,1379,4695.16,4480.76,0.22,2371.98,normal,653.0,0.11,389.78,374.1,4,958.05,34,0,0.0,2604.25,Mixed,1876.51,Entertainment,Negative,51.1,Medium,2134.75,0,214.39999999999964,95.43359544722651,8.30174051576517
2023-02-09,1652,3652.14,4989.969999999999,0.37,2269.9,normal,684.0,0.52,534.07,607.92,1,554.87,45,0,792.86,3244.5,Salary,952.61,Entertainment,Positive,63.1,Medium,75.79,0,-1337.8299999999995,136.63139967252076,14.623481027561924
2023-03-11,1184,5359.27,3060.3399999999997,0.16,2102.22,normal,716.0,0.49,429.9,979.22,8,866.25,56,0,297.27,2032.03,Freelance,731.04,Entertainment,Positive,100.0,Medium,2149.12,1,2298.9300000000007,57.103672701692574,8.02161488411668
2023-04-10,1888,3152.73,3377.7200000000003,0.09,3589.46,normal,726.0,0.31,565.58,455.96,7,1045.89,98,0,265.32,2329.92,Salary,782.48,Investments,Positive,27.3,Low,0.0,0,-224.99000000000024,107.13635484167689,17.939373178166225
2023-05-10,1825,3305.34,4104.36,0.14,3610.13,normal,671.0,0.23,645.11,689.18,4,1923.36,67,0,237.07,2410.84,Mixed,1456.45,Groceries,Positive,97.5,Low,1441.83,0,-799.0199999999995,124.17360997658334,19.517205491719462
2023-06-09,1436,5027.11,4265.09,0.05,2886.51,normal,688.0,0.6,251.19,165.75,9,1151.16,86,0,330.35,2616.53,Salary,1318.21,Utilities,Negative,28.6,Medium,1354.74,0,762.0199999999995,84.84178782640524,4.996707850037099
2023-07-09,1239,3322.21,5019.12,0.18,3622.46,recession,637.0,0.51,435.77,718.74,5,512.92,55,0,728.83,2678.66,Salary,1611.63,Transportation,Positive,4.3,High,1496.76,0,-1696.9099999999999,151.07774643986986,13.116870998522067
2023-08-08,1794,2223.1,3277.04,0.14,2995.5,inflation,693.0,0.47,428.64,388.98,1,777.08,96,0,171.35,1420.16,Salary,1685.53,Entertainment,Neutral,78.5,Medium,0.0,0,-1053.94,147.4085736134227,19.281183932346725
2023-09-07,1020,4412.3,2851.64,0.1,2433.98,normal,682.0,0.18,510.98,436.64,2,692.67,46,0,534.73,1741.92,Freelance,574.99,Healthcare,Positive,76.0,High,710.73,0,1560.6600000000003,64.62933164109421,11.580808195272308
2023-10-07,1978,3766.28,4543.2699999999995,0.28,2631.72,normal,721.0,0.14,830.47,501.98,1,1167.39,27,0,497.03,2884.35,Mixed,1161.89,Healthcare,Positive,70.0,Medium,96.37,0,-776.9899999999993,120.63017088479877,22.050139660354514
2023-11-06,1780,5169.94,3303.5099999999998,0.34,2583.07,inflation,742.0,0.15,626.79,0.0,4,882.85,21,0,661.37,2025.34,Salary,616.8,Groceries,Negative,1.6,Low,2430.52,0,1866.4299999999998,63.898420484570416,12.123738379942514
2019-01-01,1153,4286.53,3090.06,0.07,2376.08,inflation,766.0,0.42,410.79,544.59,3,1378.15,45,0,0.0,1408.31,Mixed,1681.75,Investments,Positive,47.2,High,1220.77,0,1196.4699999999998,72.08767931170435,9.583275983137877
2019-01-31,1553,3633.32,4125.349999999999,0.31,2619.63,normal,626.0,0.19,489.8,268.66,7,672.46,29,0,266.13,2140.62,Salary,1718.6,Groceries,Positive,41.7,Medium,0.0,0,-492.0299999999993,113.54215978774232,13.480783415718955
2019-03-02,1453,4867.21,3547.81,0.07,2751.63,normal,641.0,0.6,226.61,720.47,6,417.11,75,0,269.4,1912.13,Freelance,1366.28,Education,Positive,80.7,Low,1068.19,0,1319.4,72.89206752944706,4.65585006605427
2019-04-01,1206,4654.78,2488.66,0.26,3270.76,normal,656.0,0.42,418.7,351.82,9,0.0,38,0,454.74,1000.0,Salary,1033.92,Utilities,Positive,36.6,Low,2360.08,0,2166.12,53.46461057235787,8.995054546079514
2019-05-01,1113,4963.54,2780.06,0.24,2483.35,normal,652.0,0.44,231.12,421.61,8,1310.51,70,0,679.86,1305.15,Salary,795.05,Insurance,Neutral,38.7,Low,1120.95,0,2183.48,56.00962216482591,4.656354134347664
2019-05-31,1269,4175.64,3982.99,0.27,3603.5,recession,682.0,0.23,775.25,294.82,6,683.49,69,0,492.24,2185.63,Salary,1305.12,Healthcare,Negative,17.3,Medium,1453.51,0,192.65000000000055,95.38633598681876,18.566016227452558
2019-06-30,1101,6036.64,2119.62,0.06,2908.07,normal,766.0,0.15,687.32,618.31,9,721.26,92,0,212.44,1000.0,Salary,907.18,Rent,Neutral,86.2,Medium,2935.03,1,3917.0200000000004,35.11257918312173,11.385804023430254
2019-07-30,1640,2021.44,4312.07,0.14,3395.31,inflation,706.0,0.54,926.88,609.51,1,1435.09,45,0,529.77,2056.03,Freelance,1726.27,Entertainment,Positive,4.1,High,0.0,0,-2290.6299999999997,213.31674449897102,45.85246161152446
2019-08-29,1064,3248.45,4441.74,0.18,3388.0,normal,645.0,0.32,370.96,506.02,6,864.63,31,0,572.56,2542.38,Mixed,1326.8,Investments,Neutral,41.2,Low,0.0,0,-1193.29,136.73413474118425,11.419600116978867
2019-09-28,1082,3947.11,3711.5,0.23,2304.5,normal,606.0,0.14,383.28,504.7,8,573.9,23,0,451.65,1933.5,Salary,1326.35,Insurance,Neutral,34.9,High,1839.53,0,235.61000000000013,94.03082255118301,9.710395707238966
2019-10-28,1483,2604.03,3035.78,0.38,2828.63,normal,713.0,0.19,476.6,274.01,4,919.62,62,0,218.14,1898.95,Freelance,918.69,Dining Out,Neutral,99.2,Low,11.43,0,-431.75,116.58007012208,18.302400509978764
2019-11-27,1661,3056.74,4227.1,0.17,2937.24,normal,733.0,0.56,386.17,684.17,8,1255.9,96,0,778.0,2123.93,Freelance,1325.17,Utilities,Neutral,22.3,High,537.19,0,-1170.3600000000006,138.28784914647633,12.633393746278717
2019-12-27,1018,3520.91,2955.8,0.35,3052.57,normal,699.0,0.15,964.18,193.58,2,1026.24,95,0,566.36,1704.73,Salary,684.71,Rent,Negative,10.6,High,0.0,0,565.1099999999997,83.94988795510253,27.384397783527554
2020-01-26,1689,4239.94,4659.38,0.08,2679.78,normal,661.0,0.17,128.07,469.52,9,1465.3,57,0,273.14,2573.4,Salary,1812.84,Dining Out,Positive,24.3,Low,3202.17,1,-419.4400000000005,109.89259281970973,3.020561611720921
2020-02-25,1370,5403.29,3770.98,0.22,3311.33,inflation,774.0,0.22,501.77,887.27,6,1409.17,83,0,705.39,2026.05,Salary,1039.54,Utilities,Positive,79.9,Low,2833.01,0,1632.31,69.79044248966834,9.286379224509512
2020-03-26,1998,4476.68,3758.27,0.28,2721.64,inflation,702.0,0.42,459.85,758.52,3,1358.44,90,0,388.93,2022.37,Salary,1346.97,Groceries,Positive,22.5,High,1418.87,0,718.4100000000003,83.95216991163093,10.272121304180777
2020-04-25,1298,3633.98,3906.64,0.23,2273.34,normal,668.0,0.53,265.03,274.19,1,1384.06,58,0,0.0,2414.06,Freelance,1492.58,Education,Neutral,92.9,Medium,520.74,0,-272.65999999999985,107.50306826124525,7.29310563074095
2020-05-25,1607,5324.06,3111.98,0.36,2537.78,recession,721.0,0.59,716.59,0.0,2,1589.36,42,0,385.69,1301.48,Salary,1424.81,Utilities,Positive,86.2,Medium,1320.47,0,2212.0800000000004,58.451257123323174,13.459465145020905
2020-06-24,1170,5477.33,4913.71,0.15,3248.17,normal,712.0,0.48,375.21,582.84,8,620.45,72,0,897.68,2998.03,Freelance,1018.0,Investments,Neutral,13.5,Low,2413.5,0,563.6199999999999,89.7099499208556,6.850235424924188
2020-07-24,1949,6014.58,4717.089999999999,0.19,1926.4,normal,730.0,0.13,226.59,318.33,4,845.92,43,0,353.94,3317.12,Salary,1046.03,Groceries,Positive,64.0,Low,3857.96,1,1297.4900000000007,78.42758762872884,3.7673453507975623
2020-08-23,1976,5965.66,4952.999999999999,0.13,2411.57,normal,687.0,0.5,510.88,448.86,9,1312.68,55,0,316.28,3327.72,Salary,1309.0,Investments,Positive,61.5,Low,3561.73,1,1012.6600000000008,83.02518078469103,8.563679458769021
2020-09-22,1742,4344.08,2985.18,0.33,3398.67,recession,693.0,0.2,669.47,102.47,1,164.9,94,0,388.6,1522.24,Salary,1074.34,Insurance,Positive,45.3,Medium,1415.39,0,1358.9,68.71834772840279,15.411088193587597
2020-10-22,1293,4088.17,3474.22,0.15,3603.25,recession,609.0,0.46,431.09,232.17,6,408.58,66,0,284.23,1503.7,Salary,1686.29,Groceries,Positive,84.3,Medium,779.74,0,613.9500000000003,84.9822781342263,10.544815895620777
2020-11-21,1929,4565.25,3550.4500000000003,0.32,2447.14,normal,715.0,0.58,389.41,0.0,3,843.78,98,0,629.89,2152.34,Freelance,768.22,Healthcare,Neutral,72.4,High,779.8,0,1014.7999999999997,77.7712063961448,8.529872405673293
2020-12-21,1370,5054.55,4894.1900000000005,0.08,3332.75,recession,634.0,0.12,341.63,164.23,4,1155.65,68,0,473.92,2618.71,Mixed,1801.56,Education,Neutral,72.4,Low,2849.12,0,160.35999999999967,96.8274129249884,6.758860828362565
2021-01-20,1587,2960.12,4607.38,0.26,2104.1,normal,716.0,0.19,691.54,81.7,1,840.9,90,0,738.79,2768.86,Salary,1099.73,Investments,Neutral,83.1,High,0.0,0,-1647.2600000000002,155.6484196586625,23.361890734159427
2021-02-19,1305,5119.62,5418.429999999999,0.21,2178.57,recession,701.0,0.21,609.7,711.62,2,1477.3,97,0,788.11,2791.94,Mixed,1838.38,Groceries,Neutral,27.5,High,2293.73,1,-298.8099999999995,105.83656599513245,11.909087002550972
2021-03-21,1817,4624.19,3375.63,0.09,3333.08,normal,662.0,0.5,742.75,23.81,3,1188.34,25,0,493.62,2056.17,Salary,825.84,Dining Out,Negative,86.2,Low,1137.51,0,1248.5599999999995,72.99937935076198,16.06227252772918
2021-04-20,1176,3027.25,3014.21,0.35,2487.53,normal,789.0,0.4,524.13,0.0,8,1565.65,99,0,450.17,1929.83,Salary,634.21,Transportation,Neutral,20.8,High,1240.39,0,13.039999999999964,99.56924601536048,17.313733586588487
2021-05-20,1612,3046.87,4534.03,0.06,3262.97,normal,677.0,0.13,726.88,667.63,4,1747.81,79,0,812.07,2362.46,Salary,1359.5,Entertainment,Positive,74.7,Low,1928.13,0,-1487.1599999999999,148.80943394368646,23.856613508288834
2021-06-19,1025,2778.19,3852.7099999999996,0.32,2622.53,recession,720.0,0.2,609.61,181.64,9,732.56,30,0,640.1,1852.62,Salary,1359.99,Investments,Positive,14.4,Medium,0.0,0,-1074.5199999999995,138.6769803361181,21.94270370277051
2021-07-19,1703,5313.46,5138.88,0.32,3035.09,normal,761.0,0.29,198.7,170.1,4,2487.98,91,0,385.14,3071.28,Freelance,1682.46,Insurance,Positive,21.9,Low,3596.47,1,174.57999999999993,96.71438196580007,3.739559533712496
2021-08-18,1855,2899.28,3002.0,0.27,2815.68,normal,686.0,0.26,863.58,736.9,4,1562.99,22,0,482.54,1332.57,Salary,1186.89,Entertainment,Positive,67.3,Low,0.0,0,-102.7199999999998,103.5429485941337,29.786015838415054
2021-09-17,1474,1698.62,2984.3,0.07,2409.78,recession,674.0,0.17,188.68,19.9,2,1061.41,53,0,524.4,1250.95,Mixed,1208.95,Dining Out,Positive,26.2,Medium,0.0,0,-1285.6800000000003,175.68967750291415,11.107840482273847
2021-10-17,1205,4100.48,3321.79,0.11,2851.2,recession,745.0,0.52,535.24,305.6,7,1054.61,41,0,417.58,2604.21,Mixed,300.0,Transportation,Positive,19.4,Low,1354.82,0,778.6899999999996,81.00978422038396,13.053105977836744
2021-11-16,1276,4580.83,3619.47,0.18,2418.95,inflation,773.0,0.15,1023.57,297.51,3,866.77,84,0,545.69,1911.25,Salary,1162.53,Investments,Positive,50.9,Medium,1531.3,0,961.3600000000001,79.01341023351664,22.34464060006593
2021-12-16,1934,3372.74,4334.86,0.12,3076.84,inflation,747.0,0.58,636.99,329.37,6,1190.17,91,0,753.01,2052.95,Salary,1528.9,Insurance,Positive,63.4,Low,553.92,0,-962.1199999999999,128.52636135604877,18.886424687346196
2022-01-15,1455,5700.56,4785.6,0.13,3037.45,normal,666.0,0.22,540.75,75.91,6,1272.79,25,0,398.34,2699.42,Mixed,1687.84,Education,Neutral,97.9,Low,2916.28,0,914.96,83.94964705221943,9.48591015619518
2022-02-14,1997,3484.62,4954.500000000001,0.35,3007.27,inflation,727.0,0.19,603.83,475.26,2,1658.73,32,0,468.64,2826.34,Salary,1659.52,Transportation,Positive,72.9,Low,1605.95,0,-1469.880000000001,142.18193088485978,17.328431794571575
2022-03-16,1373,5903.16,3983.41,0.07,3177.92,recession,729.0,0.28,473.94,154.62,2,861.84,58,0,415.01,2607.33,Salary,961.07,Education,Neutral,12.5,Low,1952.33,0,1919.75,67.47928228270959,8.028581302217795
2022-04-15,1833,5181.98,4558.7,0.15,3424.28,normal,673.0,0.11,617.75,328.09,4,958.09,68,0,523.82,2794.96,Salary,1239.92,Healthcare,Positive,89.7,Low,2611.0,0,623.2799999999997,87.97216507975716,11.921118954530895
2022-05-15,1718,6712.01,4537.76,0.33,3049.8,inflation,738.0,0.48,663.06,177.35,3,478.09,84,0,400.17,2530.5,Salary,1607.09,Insurance,Neutral,83.2,High,3660.87,1,2174.25,67.6065738877028,9.878709954246194
2022-06-14,1784,2743.5,3053.6099999999997,0.38,3256.78,recession,718.0,0.24,815.83,383.06,4,1081.61,70,0,312.33,1722.86,Mixed,1018.42,Utilities,Positive,5.8,Low,0.0,0,-310.1099999999997,111.3034445051941,29.736832513213052
2022-07-14,1764,4796.91,4826.92,0.17,2328.15,recession,674.0,0.45,399.45,538.89,2,610.58,36,0,627.72,2213.04,Salary,1986.16,Transportation,Positive,58.1,Medium,2746.16,1,-30.01000000000022,100.62561107045995,8.327235657954809
2022-08-13,1479,4268.52,3580.78,0.31,3406.41,normal,580.0,0.46,248.24,357.15,4,910.69,63,0,422.13,1928.92,Salary,1229.73,Transportation,Positive,0.7,High,2429.68,0,687.7400000000002,83.88809235988117,5.815598849249857
2022-09-12,1868,5117.31,4997.83,0.36,3283.95,normal,672.0,0.17,508.74,540.66,1,0.0,81,0,666.53,2387.15,Salary,1944.15,Groceries,Positive,9.1,Medium,701.29,0,119.48000000000047,97.6651795572283,9.941551322862988
2022-10-12,1888,4105.57,3808.95,0.33,2529.47,normal,698.0,0.4,61.39,459.11,4,1228.18,87,0,490.37,2615.95,Salary,702.63,Entertainment,Neutral,48.8,Low,1497.82,0,296.6199999999999,92.77518103454575,1.4952856728785529
2022-11-11,1072,4602.11,3597.3,0.06,3575.51,recession,720.0,0.15,70.27,580.62,3,899.79,52,0,701.75,1253.46,Salary,1642.09,Entertainment,Positive,27.5,Medium,592.78,0,1004.8099999999995,78.1663193622056,1.5269083094493614
2022-12-11,1578,3902.73,3071.55,0.08,3769.06,normal,655.0,0.3,673.03,124.09,7,902.4,78,0,369.75,1698.15,Salary,1003.65,Transportation,Positive,28.3,High,1370.34,0,831.1799999999998,78.70260048735118,17.245107911641337
2023-01-10,1728,4895.09,2603.79,0.19,2589.16,normal,714.0,0.57,891.08,447.1,6,552.08,94,0,450.26,1693.9,Salary,459.63,Rent,Positive,14.0,Low,3555.46,1,2291.3,53.191871855267216,18.203546819363893
2023-02-09,1459,4061.25,3732.6099999999997,0.38,3379.84,inflation,673.0,0.46,554.55,345.47,3,177.22,94,0,375.48,2866.68,Salary,490.45,Education,Positive,68.7,Low,0.0,0,328.6400000000003,91.90791012619268,13.654662973222528
2023-03-11,1950,3617.52,3894.92,0.17,2551.03,inflation,820.0,0.18,252.3,914.62,5,1280.25,62,0,383.37,2203.31,Salary,1308.24,Groceries,Positive,72.9,High,709.12,0,-277.4000000000001,107.66823680311374,6.9743912956942875
2023-04-10,1344,4172.12,3750.4199999999996,0.34,1864.69,normal,632.0,0.58,665.55,222.95,5,1170.57,77,0,513.69,2193.91,Freelance,1042.82,Healthcare,Negative,24.4,Low,1798.63,0,421.7000000000003,89.89242878920068,15.952321601487974
2023-05-10,1930,4209.95,5179.6,0.3,3521.72,recession,636.0,0.28,145.2,107.43,7,799.43,70,0,746.55,2882.91,Freelance,1550.14,Healthcare,Neutral,19.0,Low,262.9,0,-969.6500000000005,123.03234005154458,3.4489720780531834
2023-06-09,1993,4454.33,3424.97,0.21,3128.55,recession,630.0,0.47,172.88,271.03,6,1020.89,57,0,647.48,1360.5,Salary,1416.99,Dining Out,Positive,69.8,Low,1694.0,0,1029.3600000000001,76.89080063668385,3.8811673136027194
2023-07-09,1975,3561.18,3782.6299999999997,0.29,2836.7,recession,605.0,0.25,677.76,397.47,6,20.88,77,0,441.87,2538.2,Freelance,802.56,Dining Out,Negative,59.8,Low,0.0,0,-221.44999999999982,106.2184444481885,19.03189392280087
2023-08-08,1426,3750.76,3932.06,0.39,1764.11,normal,665.0,0.59,112.4,487.28,5,1886.76,35,0,415.56,2190.62,Salary,1325.88,Rent,Positive,17.7,Low,0.0,0,-181.29999999999973,104.83368703942666,2.9967259968646354
2023-09-07,1317,3769.06,4786.09,0.3,2732.73,normal,614.0,0.13,647.69,533.04,4,1710.69,91,0,492.02,2838.84,Salary,1455.23,Education,Neutral,28.8,Low,1265.69,0,-1017.0300000000002,126.98365109602925,17.184390803011894
2023-10-07,1502,3108.18,2925.79,0.4,2978.05,inflation,755.0,0.28,368.21,344.38,5,719.58,43,0,227.6,1570.88,Salary,1127.31,Utilities,Positive,82.8,Low,0.0,0,182.38999999999987,94.13193573087788,11.846482507448089
2023-11-06,1707,3192.26,2836.0299999999997,0.33,3083.63,normal,685.0,0.26,641.14,220.62,1,1617.45,67,0,513.13,1076.34,Salary,1246.56,Entertainment,Positive,86.4,High,194.83,0,356.2300000000005,88.84082123636544,20.084203667621058
2019-01-01,1359,6802.41,4134.83,0.12,2901.81,recession,657.0,0.38,468.66,189.62,7,1145.32,79,0,606.92,2246.1,Salary,1281.81,Dining Out,Positive,11.5,Low,3920.92,1,2667.58,60.78478068802087,6.889617062188254
2019-01-31,1802,5017.84,3811.84,0.13,3292.51,normal,682.0,0.43,662.23,615.56,7,1248.41,51,0,482.81,2076.11,Freelance,1252.92,Investments,Positive,16.0,Low,3321.04,1,1206.0,75.96575418905346,13.197511279753837
2019-03-02,1643,3117.18,4416.29,0.15,3422.66,normal,674.0,0.48,316.54,275.23,6,576.59,81,0,624.03,2316.03,Freelance,1476.23,Healthcare,Positive,26.5,Low,0.0,0,-1299.1100000000001,141.67580954580743,10.154691099006154
2019-04-01,1852,3232.93,3272.33,0.24,2978.26,normal,663.0,0.14,476.43,0.62,6,1340.01,98,0,313.98,2076.37,Freelance,881.98,Investments,Positive,90.4,Low,505.58,0,-39.40000000000009,101.21870872552144,14.73678675381156
2019-05-01,1193,4316.14,4618.47,0.17,2822.4,normal,639.0,0.55,407.55,313.41,8,449.99,91,0,495.1,2791.19,Salary,1332.18,Healthcare,Positive,97.2,Low,1437.58,0,-302.3299999999999,107.00463840375892,9.442464794932508
2019-05-31,1009,3198.29,3621.4900000000002,0.38,2749.89,normal,734.0,0.25,577.04,786.77,8,659.27,38,0,648.9,2602.84,Salary,369.75,Rent,Negative,27.2,High,121.65,0,-423.2000000000003,113.23207088788072,18.042141269240748
2019-06-30,1112,4830.77,3975.38,0.36,3016.71,normal,675.0,0.37,509.29,634.93,2,1463.39,82,0,282.24,2194.55,Freelance,1498.59,Rent,Negative,76.7,Medium,2301.18,0,855.3900000000003,82.2928849852094,10.542625709772976
2019-07-30,1997,4387.06,4562.3099999999995,0.07,2331.12,normal,742.0,0.58,731.5,302.76,2,1293.74,64,0,267.76,2642.72,Salary,1651.83,Investments,Positive,69.3,Low,346.03,0,-175.2499999999991,103.99470260265416,16.67403682648516
2019-08-29,1361,2299.83,3864.05,0.17,2504.76,normal,740.0,0.47,508.06,742.51,7,729.88,66,0,699.82,1815.15,Salary,1349.08,Healthcare,Negative,83.4,Low,0.0,0,-1564.2200000000003,168.01459238291528,22.091198045072897
2019-09-28,1946,4335.41,5177.48,0.05,2914.92,inflation,671.0,0.49,292.96,258.66,1,943.66,97,0,592.32,2888.68,Mixed,1696.48,Utilities,Negative,31.1,Low,713.17,0,-842.0699999999997,119.4230764795025,6.757377041617747
2019-10-28,1362,4116.08,3913.61,0.08,2847.94,recession,657.0,0.14,325.4,612.46,3,1063.38,71,0,822.21,2047.76,Freelance,1043.64,Education,Positive,53.4,High,835.84,0,202.4699999999998,95.08099939748499,7.9055800664710105
2019-11-27,1719,3380.05,4162.63,0.21,2381.25,normal,655.0,0.39,474.04,225.3,9,899.27,39,0,396.28,2706.53,Salary,1059.82,Rent,Neutral,11.2,Medium,1336.85,0,-782.5799999999999,123.1529119391725,14.024644605849026
2019-12-27,1242,3475.1,2159.55,0.27,2600.36,inflation,704.0,0.51,618.3,665.62,5,702.17,97,0,144.86,1000.0,Salary,1014.69,Entertainment,Positive,56.7,Low,167.53,0,1315.5499999999997,62.14353543782914,17.792293746942534
2020-01-26,1958,3874.11,3897.37,0.36,2786.25,inflation,576.0,0.57,542.03,593.88,4,392.49,37,0,779.48,2333.41,Salary,784.48,Healthcare,Negative,84.1,High,1236.01,0,-23.259999999999764,100.60039596191123,13.991084403901798
2020-02-25,1479,4511.12,3966.2000000000003,0.39,2661.05,normal,684.0,0.14,581.61,321.99,7,789.42,53,0,586.1,2044.63,Salary,1335.47,Education,Positive,95.4,High,361.93,0,544.9199999999996,87.92051641277556,12.892807107769247
2020-03-26,1226,4760.28,5067.85,0.07,2947.74,normal,632.0,0.22,111.38,686.84,2,949.81,69,0,682.25,2850.31,Salary,1535.29,Rent,Positive,69.8,Low,1216.93,0,-307.5700000000006,106.46117455275741,2.3397783323670036
2020-04-25,1570,6003.35,4437.69,0.36,4262.52,inflation,712.0,0.19,397.27,107.59,4,1168.22,91,0,342.13,2276.75,Freelance,1818.81,Transportation,Positive,31.1,Low,2447.98,0,1565.6600000000008,73.92022787277102,6.617471911516069
2020-05-25,1240,6748.16,4048.87,0.13,2867.57,normal,622.0,0.31,599.46,349.02,2,826.83,78,0,416.16,2437.41,Salary,1195.3,Education,Neutral,49.1,Low,4484.06,1,2699.29,59.99961470978755,8.883310413505312
2020-06-24,1709,3590.36,3468.1000000000004,0.27,3234.53,recession,785.0,0.3,496.52,218.33,7,1331.47,97,0,0.0,2192.51,Salary,1275.59,Education,Positive,1.9,Low,480.84,0,122.25999999999976,96.59477044084717,13.829253890974721
2020-07-24,1685,4044.55,4638.75,0.3,3915.19,normal,733.0,0.28,635.06,887.61,5,1001.45,80,0,851.84,2380.43,Freelance,1406.48,Healthcare,Positive,48.3,Low,1952.41,0,-594.1999999999998,114.69137481301999,15.70162317192271
2020-08-23,1399,3317.78,4386.97,0.2,3113.63,normal,664.0,0.22,771.67,0.0,9,1376.96,59,1,397.4,2164.82,Salary,1824.75,Utilities,Positive,66.1,Low,715.18,0,-1069.19,132.2260668278186,23.258624743051072
2020-09-22,1655,3829.03,2787.83,0.21,3042.72,inflation,747.0,0.53,258.94,335.92,5,128.65,51,0,83.77,1744.86,Mixed,959.2,Investments,Positive,55.9,Low,340.08,0,1041.2000000000003,72.80773459596817,6.762548217172496
2020-10-22,1503,4266.37,3970.5700000000006,0.17,2807.27,normal,656.0,0.36,550.61,514.27,6,818.65,80,0,485.97,2290.01,Salary,1194.59,Groceries,Positive,77.0,Low,1607.65,0,295.7999999999993,93.06670541936121,12.905819232743527
2020-11-21,1111,5725.3,3029.8,0.32,1808.28,normal,702.0,0.2,466.54,225.96,7,737.75,93,0,0.0,2267.57,Salary,762.23,Education,Negative,81.1,Low,2094.45,1,2695.5,52.91949766824446,8.148743297294466
2020-12-21,1556,4065.92,3478.1499999999996,0.35,3100.27,normal,683.0,0.44,338.35,372.94,5,256.55,59,0,512.45,2665.7,Salary,300.0,Insurance,Positive,80.0,High,1062.74,0,587.7700000000004,85.54398512513772,8.321609869353063
2021-01-20,1280,4168.25,4134.63,0.2,2758.64,recession,654.0,0.54,396.52,606.66,9,353.3,74,0,416.75,2300.51,Salary,1417.37,Education,Positive,99.7,Low,1992.84,0,33.61999999999989,99.19342649793079,9.512865111257723
2021-02-19,1171,3353.2,3535.3900000000003,0.33,2418.31,normal,730.0,0.43,900.04,518.33,5,105.41,81,0,305.76,1759.46,Salary,1470.17,Utilities,Positive,16.6,Low,460.94,0,-182.1900000000005,105.43331742812838,26.841226291303826
2021-03-21,1400,4950.54,4367.09,0.29,3313.1,inflation,767.0,0.59,196.78,366.2,9,1376.91,91,0,558.82,2649.05,Salary,1159.22,Entertainment,Positive,45.1,Low,2174.19,0,583.4499999999998,88.21441701309352,3.974919907727238
2021-04-20,1725,4947.25,4762.539999999999,0.09,2457.66,inflation,771.0,0.45,491.53,172.2,2,1527.53,41,0,569.48,3025.66,Mixed,1167.4,Transportation,Positive,78.9,High,1539.71,0,184.71000000000095,96.26641063216937,9.935418666936176
2021-05-20,1480,4827.87,3698.1499999999996,0.16,1983.43,normal,636.0,0.6,771.44,435.15,8,278.03,55,0,317.74,1803.97,Salary,1576.44,Entertainment,Positive,87.6,Low,1374.63,0,1129.7200000000003,76.60003272664756,15.978889241011048
2021-06-19,1809,3486.31,3442.8,0.35,2722.77,normal,694.0,0.52,410.72,631.06,5,1079.41,55,0,777.42,1644.0,Salary,1021.38,Entertainment,Neutral,26.2,Low,2019.41,0,43.50999999999976,98.75197558450053,11.78093743815094
2021-07-19,1247,4364.97,3021.79,0.18,2965.72,normal,705.0,0.26,360.61,214.93,7,981.77,49,0,0.0,1688.98,Salary,1332.81,Transportation,Positive,77.0,Low,477.39,0,1343.1800000000003,69.22819629917272,8.261454259708543
2021-08-18,1163,4006.41,4674.37,0.09,3331.33,normal,617.0,0.27,565.96,554.22,2,939.87,62,0,373.62,3211.01,Freelance,1089.74,Rent,Positive,38.3,Low,1463.7,0,-667.96,116.6722826670261,14.1263625040872
2021-09-17,1821,3180.89,3621.57,0.15,3242.5,normal,645.0,0.47,585.24,340.72,4,1422.93,22,0,692.93,1550.71,Salary,1377.93,Transportation,Neutral,4.6,Low,7.95,0,-440.6800000000003,113.85398426226622,18.398624284398394
2021-10-17,1302,4171.22,2875.0,0.38,2874.13,inflation,599.0,0.21,0.0,869.82,5,226.45,24,0,595.74,1633.11,Salary,646.15,Investments,Negative,9.4,Medium,1622.72,0,1296.2200000000003,68.92467911066785,0.0
2021-11-16,1791,5134.13,4414.47,0.2,3252.83,normal,680.0,0.48,1105.97,505.76,6,1068.61,45,0,607.18,2860.96,Mixed,946.33,Investments,Positive,68.3,Low,2840.1,0,719.6599999999999,85.98282474343267,21.541526996784267
2021-12-16,1670,4570.17,3081.4,0.39,2395.65,normal,620.0,0.47,107.82,242.79,4,43.48,50,0,532.75,1037.99,Salary,1510.66,Utilities,Positive,65.1,Low,1406.95,0,1488.77,67.42418772168213,2.35921202055941
2022-01-15,1415,3898.71,4511.87,0.05,3391.25,inflation,624.0,0.2,226.0,184.07,8,1573.83,22,0,492.68,2012.61,Salary,2006.58,Healthcare,Positive,11.4,Low,37.67,0,-613.1599999999999,115.72725337355176,5.796789194374549
2022-02-14,1924,3878.41,2846.27,0.38,2301.7,recession,768.0,0.46,465.39,737.6,7,465.75,98,0,400.4,1603.36,Salary,842.51,Rent,Neutral,84.3,Low,1830.46,0,1032.1399999999999,73.38754799002685,11.999504951771474
2022-03-16,1353,4224.28,3918.57,0.33,2943.29,normal,666.0,0.33,383.94,435.17,2,1702.58,72,0,408.52,2123.31,Freelance,1386.74,Dining Out,Positive,47.0,Low,521.87,0,305.7099999999996,92.7630270720691,9.088886153379985
2022-04-15,1117,4464.05,3229.8,0.29,2588.56,inflation,602.0,0.6,628.37,221.61,5,187.97,93,0,313.98,2489.17,Salary,426.65,Groceries,Positive,40.6,Medium,2339.99,0,1234.25,72.35134015075995,14.076231225008682
2022-05-15,1502,4499.07,4306.14,0.07,2230.56,recession,691.0,0.23,179.29,188.26,9,123.89,56,0,392.34,2332.14,Salary,1581.66,Rent,Positive,22.7,Low,1664.39,0,192.92999999999938,95.71178043462318,3.985045798353882
2022-06-14,1251,4082.03,3076.1400000000003,0.36,2462.47,normal,665.0,0.42,458.68,0.0,5,1273.22,41,0,508.05,1432.87,Salary,1135.22,Entertainment,Negative,95.8,Low,1239.91,0,1005.8899999999999,75.35809388955985,11.23656612028819
2022-07-14,1975,3506.1,5348.999999999999,0.31,3100.33,inflation,643.0,0.34,481.0,292.54,8,1186.76,28,0,876.53,3021.2,Salary,1451.27,Dining Out,Positive,73.5,Low,1720.54,0,-1842.8999999999992,152.5626764781381,13.718946978123842
2022-08-13,1602,5791.8,3418.67,0.1,2531.15,inflation,634.0,0.53,578.9,400.11,2,1295.62,46,0,500.96,1446.29,Salary,1471.42,Insurance,Neutral,0.1,Low,3696.26,1,2373.13,59.02603681066335,9.995165578921924
2022-09-12,1336,4594.62,4401.179999999999,0.34,2378.05,recession,689.0,0.1,357.54,218.58,2,2152.83,29,0,689.36,2960.52,Salary,751.3,Education,Positive,83.2,Low,823.61,0,193.4400000000005,95.78985857372318,7.78170991289813
2022-10-12,1641,4460.61,2835.0299999999997,0.24,2424.43,recession,678.0,0.53,637.2,978.79,2,21.26,34,0,640.12,1509.18,Salary,685.73,Utilities,Positive,90.0,Low,1667.42,0,1625.58,63.5570022934083,14.28504173196043
2022-11-11,1550,2687.96,2697.5299999999997,0.2,3631.85,normal,625.0,0.36,476.73,554.51,2,1289.46,92,0,559.46,1003.98,Salary,1134.09,Investments,Neutral,37.6,High,0.0,0,-9.569999999999709,100.35603208381076,17.735754996354114
2022-12-11,1467,3904.36,4579.79,0.14,2056.6,normal,719.0,0.39,624.27,84.94,9,1070.12,86,0,330.17,3057.79,Salary,1191.83,Insurance,Positive,14.5,Medium,567.18,0,-675.4299999999998,117.29937813111495,15.989048141052567
2023-01-10,1834,4357.92,3843.37,0.32,2326.49,inflation,692.0,0.22,772.48,88.59,3,1359.23,23,0,518.99,1840.62,Salary,1483.76,Investments,Negative,26.0,Medium,1033.78,0,514.5500000000002,88.19276168447333,17.725887579395675
2023-02-09,1296,3498.12,4473.86,0.16,3446.86,recession,745.0,0.44,793.11,424.08,5,975.63,86,0,641.96,2528.08,Salary,1303.82,Dining Out,Positive,63.1,Low,776.76,0,-975.7399999999998,127.89326838416062,22.672464066412818
2023-03-11,1677,4557.22,3289.62,0.26,2136.21,normal,670.0,0.4,505.12,594.26,2,241.06,45,0,734.9,2254.72,Freelance,300.0,Groceries,Neutral,74.2,Medium,963.9,0,1267.6000000000004,72.1847968717771,11.083950303035623
2023-04-10,1496,5531.43,5290.52,0.11,3592.07,normal,687.0,0.3,662.43,437.28,4,1162.21,84,0,387.42,3190.88,Salary,1712.22,Rent,Positive,89.6,Medium,2828.95,0,240.90999999999985,95.64470670332989,11.975745874032572
2023-05-10,1058,4337.74,4299.3,0.12,2480.08,normal,629.0,0.13,455.88,558.82,5,1419.74,96,0,662.51,1886.22,Freelance,1750.57,Healthcare,Negative,98.1,Low,758.35,0,38.4399999999996,99.11382424949399,10.509620216979348
2023-06-09,1140,5821.89,4452.639999999999,0.4,2351.54,inflation,667.0,0.55,283.45,368.32,3,640.04,96,0,486.38,2117.72,Salary,1848.54,Investments,Positive,56.1,High,4504.11,1,1369.250000000001,76.4810053092724,4.8686938434082405
2023-07-09,1353,4405.97,3885.06,0.15,2937.88,normal,677.0,0.55,608.56,277.5,5,512.58,33,0,682.62,2173.57,Mixed,1028.87,Rent,Positive,47.0,Medium,1013.35,0,520.9100000000003,88.17717778377973,13.812168489572102
2023-08-08,1798,3650.9,5045.42,0.07,2036.34,normal,727.0,0.59,691.54,809.59,2,548.06,87,0,635.1,2353.47,Mixed,2056.85,Insurance,Neutral,54.7,Low,338.99,0,-1394.52,138.19660905530142,18.941630830754058
2023-09-07,1224,3373.4,3812.5,0.37,2677.72,normal,756.0,0.38,475.08,230.82,3,2019.37,94,0,1030.86,1905.18,Salary,876.46,Groceries,Neutral,90.2,High,0.0,0,-439.0999999999999,113.01654117507557,14.083120886938993
2023-10-07,1583,3661.73,3388.7400000000002,0.31,3060.18,normal,664.0,0.54,635.0,294.96,1,1219.51,86,0,278.5,2474.15,Salary,636.09,Healthcare,Neutral,19.9,Low,1189.38,0,272.9899999999998,92.5447807457131,17.341529823334874
2023-11-06,1834,3284.41,3869.2799999999997,0.17,2479.68,normal,609.0,0.27,347.2,207.8,2,1442.11,89,0,606.5,1970.58,Salary,1292.2,Groceries,Neutral,12.0,Low,472.46,0,-584.8699999999999,117.80746009176686,10.571152809789277
2019-01-01,1235,2400.4,3109.36,0.27,3172.36,normal,599.0,0.42,479.42,248.1,4,309.59,48,0,76.45,2245.34,Salary,787.57,Utilities,Neutral,2.6,Medium,699.83,0,-708.96,129.5350774870855,19.972504582569574
2019-01-31,1923,5153.27,2281.97,0.38,2391.14,normal,663.0,0.36,689.43,791.17,6,1456.19,39,0,298.44,1342.62,Salary,640.91,Education,Positive,82.7,Low,1921.98,0,2871.3000000000006,44.28198017957529,13.378495596000207
2019-03-02,1371,3598.81,4166.96,0.32,3540.89,normal,634.0,0.17,193.44,243.45,3,1459.11,45,0,661.59,2832.13,Salary,673.24,Transportation,Positive,36.7,Low,1428.1,0,-568.1500000000001,115.78716297887357,5.375110105840541
2019-04-01,1733,6108.45,4937.43,0.16,2579.08,recession,707.0,0.11,475.88,325.84,8,521.19,58,0,662.9,2904.61,Salary,1369.92,Entertainment,Neutral,79.0,Medium,3742.24,1,1171.0199999999995,80.82950666699409,7.790519689937709
2019-05-01,1220,5941.69,4724.3099999999995,0.13,3184.69,normal,736.0,0.43,339.69,124.97,4,915.45,32,0,765.73,2208.88,Salary,1749.7,Dining Out,Neutral,81.8,Low,3584.67,1,1217.38,79.51121650574163,5.71706029765942
2019-05-31,1512,6568.53,4979.24,0.22,2822.82,normal,724.0,0.45,634.16,439.86,1,1098.11,38,0,727.24,3002.07,Salary,1249.93,Dining Out,Positive,48.7,Medium,2938.32,1,1589.29,75.80447984556666,9.654519352122925
2019-06-30,1070,5075.63,3694.9400000000005,0.31,3846.76,normal,700.0,0.41,382.81,194.9,2,723.72,25,0,744.47,1694.69,Salary,1255.78,Utilities,Positive,41.8,Medium,3391.61,0,1380.6899999999996,72.7976625561753,7.542117924277381
2019-07-30,1627,3542.86,4063.95,0.08,1539.01,normal,689.0,0.49,206.75,355.32,2,686.12,35,0,321.89,3259.13,Salary,482.93,Education,Negative,64.3,Medium,670.43,0,-521.0899999999997,114.70817362244061,5.835680777676791
2019-08-29,1856,3839.81,2849.6000000000004,0.39,3066.87,recession,738.0,0.37,36.38,269.63,2,1677.24,89,0,434.05,1000.0,Salary,1415.55,Dining Out,Neutral,24.5,High,0.0,0,990.2099999999996,74.21200528151134,0.947442712009188
2019-09-28,1048,3642.81,4312.63,0.2,2936.39,normal,650.0,0.55,527.31,376.91,1,498.42,38,0,843.03,2424.02,Salary,1045.58,Groceries,Neutral,47.5,Low,1541.93,0,-669.8200000000002,118.38745364155695,14.47536379882563
2019-10-28,1939,3051.32,4010.7499999999995,0.16,3323.75,normal,652.0,0.21,844.54,674.72,3,1551.25,38,0,601.41,2366.74,Salary,1042.6,Rent,Positive,89.9,High,1621.42,0,-959.4299999999994,131.44311314447518,27.677857451856898
2019-11-27,1349,4959.68,3834.39,0.07,2342.41,normal,696.0,0.33,1020.47,492.43,1,1189.52,65,0,449.1,1872.0,Freelance,1513.29,Groceries,Positive,96.1,Medium,1157.13,0,1125.2900000000004,77.31123782179495,20.575319375443577
2019-12-27,1144,5209.06,4089.8999999999996,0.16,3119.57,recession,672.0,0.57,757.5,403.08,1,0.0,48,0,459.2,2119.27,Salary,1511.43,Education,Positive,63.0,Low,2841.41,0,1119.1600000000008,78.5151255696805,14.541971104191543
2020-01-26,1182,3503.81,4183.3099999999995,0.24,2741.25,normal,782.0,0.5,508.9,78.58,4,590.89,87,0,386.19,2282.18,Salary,1514.94,Healthcare,Positive,74.9,Low,795.56,0,-679.4999999999995,119.39317485822573,14.524189382415143
2020-02-25,1790,3236.55,3989.68,0.06,2890.69,normal,738.0,0.51,408.68,269.96,3,709.63,48,0,906.36,1825.72,Freelance,1257.6,Education,Positive,90.0,Low,1237.29,0,-753.1299999999997,123.26953082757875,12.627025690936335
2020-03-26,1714,4685.03,4190.99,0.09,1814.53,inflation,729.0,0.6,582.24,541.42,6,690.53,41,0,743.8,2361.16,Salary,1086.03,Utilities,Positive,83.3,Medium,1733.05,0,494.03999999999996,89.45492344766203,12.4276685528161
2020-04-25,1176,5323.58,4306.21,0.31,2673.2,normal,679.0,0.5,678.56,524.21,8,80.93,99,1,639.84,2987.39,Salary,678.98,Education,Positive,98.2,Low,998.43,0,1017.3699999999999,80.88936392427652,12.746309814072484
2020-05-25,1858,3967.93,4912.1,0.33,3717.77,normal,703.0,0.22,433.48,533.5,8,1197.12,38,0,933.12,2354.67,Freelance,1624.31,Utilities,Negative,19.8,Medium,36.98,0,-944.1700000000005,123.79502662597378,10.924587883354798
2020-06-24,1154,4587.59,3111.5200000000004,0.27,2841.99,normal,615.0,0.19,786.35,703.23,1,630.76,70,0,11.55,2305.5,Mixed,794.47,Dining Out,Neutral,79.7,Medium,1271.77,0,1476.0699999999997,67.82471842514262,17.1408081367341
2020-07-24,1977,3416.77,2988.5699999999997,0.39,2732.74,recession,646.0,0.44,683.93,355.08,2,981.95,59,0,514.99,1696.89,Salary,776.69,Investments,Positive,55.2,Medium,1759.06,0,428.2000000000003,87.46769609894724,20.016858026732848
2020-08-23,1334,1244.83,3783.95,0.35,2508.27,inflation,682.0,0.36,426.04,399.7,5,876.12,61,0,648.84,2020.35,Salary,1114.76,Education,Negative,69.9,High,0.0,0,-2539.12,303.97323329289947,34.22475358081024
2020-09-22,1115,4251.65,4107.9800000000005,0.34,2934.39,inflation,652.0,0.41,225.67,159.53,2,999.14,69,0,300.99,2528.86,Salary,1278.13,Utilities,Positive,89.6,Low,1973.5,0,143.66999999999916,96.62084132042857,5.307821669234297
2020-10-22,1045,3951.81,3928.7699999999995,0.36,1788.06,normal,708.0,0.41,393.0,67.54,7,1100.02,71,0,293.5,2767.74,Salary,867.53,Transportation,Positive,13.0,High,694.52,0,23.04000000000042,99.41697601858388,9.944810099675845
2020-11-21,1085,2735.13,2841.92,0.13,3899.79,recession,740.0,0.15,364.5,407.41,5,621.56,54,0,528.33,1035.48,Salary,1278.11,Insurance,Positive,88.0,Medium,0.0,0,-106.78999999999996,103.90438480072245,13.326606047975782
2020-12-21,1802,5106.27,3321.79,0.17,3833.62,normal,679.0,0.14,831.4,726.62,7,1277.37,88,0,284.45,2085.65,Salary,951.69,Rent,Negative,90.7,High,3299.01,0,1784.4800000000005,65.0531601345013,16.281943571334846
2021-01-20,1215,2131.01,4716.18,0.38,2514.53,normal,647.0,0.53,256.46,41.67,2,1685.92,39,0,718.85,2449.94,Salary,1547.39,Dining Out,Positive,90.4,Medium,110.75,0,-2585.17,221.311960056499,12.034669006715124
2021-02-19,1173,4643.6,3570.0,0.34,3965.35,recession,649.0,0.29,549.16,44.41,8,1070.01,22,0,505.47,1705.18,Salary,1359.35,Entertainment,Positive,9.5,High,2128.37,0,1073.6000000000004,76.88000689120508,11.82616935136532
2021-03-21,1334,1967.29,3693.37,0.3,2976.92,inflation,614.0,0.52,213.07,540.19,5,1104.52,36,0,376.7,2463.5,Salary,853.17,Utilities,Positive,21.1,Low,0.0,0,-1726.08,187.7389708685552,10.830635036014009
2021-04-20,1198,3363.76,4578.5199999999995,0.26,2592.7,normal,649.0,0.49,543.25,220.61,2,1741.18,89,0,414.45,3281.33,Salary,882.74,Dining Out,Negative,85.2,Low,149.92,0,-1214.7599999999993,136.1131590838823,16.150082051038122
2021-05-20,1914,5544.6,2398.5799999999995,0.28,2594.4,normal,694.0,0.22,177.33,246.07,8,1259.34,40,0,170.47,1000.0,Freelance,1228.11,Transportation,Negative,7.7,High,2309.65,0,3146.020000000001,43.25974822349672,3.19824694297154
2021-06-19,1158,3367.43,3841.21,0.2,3056.91,normal,684.0,0.23,271.27,303.36,5,1314.25,35,0,574.79,2215.08,Mixed,1051.34,Insurance,Negative,42.8,High,636.63,0,-473.7800000000002,114.06948325577666,8.055698262473161
2021-07-19,1743,4724.07,4402.450000000001,0.36,2871.98,normal,707.0,0.43,338.6,295.61,8,1255.05,99,0,479.04,2639.03,Salary,1284.38,Rent,Positive,62.8,Medium,1907.75,0,321.619999999999,93.19188750378383,7.167548321680246
2021-08-18,1205,1748.43,4530.679999999999,0.27,2301.86,normal,607.0,0.26,483.25,872.87,6,712.72,21,0,609.9,2562.16,Salary,1358.62,Utilities,Negative,22.6,High,0.0,0,-2782.249999999999,259.12847526066236,27.639081919207513
2021-09-17,1970,4403.25,3576.5999999999995,0.07,3384.63,normal,571.0,0.31,371.07,761.04,4,1357.22,78,0,97.24,2064.08,Salary,1415.28,Healthcare,Positive,45.6,Low,774.61,0,826.6500000000005,81.226366888094,8.427184466019417
2021-10-17,1353,2997.58,4067.4300000000003,0.2,2829.67,inflation,700.0,0.33,555.05,681.13,6,1042.85,35,0,591.4,2536.34,Salary,939.69,Investments,Positive,23.1,Low,0.0,0,-1069.8500000000004,135.69045696862136,18.51660339340401
2021-11-16,1501,3893.02,3166.1,0.1,1665.95,inflation,718.0,0.14,763.87,756.29,7,1362.25,36,0,489.95,2046.04,Salary,630.11,Utilities,Positive,12.2,High,86.29,0,726.9200000000001,81.32760684507143,19.621527759939582
2021-12-16,1701,4641.31,5041.06,0.3,1501.54,inflation,668.0,0.18,959.17,673.59,8,1289.37,43,0,686.51,2691.27,Salary,1663.28,Insurance,Positive,88.9,Low,1026.79,0,-399.75,108.61287007331981,20.665932678489476
2022-01-15,1844,5336.88,4645.23,0.18,2721.06,inflation,616.0,0.18,544.68,55.79,9,1314.49,75,0,604.45,2840.97,Salary,1199.81,Healthcare,Positive,50.6,Low,3134.57,1,691.6500000000005,87.04018077978144,10.205963034582002
2022-02-14,1964,4736.52,4845.62,0.07,2122.13,normal,608.0,0.55,931.82,657.29,7,1704.18,41,0,481.38,2958.11,Salary,1406.13,Education,Neutral,2.3,Medium,2318.99,1,-109.09999999999945,102.30337885198415,19.673093325901718
2022-03-16,1692,5223.8,3365.47,0.26,3225.8,normal,705.0,0.38,550.16,421.83,6,874.04,47,0,533.73,1000.0,Mixed,1831.74,Investments,Positive,42.0,Low,1423.06,0,1858.3300000000004,64.42570542516941,10.531796776293119
2022-04-15,1977,5355.45,3728.0,0.16,1852.48,normal,673.0,0.51,551.56,330.08,6,740.2,87,0,262.87,1913.16,Salary,1551.97,Dining Out,Positive,60.5,Low,2043.73,1,1627.4499999999998,69.6113305137757,10.299041163674387
2022-05-15,1179,3052.14,3951.2699999999995,0.2,2530.32,inflation,709.0,0.36,405.98,85.53,6,837.85,41,0,598.99,2131.42,Freelance,1220.86,Dining Out,Positive,31.9,Low,465.52,0,-899.1299999999997,129.4590025359256,13.301486825637095
2022-06-14,1019,4741.53,3100.3999999999996,0.2,3381.87,recession,702.0,0.4,329.26,593.16,1,839.81,81,0,472.39,1894.11,Salary,733.9,Investments,Negative,53.0,Low,2885.17,0,1641.13,65.38817639032126,6.9441720288598825
2022-07-14,1202,5149.06,3960.0799999999995,0.29,3702.48,normal,642.0,0.22,194.01,572.51,3,1474.59,66,0,599.06,2590.47,Mixed,770.55,Entertainment,Neutral,62.8,Medium,2680.91,0,1188.980000000001,76.90879500335981,3.7678721941480577
2022-08-13,1474,4056.19,4380.86,0.35,2682.86,normal,711.0,0.34,492.86,463.65,4,1560.78,28,0,645.66,2701.24,Freelance,1033.96,Groceries,Positive,36.9,Low,914.67,0,-324.6699999999996,108.004309462821,12.150811475793786
2022-09-12,1965,4811.4,3448.4,0.19,2707.33,normal,605.0,0.39,537.06,337.75,8,1764.95,94,0,253.62,2071.88,Mixed,1122.9,Healthcare,Positive,77.3,Low,828.69,0,1362.9999999999995,71.67144698008896,11.162239680758198
2022-10-12,1314,4734.04,2493.27,0.2,3004.97,normal,582.0,0.47,522.23,156.51,5,673.57,56,0,513.04,1000.0,Salary,980.23,Utilities,Positive,47.7,Medium,1558.94,0,2240.77,52.666855370888285,11.031381230407856
2022-11-11,1723,3402.86,3500.6099999999997,0.11,2831.13,inflation,700.0,0.27,793.68,885.55,3,1054.61,70,0,512.2,1548.21,Salary,1440.2,Groceries,Positive,11.5,Low,0.0,0,-97.74999999999955,102.87258365022363,23.323909887565165
2022-12-11,1919,3638.69,4377.73,0.29,2692.62,inflation,683.0,0.21,537.68,418.74,9,1232.7,28,0,331.36,2878.0,Salary,1168.37,Groceries,Positive,23.2,High,1319.44,0,-739.0399999999995,120.3106062896262,14.77674657637776
2023-01-10,1228,5214.48,3262.8599999999997,0.15,2702.97,normal,689.0,0.24,651.11,173.09,8,1542.01,53,0,361.45,2010.9,Salary,890.51,Utilities,Positive,89.2,Low,2444.59,0,1951.62,62.573065770700055,12.486575842653536
2023-02-09,1488,4522.94,3792.8900000000003,0.34,2109.84,normal,716.0,0.57,726.36,393.16,7,1469.32,33,0,612.7,1953.95,Salary,1226.24,Groceries,Positive,58.6,Low,1321.76,0,730.0499999999993,83.85895015189236,16.05946574573176
2023-03-11,1274,4340.96,5702.5,0.08,2824.47,normal,681.0,0.53,826.33,261.96,3,899.64,27,0,644.42,3165.29,Freelance,1892.79,Dining Out,Negative,66.8,High,2342.83,0,-1361.54,131.36495153145847,19.035651100217464
2023-04-10,1399,5291.55,5249.639999999999,0.33,3047.1,normal,706.0,0.28,629.08,209.67,6,1666.57,30,0,756.81,2911.65,Salary,1581.18,Healthcare,Positive,86.6,Low,2936.03,0,41.910000000000764,99.20798253819768,11.888388090446089
2023-05-10,1448,4736.65,5131.86,0.2,3009.34,normal,712.0,0.18,380.85,454.5,4,1390.19,95,0,529.9,2950.98,Salary,1650.98,Healthcare,Positive,8.5,Medium,2281.19,0,-395.21000000000004,108.3436606040134,8.040492753317219
2023-06-09,1756,6148.28,4163.87,0.26,3289.0,normal,761.0,0.36,695.02,373.6,7,1334.54,53,0,459.14,2733.34,Freelance,971.39,Investments,Neutral,35.5,Low,2202.64,0,1984.4099999999999,67.72414398823736,11.304299739114029
2023-07-09,1659,4462.55,4827.67,0.1,2682.7,normal,680.0,0.22,689.91,0.0,2,913.65,32,0,301.58,3260.77,Salary,1265.32,Insurance,Neutral,15.6,Low,0.0,0,-365.1199999999999,108.18186911071024,15.459994845996123
2023-08-08,1683,2970.75,2925.98,0.33,1940.09,recession,619.0,0.44,577.04,363.51,7,731.09,50,0,338.43,1324.33,Salary,1263.22,Transportation,Positive,84.7,Low,928.81,0,44.76999999999998,98.49297315492721,19.42405116553059
2023-09-07,1025,4736.89,5270.95,0.17,2267.59,normal,732.0,0.57,546.05,487.96,6,438.51,36,0,421.71,3366.02,Salary,1483.22,Dining Out,Positive,31.0,Low,705.51,0,-534.0599999999995,111.2744860024193,11.527605665320493
2023-10-07,1514,4197.9,4343.43,0.19,2995.86,inflation,657.0,0.31,735.43,222.66,1,1026.72,54,0,552.89,2730.31,Mixed,1060.23,Groceries,Positive,92.3,Medium,1818.57,0,-145.53000000000065,103.46673336668334,17.518997594035113
2023-11-06,1259,4053.15,4075.46,0.37,3306.3,normal,686.0,0.32,376.17,50.44,9,1663.81,85,0,612.62,2412.82,Salary,1050.02,Transportation,Negative,47.1,Low,1422.28,0,-22.309999999999945,100.5504360805793,9.28092964731135
2019-01-01,1065,4716.88,4425.389999999999,0.32,2532.38,recession,614.0,0.23,739.9,406.37,6,1147.64,83,0,603.27,2407.03,Freelance,1415.09,Insurance,Positive,73.8,Low,2777.27,1,291.4900000000007,93.82027950679262,15.686216312477738
2019-01-31,1802,1913.61,4966.53,0.31,2154.94,normal,763.0,0.55,538.39,276.41,1,230.62,50,0,409.38,2721.97,Salary,1835.18,Rent,Positive,28.6,Low,0.0,0,-3052.92,259.5372097762867,28.13478190435878
2019-03-02,1098,4662.97,3325.96,0.08,3560.39,normal,732.0,0.25,744.83,576.0,4,438.31,69,0,338.79,2004.38,Mixed,982.79,Transportation,Positive,31.4,Medium,1245.31,0,1337.0100000000002,71.32707265969972,15.97329598946594
2019-04-01,1535,2366.06,4338.48,0.14,2052.41,normal,655.0,0.18,550.22,427.83,7,1673.15,78,0,980.53,2688.2,Salary,669.75,Rent,Positive,76.9,Medium,0.0,0,-1972.4199999999996,183.3630592630787,23.25469345663255
2019-05-01,1714,3493.46,3319.53,0.25,3496.57,recession,673.0,0.57,874.23,822.52,8,824.87,44,0,145.02,2374.61,Salary,799.9,Rent,Negative,71.2,Low,1592.58,0,173.92999999999984,95.02126831279018,25.02476055257538
2019-05-31,1398,3385.86,4344.92,0.19,3148.88,normal,681.0,0.39,365.82,184.79,5,649.75,29,0,383.86,2559.81,Salary,1401.25,Utilities,Positive,25.4,Medium,202.23,0,-959.06,128.3254475967701,10.804345129450125
2019-06-30,1970,3126.67,4214.9400000000005,0.24,2871.7,inflation,696.0,0.46,756.21,284.29,8,1478.9,31,0,627.1,2897.38,Salary,690.46,Healthcare,Positive,56.1,Medium,0.0,0,-1088.2700000000004,134.80603965240977,24.185795111092634
2019-07-30,1198,3713.23,3689.9,0.23,3133.33,recession,699.0,0.56,337.9,113.5,8,1626.79,63,0,460.15,2712.54,Salary,517.21,Entertainment,Positive,14.0,Low,887.73,0,23.329999999999927,99.37170603490762,9.09989416222534
2019-08-29,1529,5363.63,4425.25,0.07,2877.08,normal,689.0,0.37,730.61,48.38,8,604.51,21,0,557.0,2468.79,Freelance,1399.46,Transportation,Positive,43.4,Low,1988.96,0,938.3800000000001,82.50475890395124,13.621558534052497
2019-09-28,1122,5339.91,5683.7699999999995,0.25,2114.91,normal,635.0,0.32,639.38,327.54,7,1435.96,90,0,424.66,3797.5,Freelance,1461.61,Groceries,Positive,90.3,Low,1078.16,0,-343.8599999999997,106.43943437248942,11.973610042116816
2019-10-28,1204,3751.46,3455.21,0.28,3905.73,normal,686.0,0.33,958.87,318.98,7,2199.26,36,0,571.15,2152.58,Salary,731.48,Insurance,Negative,90.0,Low,0.0,0,296.25,92.10307453631387,25.55991533962777
2019-11-27,1991,3777.55,5437.21,0.06,3206.0,inflation,672.0,0.55,417.88,771.31,9,813.97,88,0,375.95,3620.2,Salary,1441.06,Healthcare,Neutral,12.0,Low,913.52,0,-1659.6599999999999,143.93482548212467,11.06219639713571
2019-12-27,1568,3377.81,4746.29,0.39,2407.85,normal,691.0,0.13,290.4,446.36,7,842.38,49,0,164.67,3227.58,Salary,1354.04,Utilities,Positive,35.3,Low,1107.87,0,-1368.48,140.51382404575745,8.597286407465193
2020-01-26,1288,4198.06,4580.02,0.09,2389.09,inflation,662.0,0.16,165.72,722.5,1,585.57,31,0,778.69,2816.41,Salary,984.92,Dining Out,Negative,22.3,Medium,567.04,0,-381.96000000000004,109.09848834938043,3.9475376721628557
2020-02-25,1554,4263.07,3175.9199999999996,0.11,2880.11,normal,699.0,0.34,528.94,463.76,8,530.99,89,0,223.14,1821.92,Mixed,1130.86,Transportation,Positive,74.1,Low,1673.36,0,1087.15,74.49842484406777,12.407490376653445
2020-03-26,1510,4561.17,4591.92,0.38,3389.86,normal,672.0,0.46,286.31,220.48,2,1523.43,62,0,586.84,3344.51,Salary,660.57,Education,Negative,84.7,Medium,1411.92,0,-30.75,100.67416912765803,6.277117493976327
2020-04-25,1966,3475.29,3885.68,0.05,2613.46,inflation,786.0,0.57,734.61,0.0,2,783.53,95,0,821.66,2274.12,Salary,789.9,Groceries,Positive,38.7,Medium,0.0,0,-410.3899999999999,111.80879869018125,21.13809207289176
2020-05-25,1973,5243.49,3553.94,0.39,2875.91,normal,687.0,0.45,682.81,435.91,4,288.9,96,0,483.98,1467.65,Salary,1602.31,Education,Neutral,84.1,Medium,2189.84,0,1689.5499999999997,67.77814013185875,13.022052106516844
2020-06-24,1580,4659.76,3693.4899999999993,0.12,1787.0,normal,614.0,0.51,419.61,249.97,2,2585.36,20,0,350.43,2249.99,Mixed,1093.07,Education,Positive,89.1,High,1497.47,0,966.2700000000009,79.26352430168076,9.004970213058183
2020-07-24,1894,4149.28,3705.76,0.22,2296.33,normal,707.0,0.16,799.45,585.32,9,1436.62,89,0,499.07,1960.73,Salary,1245.96,Healthcare,Neutral,9.9,Low,498.72,0,443.5199999999995,89.31091659275828,19.267198164500833
2020-08-23,1023,4894.23,3241.04,0.19,4137.33,normal,668.0,0.11,772.32,252.11,7,1814.43,60,0,652.42,1384.22,Salary,1204.4,Rent,Positive,47.4,Low,2791.3,0,1653.1899999999996,66.22165284426764,15.780214660937474
2020-09-22,1563,4467.85,3969.44,0.24,2684.26,normal,602.0,0.27,607.77,707.03,1,846.05,99,0,490.12,1907.68,Mixed,1571.64,Entertainment,Positive,7.9,Low,972.07,0,498.4100000000003,88.84452253320949,13.603187215327281
2020-10-22,1649,5628.2,4089.36,0.12,2629.63,normal,652.0,0.37,494.45,104.85,3,961.68,30,0,195.16,2614.26,Mixed,1279.94,Insurance,Neutral,80.5,Low,2489.98,0,1538.8399999999997,72.65839877758431,8.78522440567144
2020-11-21,1827,4809.73,5287.7699999999995,0.2,1845.43,recession,729.0,0.28,80.54,478.65,6,1156.02,56,0,630.28,3421.58,Salary,1235.91,Dining Out,Positive,74.3,Medium,2049.88,1,-478.03999999999996,109.939019445998,1.6745222704808795
2020-12-21,1635,2330.7,4776.26,0.31,2233.94,recession,679.0,0.3,462.89,107.15,8,1328.5,79,0,418.68,3027.58,Freelance,1330.0,Utilities,Positive,26.3,High,0.0,0,-2445.5600000000004,204.9281331788733,19.86055691423178
2021-01-20,1578,3615.39,4192.16,0.09,2324.56,recession,689.0,0.17,522.41,737.38,5,1089.88,54,0,146.75,1704.72,Salary,2340.69,Healthcare,Positive,57.8,Low,1042.74,0,-576.77,115.95318900588872,14.449616777166503
2021-02-19,1216,3270.71,4646.32,0.21,2844.21,recession,636.0,0.29,538.49,445.29,8,793.09,50,0,570.46,2114.13,Salary,1961.73,Utilities,Neutral,54.5,Low,1606.05,0,-1375.6099999999997,142.05845214036094,16.464009343537032
2021-03-21,1505,3194.13,4520.4400000000005,0.36,2661.82,normal,631.0,0.47,711.23,245.59,4,931.34,70,0,445.98,3092.43,Salary,982.03,Healthcare,Positive,1.1,Low,771.74,0,-1326.3100000000004,141.5233569078278,22.266783130304653
2021-04-20,1243,3381.03,3091.33,0.33,3309.37,normal,622.0,0.39,589.76,697.88,5,1150.27,45,0,510.56,1817.64,Salary,763.13,Investments,Positive,95.8,Medium,2302.34,0,289.7000000000003,91.43160516174065,17.44320517712058
2021-05-20,1082,2672.62,2669.45,0.37,2300.87,inflation,649.0,0.28,694.19,0.0,4,59.57,71,0,579.22,1276.35,Salary,813.88,Insurance,Positive,28.0,Low,0.0,0,3.1700000000000728,99.88138979727758,25.974137737501028
2021-06-19,1738,3378.97,3285.7000000000003,0.11,1781.78,inflation,618.0,0.37,74.03,736.44,4,1320.48,77,0,375.98,2196.67,Freelance,713.05,Entertainment,Positive,98.3,Low,1223.85,0,93.26999999999953,97.23969138524463,2.190904328833935
2021-07-19,1458,1824.81,3623.9500000000003,0.19,2481.8,normal,659.0,0.49,575.36,591.95,9,988.74,86,0,93.3,2337.57,Salary,1193.08,Healthcare,Neutral,59.0,Medium,0.0,0,-1799.1400000000003,198.59327820430622,31.529857903014562
2021-08-18,1013,4507.73,3004.09,0.17,2710.3,normal,701.0,0.4,428.49,403.48,3,910.89,37,0,302.85,2078.15,Freelance,623.09,Transportation,Positive,7.3,Medium,2528.77,0,1503.6399999999994,66.64307755788391,9.505671368959543
2021-09-17,1573,4829.08,5236.09,0.2,2578.3,normal,704.0,0.37,516.67,308.19,8,625.5,76,0,500.92,2987.57,Salary,1747.6,Dining Out,Positive,92.0,Low,1294.21,0,-407.0100000000002,108.4283134675756,10.69913938058595
2021-10-17,1417,4034.1,3109.13,0.36,2916.37,recession,774.0,0.14,400.84,231.11,7,1005.34,88,0,396.71,1948.51,Salary,763.91,Rent,Positive,45.9,Low,1650.28,0,924.9699999999998,77.07121786767806,9.936293101311321
2021-11-16,1106,4463.04,2491.81,0.1,3272.08,normal,693.0,0.27,927.7,513.25,3,1409.3,37,0,219.93,1539.67,Salary,732.21,Groceries,Neutral,26.6,High,0.0,0,1971.23,55.832123395712344,20.78628020362802
2021-12-16,1823,3834.31,3652.27,0.39,2859.29,normal,689.0,0.17,528.67,496.63,2,1267.03,24,0,470.94,1928.98,Salary,1252.35,Insurance,Positive,96.0,Medium,1156.44,0,182.03999999999996,95.25234005596836,13.787878392722549
2022-01-15,1780,4351.44,4307.09,0.37,1632.69,normal,627.0,0.46,846.5,0.0,8,640.74,33,0,666.32,3328.91,Salary,311.86,Insurance,Negative,86.4,Medium,1193.94,0,44.349999999999454,98.98079716139947,19.453330391778355
2022-02-14,1047,4356.51,3110.43,0.38,2880.88,inflation,704.0,0.36,668.37,688.19,3,519.78,55,0,593.81,1245.93,Salary,1270.69,Insurance,Negative,12.7,Low,743.1,0,1246.0800000000004,71.39728819628554,15.34186768766742
2022-03-16,1426,2608.4,3415.8599999999997,0.33,1956.45,recession,680.0,0.48,573.49,297.97,3,1138.62,37,0,251.74,2403.73,Salary,760.39,Transportation,Neutral,93.9,Low,0.0,0,-807.4599999999996,130.95614169605886,21.986275111179264
2022-04-15,1959,5249.07,3721.32,0.22,2202.8,normal,718.0,0.23,122.03,260.63,4,1304.61,68,0,515.11,2478.86,Salary,727.35,Groceries,Neutral,91.7,Low,1544.31,0,1527.7499999999995,70.89484422954924,2.324792772814994
2022-05-15,1017,2867.05,3249.2299999999996,0.15,2886.58,normal,746.0,0.36,881.78,249.87,4,1684.49,60,0,411.2,2178.48,Mixed,659.55,Utilities,Positive,27.2,High,1408.9,0,-382.1799999999994,113.33007795469207,30.7556547670951
2022-06-14,1089,3070.6,3720.7700000000004,0.34,2938.17,normal,713.0,0.38,734.5,0.0,4,1193.8,55,0,675.76,1645.61,Salary,1399.4,Utilities,Neutral,42.4,Medium,1143.48,0,-650.1700000000005,121.17403764736537,23.920406435224386
2022-07-14,1566,3684.26,4063.7400000000002,0.2,1949.74,normal,673.0,0.3,146.32,94.38,9,843.4,60,0,498.44,2632.08,Salary,933.22,Investments,Positive,56.5,Low,0.0,0,-379.48,110.30003311384104,3.9714895257120832
2022-08-13,1655,4411.69,4014.9400000000005,0.39,2702.22,inflation,629.0,0.42,800.1,391.09,3,1538.68,24,0,346.55,2361.76,Salary,1306.63,Groceries,Positive,98.9,High,1490.61,0,396.7499999999991,91.00684771595468,18.135907101360253
2022-09-12,1472,4295.61,3622.9,0.16,3986.5,recession,716.0,0.39,773.56,0.0,7,1332.02,59,0,358.32,2212.73,Salary,1051.85,Education,Negative,71.1,Medium,922.59,0,672.7099999999996,84.33959321260544,18.008152509189614
2022-10-12,1312,4059.88,3057.18,0.06,2692.4,normal,638.0,0.35,656.68,297.14,1,613.68,81,0,606.31,1428.63,Salary,1022.24,Entertainment,Neutral,71.0,High,0.0,0,1002.7000000000003,75.30222568154723,16.174862311201316
2022-11-11,1034,3911.2,4418.71,0.36,3648.78,inflation,624.0,0.16,347.2,275.6,6,1160.4,29,0,562.36,1748.16,Salary,2108.19,Healthcare,Neutral,6.0,Low,774.33,0,-507.5100000000002,112.97581304970343,8.877070975659644
2022-12-11,1437,4735.2,4967.740000000001,0.2,2734.84,recession,746.0,0.35,675.37,846.17,4,796.87,74,0,302.43,3122.57,Salary,1542.74,Entertainment,Positive,8.9,Low,224.43,0,-232.54000000000087,104.91088021625276,14.262755533029228
2023-01-10,1127,5027.58,3654.1000000000004,0.33,3211.06,normal,680.0,0.45,332.74,438.56,4,959.24,84,0,647.67,1632.29,Freelance,1374.14,Investments,Negative,27.5,Low,1275.51,0,1373.4799999999996,72.68109110148421,6.6182934930921045
2023-02-09,1465,4164.6,3957.56,0.27,1969.59,normal,771.0,0.56,407.26,578.75,2,349.99,68,0,377.36,3212.89,Salary,367.31,Utilities,Negative,50.6,Low,1002.1,0,207.04000000000042,95.02857417278969,9.77909042885271
2023-03-11,1665,5103.05,4776.8,0.29,2987.13,normal,718.0,0.19,384.96,117.39,2,1936.57,75,0,683.37,2902.72,Freelance,1190.71,Entertainment,Neutral,80.2,Medium,2513.11,0,326.25,93.60676458196568,7.543723851422188
2023-04-10,1009,4699.14,3754.72,0.28,3340.53,inflation,652.0,0.18,593.01,390.47,3,1200.31,77,0,6.65,2402.66,Mixed,1345.41,Groceries,Positive,89.3,Low,1501.33,0,944.4200000000005,79.90227999165805,12.619543150448804
2023-05-10,1507,4737.21,4303.64,0.06,3069.22,inflation,758.0,0.59,39.08,837.0,5,530.18,71,1,587.47,2665.13,Mixed,1051.04,Dining Out,Positive,81.6,Low,594.21,0,433.5699999999997,90.84756639456558,0.8249581504725354
2023-06-09,1639,2916.65,4192.13,0.09,3034.0,normal,633.0,0.56,292.5,479.27,2,1296.35,23,0,242.31,2895.38,Salary,1054.44,Rent,Neutral,92.2,Low,133.66,0,-1275.48,143.73099274852999,10.028628735021343
2023-07-09,1793,6342.43,4676.0,0.37,3950.61,normal,610.0,0.48,1.42,112.71,4,1107.9,53,0,616.54,2704.38,Salary,1355.08,Dining Out,Positive,99.5,High,5119.35,1,1666.4300000000003,73.72568558107854,0.022388895108026417
2023-08-08,1819,4214.54,3772.97,0.08,2808.24,inflation,747.0,0.45,491.23,293.27,7,394.34,61,0,586.9,1809.31,Salary,1376.76,Entertainment,Positive,67.8,Low,0.0,0,441.57000000000016,89.52269998623812,11.655601797586451
2023-09-07,1639,5908.32,3536.53,0.32,3037.53,recession,645.0,0.12,492.64,357.58,2,976.7,30,0,259.21,1954.44,Salary,1322.88,Rent,Neutral,96.5,Low,3219.77,1,2371.7899999999995,59.85677823814554,8.338072413139438
2023-10-07,1728,3257.15,2216.3900000000003,0.31,3867.5,normal,727.0,0.4,0.0,83.95,4,1661.76,70,0,246.4,1222.91,Freelance,747.08,Utilities,Positive,96.3,Low,0.0,0,1040.7599999999998,68.04691217782418,0.0
2023-11-06,1777,2370.23,3395.16,0.09,3943.01,normal,668.0,0.3,0.0,594.87,2,1146.28,56,0,683.55,1742.87,Mixed,968.74,Dining Out,Neutral,2.7,Low,206.32,0,-1024.9299999999998,143.24179510005357,0.0
2019-01-01,1997,4077.03,4367.78,0.32,3866.26,normal,598.0,0.52,851.89,34.88,1,1514.95,28,0,610.22,2537.79,Freelance,1219.77,Healthcare,Neutral,46.6,Medium,1984.74,0,-290.74999999999955,107.13141674208921,20.894867096881796
2019-01-31,1689,3097.89,3192.83,0.24,2274.36,normal,754.0,0.34,799.66,644.77,4,1540.51,98,0,831.96,1000.0,Mixed,1360.87,Transportation,Negative,16.0,Low,0.0,0,-94.94000000000005,103.06466659565059,25.81305340086317
2019-03-02,1795,3643.19,4494.91,0.36,3156.53,normal,662.0,0.45,355.39,302.54,2,1024.65,31,0,369.29,2810.98,Salary,1314.64,Insurance,Positive,88.1,Low,1022.42,0,-851.7199999999998,123.37841287443148,9.754912590339785
2019-04-01,1696,3795.48,4281.929999999999,0.39,3042.96,normal,698.0,0.18,331.65,592.86,2,0.0,56,0,302.12,2396.24,Salary,1583.57,Transportation,Positive,59.2,High,574.03,0,-486.44999999999936,112.81656075120932,8.738025230010432
2019-05-01,1880,3468.99,4301.34,0.17,2857.45,inflation,695.0,0.23,752.29,241.65,6,1732.52,29,0,590.77,3001.66,Salary,708.91,Healthcare,Positive,34.1,High,0.0,0,-832.3500000000004,123.99401554919444,21.686139193252217
2019-05-31,1906,3215.39,3797.1100000000006,0.2,3782.17,inflation,685.0,0.26,333.57,76.26,8,1070.4,51,0,530.47,2178.84,Salary,1087.8,Entertainment,Positive,97.0,Low,97.62,0,-581.7200000000007,118.09174003775593,10.374169229860142
2019-06-30,1753,2803.73,4208.86,0.21,2237.13,recession,693.0,0.18,471.72,383.84,8,1284.75,40,0,608.8,3164.79,Salary,435.27,Groceries,Negative,74.3,Medium,0.0,0,-1405.1299999999997,150.11645201214097,16.82472991336541
2019-07-30,1571,4782.44,3725.7400000000002,0.18,2990.7,normal,686.0,0.52,469.98,384.66,5,776.04,79,0,770.32,2489.88,Salary,465.54,Entertainment,Neutral,9.9,Medium,3479.67,1,1056.6999999999994,77.90458427079065,9.82720117764154
2019-08-29,1094,4157.98,4032.5799999999995,0.14,3434.96,normal,767.0,0.46,629.48,448.39,7,826.59,28,0,562.43,2066.85,Salary,1403.3,Education,Neutral,50.8,Low,830.46,0,125.40000000000009,96.9841124776935,15.139081958066178
2019-09-28,1585,2420.64,4916.72,0.35,2484.69,inflation,713.0,0.15,648.54,615.17,6,1191.82,61,0,724.04,3108.26,Salary,1084.42,Insurance,Neutral,12.9,Medium,0.0,0,-2496.0800000000004,203.11653116531167,26.792088042831647
2019-10-28,1948,4490.71,4806.929999999999,0.35,2392.69,recession,723.0,0.53,331.27,86.95,7,846.84,63,0,712.28,2943.2,Mixed,1151.45,Insurance,Negative,39.1,Low,2540.57,1,-316.21999999999935,107.04164820262274,7.376784517370304
2019-11-27,1422,5059.65,4018.8500000000004,0.13,2259.07,normal,572.0,0.39,432.38,148.48,7,1352.42,61,0,514.5,2146.4,Salary,1357.95,Entertainment,Positive,11.8,Medium,698.79,0,1040.7999999999993,79.42940717243289,8.545650390837311
2019-12-27,1211,2921.37,4606.530000000001,0.18,3422.24,recession,760.0,0.56,1054.19,316.36,5,1348.9,38,0,488.34,2750.29,Freelance,1367.9,Utilities,Positive,1.5,Low,0.0,0,-1685.1600000000008,157.68389488493415,36.08546675018913
2020-01-26,1378,3484.28,3686.76,0.37,2420.75,normal,650.0,0.44,285.67,0.0,6,1335.17,85,0,377.32,2106.27,Salary,1203.17,Healthcare,Positive,53.4,High,0.0,0,-202.48000000000002,105.811243642876,8.198824434316416
2020-02-25,1896,6002.52,3333.27,0.13,3742.75,normal,736.0,0.4,486.01,741.82,2,700.45,34,0,411.36,1860.28,Salary,1061.63,Dining Out,Positive,39.6,Low,5017.51,1,2669.2500000000005,55.531176905699596,8.096766024936192
2020-03-26,1620,3718.28,4395.87,0.36,2898.54,inflation,632.0,0.11,463.01,158.28,2,986.41,85,0,673.05,2778.06,Salary,944.76,Entertainment,Positive,25.0,Low,1287.89,0,-677.5899999999997,118.22321073184374,12.452262874232172
2020-04-25,1280,4932.71,3991.2599999999998,0.38,2468.31,normal,652.0,0.21,568.75,519.62,1,779.76,63,0,384.75,2779.89,Salary,826.62,Transportation,Positive,94.3,Low,2386.0,0,941.4500000000003,80.91414253017103,11.530173069164821
2020-05-25,1416,4194.8,4651.42,0.08,1981.65,inflation,670.0,0.36,332.28,358.07,4,1586.8,53,0,641.93,2897.79,Salary,1111.7,Education,Positive,4.5,Low,1161.87,0,-456.6199999999999,110.88538190140173,7.921235815771907
2020-06-24,1389,3491.32,2986.12,0.31,2837.67,recession,657.0,0.23,675.53,644.93,9,674.16,91,0,556.85,2129.27,Salary,300.0,Entertainment,Positive,43.2,Medium,0.0,0,505.2000000000003,85.52982825979858,19.348842271690934
2020-07-24,1170,3521.84,4078.97,0.3,2766.43,normal,670.0,0.42,724.14,128.71,9,1660.34,34,0,494.68,2287.14,Salary,1297.15,Investments,Negative,63.3,Medium,0.0,0,-557.1299999999997,115.81928764509459,20.561411080571517
2020-08-23,1075,4761.61,4488.97,0.13,3195.2,normal,708.0,0.16,558.53,216.96,8,1419.61,68,0,298.76,3444.71,Salary,745.5,Groceries,Negative,76.8,Low,1518.35,0,272.6399999999994,94.27420557332499,11.729856078091235
2020-09-22,1021,2953.33,4114.44,0.06,3272.99,inflation,650.0,0.36,209.71,386.85,7,945.26,59,0,206.05,2477.93,Salary,1430.46,Transportation,Positive,37.9,Medium,1007.13,0,-1161.1099999999997,139.31528139422278,7.100798082164879
2020-10-22,1915,4538.15,4468.7699999999995,0.19,3095.08,recession,633.0,0.46,144.17,197.87,1,759.11,61,0,549.9,2476.36,Mixed,1442.51,Entertainment,Positive,87.0,Medium,654.52,0,69.38000000000011,98.47118319138856,3.1768451902206847
2020-11-21,1371,3996.1,4168.05,0.06,2855.71,normal,661.0,0.17,387.51,331.47,5,783.5,28,0,505.84,2576.18,Salary,1086.03,Insurance,Positive,0.8,Low,826.87,0,-171.95000000000027,104.30294537173745,9.69720477465529
2020-12-21,1438,4411.62,3823.27,0.27,2610.46,normal,750.0,0.22,735.89,240.63,6,814.07,64,0,366.84,2363.35,Salary,1093.08,Insurance,Positive,75.5,Low,1020.09,0,588.3499999999999,86.66362923370554,16.680720460964455
2021-01-20,1970,2377.35,4520.71,0.38,3182.65,recession,720.0,0.38,677.47,25.62,7,1614.01,80,0,982.18,2967.04,Freelance,571.49,Entertainment,Negative,91.9,Low,0.0,0,-2143.36,190.157528340379,28.496855742738763
2021-02-19,1205,4841.4,4586.41,0.11,2390.0,normal,623.0,0.54,765.42,175.4,9,1346.77,54,0,749.29,2426.49,Salary,1410.63,Groceries,Positive,47.6,Low,1789.62,0,254.98999999999978,94.73313504358244,15.809889701326064
2021-03-21,1164,4033.04,3509.39,0.33,2051.4,inflation,712.0,0.28,791.34,604.2,7,895.79,51,0,593.81,1302.5,Salary,1613.08,Transportation,Positive,7.2,High,211.6,0,523.6500000000001,87.01599785769544,19.621427012873667
2021-04-20,1355,2966.28,2249.8,0.4,2893.95,normal,688.0,0.36,853.81,154.93,1,0.0,65,0,448.78,1501.02,Salary,300.0,Investments,Positive,58.6,High,0.0,0,716.48,75.84584058146905,28.78386396429197
2021-05-20,1626,1399.55,3742.29,0.26,3216.5,normal,707.0,0.42,430.8,295.8,4,1039.41,45,0,225.26,2899.09,Salary,617.94,Investments,Positive,27.0,Low,0.0,0,-2342.74,267.392376120896,30.781322567968278
2021-06-19,1203,4606.57,4336.500000000001,0.37,2574.56,inflation,682.0,0.41,736.5,541.14,1,1681.64,65,0,107.81,2513.05,Salary,1715.64,Healthcare,Neutral,48.7,Low,1752.14,0,270.0699999999988,94.13728652772022,15.988034481186652
2021-07-19,1627,3623.08,3898.5899999999997,0.19,2862.7,inflation,681.0,0.27,483.56,477.69,2,614.9,54,0,315.48,2145.12,Salary,1437.99,Transportation,Neutral,58.8,Low,604.42,0,-275.50999999999976,107.60430352076133,13.346655331927531
2021-08-18,1039,4758.33,4024.08,0.24,2468.49,normal,606.0,0.33,462.31,45.94,3,771.66,93,0,279.81,2984.23,Salary,760.04,Rent,Negative,75.1,Low,1026.85,0,734.25,84.56916607297099,9.71580365380291
2021-09-17,1838,3322.2,4982.51,0.18,3327.51,normal,685.0,0.27,293.65,254.59,6,750.49,35,0,335.25,3385.68,Salary,1261.58,Dining Out,Positive,33.2,Medium,649.38,0,-1660.3100000000004,149.9762205767263,8.839022334597555
2021-10-17,1494,4624.72,4666.46,0.29,2507.11,normal,671.0,0.2,106.11,640.12,3,838.77,46,0,734.99,2431.17,Salary,1500.3,Dining Out,Positive,19.9,Low,1881.91,0,-41.73999999999978,100.90254112681416,2.2944091750419484
2021-11-16,1123,4034.14,5037.9,0.18,3259.26,inflation,765.0,0.43,535.65,307.25,9,1949.54,94,0,484.32,2712.45,Mixed,1841.13,Transportation,Positive,56.0,Low,1359.96,0,-1003.7599999999998,124.88163524319928,13.277922927811131
2021-12-16,1699,3939.2,3932.67,0.29,2081.92,inflation,577.0,0.38,680.05,344.16,5,1769.05,79,0,416.59,2163.71,Salary,1352.37,Insurance,Positive,11.4,Low,0.0,0,6.529999999999745,99.83423030056865,17.26365759545085
2022-01-15,1037,3343.7,3560.12,0.32,2910.13,normal,587.0,0.29,439.42,113.67,1,1126.45,75,0,695.22,1440.32,Salary,1424.58,Utilities,Neutral,38.5,Medium,0.0,0,-216.42000000000007,106.47247061638305,13.141729222119212
2022-02-14,1387,5179.98,3437.23,0.22,2750.05,normal,699.0,0.29,723.93,89.44,7,767.81,77,0,546.82,1876.39,Salary,1014.02,Transportation,Positive,76.9,Low,2098.98,0,1742.7499999999995,66.35604770674792,13.97553658508334
2022-03-16,1237,4806.25,3768.24,0.19,3270.08,recession,649.0,0.44,475.72,542.84,2,430.11,69,0,661.63,1839.33,Salary,1267.28,Transportation,Positive,21.6,Low,2036.98,0,1038.0100000000002,78.40291287386215,9.897945383615085
2022-04-15,1926,3654.72,4383.900000000001,0.19,3112.6,normal,704.0,0.22,335.96,596.06,9,629.96,69,0,919.34,1956.68,Salary,1507.88,Entertainment,Positive,98.0,Medium,0.0,0,-729.1800000000007,119.95173364854219,9.192496278784695
2022-05-15,1469,2487.34,5867.97,0.11,2764.81,recession,720.0,0.56,442.28,476.08,4,1130.23,28,0,759.8,3540.13,Salary,1568.04,Dining Out,Positive,70.4,Medium,0.0,0,-3380.63,235.91346579076443,17.781244220733793
2022-06-14,1484,3969.53,5396.5599999999995,0.2,2581.55,recession,637.0,0.52,421.39,729.71,7,979.68,85,0,618.81,3444.24,Salary,1333.51,Dining Out,Positive,48.2,Medium,0.0,0,-1427.0299999999993,135.94959604789483,10.615614443019702
2022-07-14,1088,5067.08,3761.3599999999997,0.09,2633.27,recession,737.0,0.51,450.41,165.89,2,389.59,83,0,451.16,2501.6,Salary,808.6,Utilities,Positive,4.1,Medium,1386.92,0,1305.7200000000003,74.23131270870007,8.888945901781698
2022-08-13,1279,4398.39,2964.67,0.32,2899.53,normal,727.0,0.25,334.13,464.69,5,1389.12,82,0,459.42,1350.72,Salary,1154.53,Rent,Positive,49.5,Medium,2168.79,0,1433.7200000000003,67.40352719972536,7.596643317213799
2022-09-12,1916,4384.75,4031.42,0.27,3330.21,recession,754.0,0.15,531.35,495.52,3,1276.66,61,0,765.61,2376.96,Salary,888.85,Transportation,Positive,77.4,Medium,2111.18,0,353.3299999999999,91.94184389075775,12.118136723872514
2022-10-12,1460,4214.59,3540.47,0.34,3561.01,normal,716.0,0.21,145.65,749.6,8,1480.97,25,0,512.89,1520.38,Mixed,1507.2,Utilities,Positive,56.7,Low,1279.54,0,674.1200000000003,84.00508709032195,3.455852170673779
2022-11-11,1753,3356.03,5297.73,0.1,2722.37,inflation,710.0,0.57,188.45,21.28,7,1544.29,38,0,492.75,3499.0,Freelance,1305.98,Groceries,Positive,13.3,Low,0.0,0,-1941.6999999999994,157.85705133744332,5.615265656147293
2022-12-11,1371,4383.74,2777.0299999999997,0.25,2613.38,normal,634.0,0.49,547.52,842.03,8,587.6,97,0,611.47,1000.0,Freelance,1165.56,Rent,Neutral,70.5,Low,1026.39,0,1606.71,63.348419386186215,12.489791821595258
2023-01-10,1581,4778.43,3493.9,0.35,2133.72,normal,696.0,0.32,206.7,311.57,3,759.6,26,0,561.15,2206.78,Freelance,725.97,Healthcare,Neutral,58.9,Medium,3760.01,1,1284.5300000000002,73.11815805609793,4.32568856297989
2023-02-09,1875,3083.29,3187.5099999999998,0.3,2081.86,inflation,703.0,0.48,29.32,206.94,2,1646.81,28,0,380.16,1930.69,Salary,876.66,Insurance,Positive,94.4,Medium,2052.97,0,-104.2199999999998,103.38015561299781,0.9509322833726312
2023-03-11,1799,5198.85,2631.58,0.34,3158.46,recession,676.0,0.13,468.64,395.51,1,124.2,82,0,339.77,1614.93,Salary,676.88,Dining Out,Negative,12.8,Medium,1967.46,0,2567.2700000000004,50.61850216874886,9.01430123969724
2023-04-10,1854,3734.67,3818.39,0.2,2996.83,normal,747.0,0.56,738.32,220.09,7,724.11,72,0,325.4,1803.56,Salary,1689.43,Utilities,Neutral,47.7,Low,1620.23,0,-83.7199999999998,102.24169739227294,19.769350437923567
2023-05-10,1280,3970.14,2937.3199999999997,0.1,1858.01,normal,759.0,0.47,177.92,0.0,1,1337.76,32,0,654.66,1278.11,Mixed,1004.55,Dining Out,Negative,22.1,Low,1941.86,1,1032.8200000000002,73.98530026648935,4.481454054516969
2023-06-09,1035,4539.13,3745.9,0.28,2903.91,recession,722.0,0.37,234.02,200.67,3,961.32,91,0,271.68,2101.08,Salary,1373.14,Education,Negative,41.5,Low,2484.89,0,793.23,82.52462476289509,5.155613520652636
2023-07-09,1309,3224.41,4200.070000000001,0.29,3700.82,recession,629.0,0.26,534.85,420.45,2,36.93,53,0,434.01,2192.07,Salary,1573.99,Transportation,Positive,43.1,Medium,353.84,0,-975.6600000000008,130.2585589301609,16.587530742058238
2023-08-08,1152,4001.96,4280.400000000001,0.36,3159.82,normal,758.0,0.51,512.79,390.54,5,267.73,27,0,236.77,2706.4,Salary,1337.23,Rent,Neutral,93.0,High,2402.14,0,-278.4400000000005,106.95759078051756,12.813471399014482
2023-09-07,1903,4628.71,3890.23,0.24,2391.52,normal,619.0,0.2,621.29,0.0,3,481.99,41,0,266.14,2322.96,Salary,1301.13,Transportation,Positive,94.9,Low,1515.53,0,738.48,84.04566283046464,13.42253025140914
2023-10-07,1811,4854.04,3750.4900000000002,0.15,2842.35,normal,643.0,0.43,377.64,851.14,5,1611.73,73,0,387.9,1973.57,Salary,1389.02,Dining Out,Neutral,11.2,Low,1185.4,0,1103.5499999999997,77.26532949872684,7.779911166780661
2023-11-06,1871,5061.65,3305.14,0.13,1593.19,recession,661.0,0.15,444.09,365.03,8,713.16,76,0,356.85,2260.37,Salary,687.92,Rent,Negative,45.2,Low,2609.46,1,1756.5099999999998,65.29767961040372,8.773621249987652
2019-01-01,1571,3743.0,3362.5199999999995,0.38,2531.55,normal,605.0,0.22,521.94,63.79,1,400.83,74,0,645.28,1994.8,Salary,722.44,Dining Out,Positive,63.4,Low,1076.02,0,380.4800000000005,89.83489179802297,13.944429601923591
2019-01-31,1255,2206.66,4344.2,0.33,3112.42,recession,688.0,0.53,130.3,253.69,2,1088.53,55,0,667.28,2447.72,Salary,1229.2,Investments,Negative,99.6,Low,69.86,0,-2137.54,196.8676642527621,5.904851676289053
2019-03-02,1317,3936.26,3478.0699999999997,0.11,3555.77,inflation,689.0,0.12,229.36,332.26,7,640.44,60,0,622.49,2325.45,Salary,530.13,Utilities,Positive,46.3,Low,893.46,0,458.1900000000005,88.35976282054537,5.826850868590998
2019-04-01,1889,2734.52,3687.16,0.35,3048.16,inflation,689.0,0.52,741.06,349.17,5,1510.03,43,1,98.41,2283.62,Salary,1305.13,Education,Neutral,90.1,Low,0.0,0,-952.6399999999999,134.83755832833552,27.100185773005865
2019-05-01,1743,2783.07,3797.4700000000003,0.18,4014.67,normal,708.0,0.41,789.61,563.93,8,1195.76,99,0,694.82,2106.4,Salary,996.25,Rent,Negative,42.4,Low,563.06,0,-1014.4000000000001,136.44895744627337,28.371905844984134
2019-05-31,1500,6058.97,3606.5099999999993,0.07,2635.5,inflation,737.0,0.54,546.9,579.38,5,315.95,32,0,300.7,2140.7,Freelance,1165.11,Dining Out,Positive,19.4,High,3995.53,1,2452.460000000001,59.52348336433418,9.02628664608011
2019-06-30,1330,4484.84,3765.12,0.08,2740.46,normal,700.0,0.56,493.39,295.12,3,844.22,89,0,948.92,1762.46,Salary,1053.74,Rent,Negative,67.4,High,1154.98,0,719.7200000000003,83.95215882840859,11.001284326754131
2019-07-30,1747,3546.98,5478.099999999999,0.07,3220.98,recession,661.0,0.11,546.36,362.76,5,761.59,61,0,513.28,3206.74,Salary,1758.08,Education,Positive,59.6,High,90.88,0,-1931.1199999999994,154.44406227269394,15.403526380188218
2019-08-29,1705,3207.33,2351.48,0.07,2011.84,normal,655.0,0.51,60.63,956.98,5,656.3,86,0,184.1,1307.69,Mixed,859.69,Healthcare,Positive,19.2,Low,63.03,0,855.8499999999999,73.3158109704957,1.8903574000804408
2019-09-28,1881,5100.75,3970.98,0.29,2814.12,normal,810.0,0.18,661.33,631.11,6,1151.68,62,0,590.17,2289.87,Salary,1090.94,Utilities,Positive,23.7,High,2433.0,0,1129.77,77.85090427878252,12.965348233102974
2019-10-28,1224,3875.08,4839.65,0.17,2859.62,normal,743.0,0.51,806.09,329.4,5,1496.24,27,0,401.19,2628.33,Salary,1810.13,Investments,Neutral,11.2,High,0.0,0,-964.5699999999997,124.8916151408487,20.80189312220651
2019-11-27,1418,3489.19,4458.28,0.33,2375.64,normal,728.0,0.55,546.22,369.52,6,1613.28,29,0,706.54,2679.0,Salary,1072.74,Groceries,Positive,91.6,Low,1420.59,0,-969.0899999999997,127.77406790687809,15.654636176304528
2019-12-27,1509,5090.21,4180.14,0.31,3024.71,recession,653.0,0.44,364.46,469.84,1,842.3,77,0,484.99,2145.13,Salary,1550.02,Healthcare,Positive,4.5,Low,378.08,0,910.0699999999997,82.1211698535031,7.160018938314922
2020-01-26,1713,3127.19,3812.55,0.25,2085.02,normal,678.0,0.27,607.26,331.38,8,1449.52,62,0,365.33,2050.11,Salary,1397.11,Education,Positive,70.8,Low,0.0,0,-685.3600000000001,121.9161611542631,19.418711367073954
2020-02-25,1592,2399.9,4532.51,0.06,2876.9,inflation,585.0,0.12,545.84,628.23,3,1575.54,75,0,745.29,2133.95,Freelance,1653.27,Utilities,Positive,81.4,Low,599.03,0,-2132.61,188.86245260219175,22.74428101170882
2020-03-26,1546,3573.59,2970.18,0.26,2959.77,recession,695.0,0.17,480.7,592.71,6,1662.35,59,0,604.5,1348.61,Freelance,1017.07,Education,Negative,50.8,Medium,2224.7,0,603.4100000000003,83.11473895998141,13.451459176906136
2020-04-25,1632,4830.58,3842.6,0.18,2819.09,normal,688.0,0.15,385.07,90.72,4,856.02,33,0,665.36,2102.46,Salary,1074.78,Entertainment,Positive,77.0,Low,1056.53,0,987.98,79.54738354400507,7.971506527166509
2020-05-25,1477,1932.33,3827.2299999999996,0.3,2764.94,recession,716.0,0.55,638.65,632.51,6,826.66,89,0,598.05,2039.09,Freelance,1190.09,Insurance,Negative,69.5,Low,0.0,0,-1894.8999999999996,198.062960260411,33.05077290110902
2020-06-24,1927,2406.12,3873.6099999999997,0.18,2080.12,inflation,661.0,0.14,704.22,592.87,8,770.35,59,0,620.58,2234.27,Salary,1018.76,Transportation,Positive,65.2,Low,0.0,0,-1467.4899999999998,160.98989244094227,29.267866939304778
2020-07-24,1404,2532.15,2835.06,0.22,2413.89,normal,696.0,0.49,849.92,521.18,5,2187.52,26,0,319.52,1519.82,Mixed,995.72,Transportation,Negative,84.2,Low,0.0,0,-302.90999999999985,111.96256145962917,33.56515214343542
2020-08-23,1660,5423.3,3997.2499999999995,0.25,2987.38,recession,616.0,0.32,812.67,378.59,7,1348.09,77,1,466.81,2284.49,Freelance,1245.95,Rent,Negative,9.6,Medium,3850.13,1,1426.0500000000006,73.70512418638097,14.984787859790163
2020-09-22,1181,3009.56,3929.68,0.29,3127.71,normal,633.0,0.45,275.56,613.74,8,523.56,39,0,585.08,1944.23,Freelance,1400.37,Healthcare,Neutral,4.9,Medium,161.67,0,-920.1199999999999,130.57323994205132,9.156155717114794
2020-10-22,1361,4021.8,4275.139999999999,0.18,2354.42,inflation,680.0,0.27,626.55,477.73,6,2253.72,97,0,664.45,2471.39,Freelance,1139.3,Entertainment,Positive,92.1,Low,394.13,0,-253.33999999999924,106.29916952608282,15.578845293152318
2020-11-21,1113,4117.26,3628.23,0.33,2853.85,normal,639.0,0.15,533.05,629.07,3,1240.49,94,0,746.39,1949.89,Salary,931.95,Entertainment,Positive,2.2,Low,1388.65,0,489.0300000000002,88.12244065227846,12.946716991397189
2020-12-21,1461,2220.05,3333.5600000000004,0.37,3538.14,inflation,620.0,0.18,226.85,229.59,3,1642.28,62,0,149.71,1624.4,Salary,1559.45,Rent,Positive,78.1,Low,0.0,0,-1113.5100000000002,150.1569784464314,10.218238327965585
2021-01-20,1462,3844.67,4182.28,0.39,3275.03,inflation,673.0,0.29,509.86,380.98,8,670.32,25,0,622.93,2642.72,Salary,916.63,Transportation,Negative,10.4,Medium,1327.77,0,-337.6099999999997,108.78124780540332,13.261476277547878
2021-02-19,1701,2769.28,5188.8099999999995,0.22,3359.43,normal,763.0,0.47,487.91,402.89,8,1014.57,23,0,835.9,2541.33,Salary,1811.58,Rent,Neutral,4.6,Low,0.0,0,-2419.5299999999993,187.3703634157615,17.618659001617747
2021-03-21,1722,4773.45,4605.46,0.28,2730.76,normal,689.0,0.24,270.37,535.3,2,796.25,38,0,564.98,2156.35,Salary,1884.13,Healthcare,Neutral,52.9,Low,2354.65,0,167.98999999999978,96.48074243995434,5.664037540981889
2021-04-20,1369,5728.95,3335.9700000000003,0.23,3399.42,normal,669.0,0.15,504.6,396.79,2,1484.63,97,0,408.29,1952.16,Freelance,975.52,Insurance,Positive,75.8,High,2344.44,0,2392.9799999999996,58.23004215432148,8.807896735003796
2021-05-20,1549,4668.2,5153.92,0.1,2906.03,recession,769.0,0.13,797.65,162.04,9,153.74,78,0,686.09,3188.51,Freelance,1279.32,Groceries,Positive,3.1,High,2455.32,0,-485.72000000000025,110.40486697228053,17.086885737543376
2021-06-19,1422,2952.33,3271.94,0.06,2913.37,recession,660.0,0.38,682.79,809.82,1,1469.5,20,0,932.38,1415.17,Salary,924.39,Education,Positive,33.3,High,436.39,0,-319.6100000000001,110.82568683040175,23.127157194487065
2021-07-19,1642,3609.85,4574.89,0.05,2425.41,normal,818.0,0.23,479.3,425.36,4,748.6,31,0,604.87,2467.21,Salary,1502.81,Investments,Positive,16.5,Low,1531.24,0,-965.0400000000004,126.73352078341208,13.277560009418673
2021-08-18,1666,4936.35,3853.09,0.08,2817.55,normal,686.0,0.41,861.0,1074.46,2,1912.78,58,0,629.2,2205.07,Salary,1018.82,Rent,Neutral,38.2,Low,961.22,0,1083.2600000000002,78.05544582535678,17.44203713269926
2021-09-17,1352,2516.74,3940.6800000000003,0.23,2638.64,inflation,753.0,0.39,518.13,777.85,5,666.38,30,0,478.8,2346.23,Salary,1115.65,Transportation,Negative,88.2,Medium,792.24,0,-1423.9400000000005,156.57874869871344,20.587347123659974
2021-10-17,1891,3456.96,3821.4300000000003,0.33,2735.93,normal,662.0,0.25,509.75,588.2,3,1685.99,70,0,498.34,2333.71,Freelance,989.38,Insurance,Positive,13.1,Low,230.69,0,-364.47000000000025,110.54307831158012,14.745614644080348
2021-11-16,1707,3626.94,3533.91,0.1,2077.59,normal,799.0,0.36,462.26,354.03,1,1071.84,71,0,302.03,2100.75,Salary,1131.13,Rent,Neutral,94.4,High,2174.65,1,93.0300000000002,97.43502787473737,12.745179131719853
2021-12-16,1505,3257.18,2391.7200000000003,0.16,2506.21,normal,747.0,0.31,586.96,106.42,8,1637.71,20,0,261.82,1829.9,Mixed,300.0,Dining Out,Neutral,27.4,High,0.0,0,865.4599999999996,73.42916264989961,18.02049625749882
2022-01-15,1421,3416.92,4260.83,0.16,3047.88,recession,629.0,0.38,737.98,523.75,4,842.98,32,0,419.83,1872.43,Freelance,1968.57,Education,Positive,46.7,Low,1162.56,0,-843.9099999999999,124.69797361366378,21.59781323531133
2022-02-14,1895,5189.22,3149.8900000000003,0.34,2264.17,inflation,688.0,0.14,380.23,963.23,1,768.31,96,0,535.57,1579.9,Salary,1034.42,Dining Out,Negative,10.6,Low,3457.96,1,2039.33,60.70064479825484,7.327305452457209
2022-03-16,1038,3019.22,1907.22,0.2,3178.94,normal,676.0,0.51,945.73,283.07,8,775.77,97,0,289.51,1000.0,Salary,617.71,Insurance,Negative,87.6,Medium,0.0,0,1111.9999999999998,63.16929538092621,31.323653128953836
2022-04-15,1394,3686.26,3753.36,0.25,2523.25,recession,744.0,0.12,813.39,341.52,1,1317.39,62,0,114.65,2570.64,Mixed,1068.07,Healthcare,Positive,89.1,Low,1018.55,0,-67.09999999999991,101.82027312235165,22.065453874658868
2022-05-15,1884,3467.2,4758.87,0.26,2899.26,inflation,638.0,0.22,671.16,512.16,2,943.31,69,0,532.67,1877.8,Salary,2348.4,Utilities,Positive,42.9,Low,18.01,0,-1291.67,137.25398015689893,19.357406552838025
2022-06-14,1685,3782.02,3351.24,0.15,2385.55,normal,594.0,0.5,218.3,135.52,7,210.88,29,0,546.67,2079.81,Salary,724.76,Rent,Negative,88.8,Low,437.9,0,430.7800000000002,88.60979053521663,5.772047741683016
2022-07-14,1427,3410.52,2609.7200000000003,0.09,2518.6,recession,753.0,0.52,730.3,591.32,8,621.06,53,0,548.67,1116.46,Salary,944.59,Transportation,Positive,80.9,Medium,1120.13,0,800.7999999999997,76.5197096044005,21.413156937944947
2022-08-13,1949,3414.17,3862.1400000000003,0.29,1734.43,inflation,749.0,0.53,917.82,438.75,5,1061.82,69,0,153.8,2223.35,Salary,1484.99,Transportation,Positive,74.1,Low,607.39,0,-447.97000000000025,113.12090493443503,26.88266840842723
2022-09-12,1178,4339.83,4041.2299999999996,0.08,2582.82,normal,617.0,0.24,239.71,396.24,5,599.38,96,0,397.03,2384.13,Salary,1260.07,Rent,Positive,95.0,Low,1384.59,0,298.60000000000036,93.11954615733795,5.523488247235491
2022-10-12,1131,5362.52,4707.87,0.3,2221.57,recession,668.0,0.16,371.56,349.05,6,601.49,47,0,203.03,2676.7,Salary,1828.14,Education,Neutral,69.9,Medium,2742.13,1,654.6500000000005,87.7921201226289,6.928831967060262
2022-11-11,1874,3030.58,2983.9,0.35,2788.29,recession,648.0,0.21,452.72,692.94,5,0.0,60,0,433.04,1634.03,Freelance,916.83,Entertainment,Positive,99.0,Low,32.96,0,46.679999999999836,98.45970078334841,14.938394630730754
2022-12-11,1083,3959.45,4387.03,0.24,3308.23,inflation,640.0,0.54,513.93,537.76,2,1470.98,68,0,584.46,3169.27,Salary,633.3,Dining Out,Neutral,39.4,High,96.7,0,-427.5799999999999,110.79897460505879,12.97983305762164
2023-01-10,1044,4077.02,4559.889999999999,0.12,2490.08,normal,696.0,0.3,415.54,337.85,4,1728.57,49,0,463.44,3050.77,Salary,1045.68,Dining Out,Negative,86.1,High,929.98,0,-482.86999999999944,111.84369956487825,10.192248259758353
2023-02-09,1075,4692.43,4722.51,0.32,3522.17,recession,744.0,0.47,897.37,52.22,9,1449.24,59,0,389.68,2521.52,Salary,1811.31,Entertainment,Neutral,72.9,Medium,1663.47,0,-30.079999999999927,100.64103247144868,19.12378021622059
2023-03-11,1529,5458.64,2873.85,0.16,2894.65,inflation,720.0,0.31,425.21,392.84,1,483.62,74,0,318.23,1644.99,Mixed,910.63,Investments,Positive,76.1,High,3465.0,1,2584.7900000000004,52.64772910468542,7.789669221637623
2023-04-10,1540,2611.3,4207.0,0.13,1960.78,inflation,714.0,0.11,327.48,550.11,9,1414.14,78,0,636.52,2522.21,Salary,1048.27,Insurance,Positive,8.9,High,0.0,0,-1595.6999999999998,161.1074943514724,12.540880021445258
2023-05-10,1595,2529.91,3657.77,0.27,2887.55,recession,740.0,0.25,456.37,212.81,5,1502.16,91,0,614.82,1520.28,Mixed,1522.67,Education,Positive,72.9,Medium,0.0,0,-1127.8600000000001,144.5810325268488,18.038981623852234
2023-06-09,1984,4376.63,4203.78,0.13,3019.67,inflation,660.0,0.14,779.2,777.94,5,1066.5,70,0,424.02,2735.93,Salary,1043.83,Healthcare,Positive,8.4,Low,2152.29,0,172.85000000000036,96.05061428542051,17.80365258200945
2023-07-09,1551,2644.66,3656.34,0.07,2925.37,normal,652.0,0.46,478.86,59.36,6,1470.41,58,0,429.12,1658.34,Salary,1568.88,Investments,Positive,12.5,High,0.0,0,-1011.6800000000003,138.25368856488168,18.106675338228733
2023-08-08,1797,4602.82,2988.54,0.16,1583.86,normal,635.0,0.54,680.48,655.68,5,1689.36,35,0,857.37,1000.0,Salary,1131.17,Rent,Negative,34.6,Medium,2408.05,1,1614.2799999999997,64.92845690250759,14.783980255582449
2023-09-07,1864,6243.76,4244.0599999999995,0.09,3283.75,inflation,655.0,0.51,486.07,564.23,9,1276.92,40,0,496.04,2494.95,Freelance,1253.07,Utilities,Positive,74.7,High,3561.06,1,1999.7000000000007,67.97282406754903,7.784892436608709
2023-10-07,1223,4291.0,4146.37,0.09,1847.11,normal,736.0,0.4,485.58,932.51,9,1565.97,66,0,592.51,2230.04,Salary,1323.82,Entertainment,Negative,57.2,Low,741.55,0,144.6300000000001,96.6294570030296,11.316243299930086
2023-11-06,1506,4418.16,5744.93,0.12,3166.28,recession,696.0,0.21,652.11,0.0,5,438.74,37,0,722.9,3358.05,Salary,1663.98,Education,Neutral,56.3,Low,2103.12,0,-1326.7700000000004,130.02992195846235,14.759764245749363
2019-01-01,1653,5651.4,2645.29,0.11,2165.29,normal,704.0,0.41,521.18,268.36,3,679.87,22,1,660.94,1000.0,Salary,984.35,Insurance,Positive,84.5,Medium,2235.03,1,3006.1099999999997,46.80769366882543,9.22213964681318
2019-01-31,1627,6483.49,2498.19,0.32,2914.5,inflation,587.0,0.23,418.56,499.94,4,462.01,71,0,515.09,1555.36,Salary,427.74,Dining Out,Negative,62.0,Medium,3867.45,1,3985.2999999999997,38.53156247638232,6.4557823024327945
2019-03-02,1473,4151.46,4289.06,0.23,3630.87,normal,732.0,0.5,315.71,285.31,8,1815.24,68,0,1001.6,2338.68,Salary,948.78,Education,Positive,96.3,Medium,610.41,0,-137.60000000000036,103.31449658674299,7.604794457853381
2019-04-01,1671,4009.15,4221.19,0.2,2948.71,normal,754.0,0.11,562.58,169.76,2,1000.97,81,0,689.78,2253.94,Freelance,1277.47,Entertainment,Positive,57.3,Medium,2346.57,0,-212.0399999999995,105.2889016375042,14.032400882980184
2019-05-01,1990,3468.96,3608.24,0.23,2927.97,inflation,614.0,0.33,614.43,333.98,3,721.71,64,0,622.27,2088.99,Salary,896.98,Investments,Positive,50.6,Medium,0.0,0,-139.27999999999975,104.01503620681703,17.71222498962225
2019-05-31,1769,4500.52,4875.66,0.06,2879.86,normal,628.0,0.35,471.32,492.98,6,1553.79,92,0,263.34,2975.82,Salary,1636.5,Utilities,Positive,24.4,Low,1182.78,0,-375.1399999999994,108.3354812332797,10.472567614409002
2019-06-30,1370,4415.73,2844.08,0.14,2352.14,recession,602.0,0.33,544.96,947.07,9,1603.17,24,0,927.38,1000.0,Salary,916.7,Transportation,Neutral,36.9,Medium,1373.3,0,1571.6499999999996,64.40792349169901,12.341334275419921
2019-07-30,1532,3091.74,4196.98,0.38,3234.68,normal,651.0,0.15,415.92,102.65,3,795.84,97,0,540.81,2250.6,Salary,1405.57,Utilities,Positive,19.2,Low,233.91,0,-1105.2399999999998,135.7481547607496,13.452618913621459
2019-08-29,1565,4791.07,5448.34,0.2,3765.74,normal,641.0,0.1,957.01,256.62,9,1194.3,30,0,479.48,3235.56,Mixed,1733.3,Insurance,Neutral,13.1,Low,2243.84,0,-657.2700000000004,113.71864740026759,19.97486991423628
2019-09-28,1825,4575.27,3779.1400000000003,0.34,2896.57,normal,698.0,0.14,476.15,0.0,3,1173.53,60,0,331.97,2235.36,Freelance,1211.81,Dining Out,Positive,70.9,High,878.31,0,796.1300000000001,82.5992782939586,10.40703608748773
2019-10-28,1245,3679.31,4938.71,0.39,1791.06,inflation,764.0,0.29,640.01,31.11,6,1649.6,60,0,480.3,2672.64,Salary,1785.77,Entertainment,Negative,28.8,Medium,0.0,0,-1259.4,134.2292440702197,17.394837619010087
2019-11-27,1270,4848.8,2934.3599999999997,0.32,2734.17,normal,700.0,0.33,371.01,743.26,1,212.7,31,0,331.58,1000.0,Salary,1602.78,Insurance,Neutral,87.3,Low,1168.97,0,1914.4400000000005,60.517241379310335,7.651583897046692
2019-12-27,1190,4254.03,4329.99,0.33,2544.98,normal,559.0,0.46,588.76,411.87,5,1725.53,28,0,692.08,2794.27,Salary,843.64,Rent,Positive,26.0,Medium,1643.19,0,-75.96000000000004,101.78560094780713,13.840052844009094
2020-01-26,1931,4071.27,4779.06,0.37,1997.19,normal,653.0,0.29,455.06,343.64,5,950.38,29,0,477.6,2523.62,Mixed,1777.84,Transportation,Positive,4.1,Low,2360.3,1,-707.7900000000004,117.38499288919675,11.177347608977053
2020-02-25,1466,5357.48,3953.0800000000004,0.22,2967.63,inflation,670.0,0.52,826.78,0.0,6,809.59,36,0,280.07,1782.45,Freelance,1890.56,Dining Out,Negative,37.9,Low,2107.54,0,1404.3999999999992,73.786183056213,15.432255463389504
2020-03-26,1544,4521.67,3248.86,0.38,3880.88,normal,721.0,0.1,384.85,147.02,3,572.84,67,0,548.89,1578.26,Salary,1121.71,Entertainment,Neutral,13.4,Low,1406.47,0,1272.81,71.85088695106012,8.511235892933364
2020-04-25,1190,2783.2,4166.44,0.3,3384.5,recession,721.0,0.52,95.28,669.29,2,1392.78,90,0,395.3,3054.2,Mixed,716.94,Entertainment,Positive,74.7,High,673.1,0,-1383.2399999999998,149.699626329405,3.4233975280252946
2020-05-25,1423,1434.02,4443.15,0.16,2953.07,normal,609.0,0.14,475.21,259.06,4,1339.73,90,0,716.03,1857.39,Salary,1869.73,Investments,Positive,95.6,Low,0.0,0,-3009.1299999999997,309.83877491248376,33.138310483814735
2020-06-24,1497,4568.68,5247.650000000001,0.28,2226.14,inflation,688.0,0.21,780.27,526.41,9,1037.98,68,0,494.93,3062.57,Salary,1690.15,Insurance,Negative,67.2,High,2197.92,0,-678.9700000000003,114.86140416925676,17.07867480322544
2020-07-24,1146,4345.89,3771.8500000000004,0.11,2895.24,normal,700.0,0.31,377.95,452.38,9,1010.3,96,0,598.01,1171.16,Salary,2002.68,Utilities,Positive,7.8,Medium,2704.01,0,574.04,86.79119812052308,8.69672265059631
2020-08-23,1773,4223.06,5282.76,0.12,2605.99,recession,701.0,0.2,255.99,441.63,6,1255.52,91,0,676.71,2196.88,Mixed,2409.17,Utilities,Negative,89.2,Low,2239.15,0,-1059.6999999999998,125.09317887976962,6.061718280109683
2020-09-22,1494,4296.24,2595.87,0.06,2822.19,inflation,624.0,0.33,806.83,265.82,2,1208.44,86,0,586.42,1587.63,Freelance,421.82,Rent,Positive,39.6,Low,1053.42,0,1700.37,60.42190380425675,18.77990987468112
2020-10-22,1341,3490.11,3965.04,0.11,2749.1,normal,756.0,0.29,465.16,148.78,5,364.78,50,0,595.51,2263.58,Freelance,1105.95,Healthcare,Neutral,27.0,Low,225.47,0,-474.92999999999984,113.60788055390805,13.327946683628882
2020-11-21,1491,1798.64,4551.85,0.17,3000.14,inflation,755.0,0.23,368.18,1292.3,5,1613.78,78,0,808.24,1903.94,Salary,1839.67,Insurance,Positive,77.4,High,0.0,0,-2753.21,253.07176533380775,20.469910599119334
2020-12-21,1294,3248.23,3326.9600000000005,0.16,2452.6,normal,773.0,0.38,350.46,257.38,9,971.13,41,0,198.69,1887.39,Salary,1240.88,Transportation,Positive,95.4,Medium,1044.22,0,-78.73000000000047,102.42378156719198,10.789260612702918
2021-01-20,1667,3897.86,4061.9199999999996,0.28,3073.01,normal,811.0,0.11,658.08,252.46,3,1270.27,83,0,251.43,1776.82,Salary,2033.67,Utilities,Neutral,74.4,Medium,0.0,0,-164.0599999999995,104.20897620745741,16.88311021945375
2021-02-19,1043,3755.29,3013.52,0.08,2390.84,normal,628.0,0.27,608.93,391.27,3,808.28,80,0,1028.47,1034.02,Salary,951.03,Investments,Neutral,4.4,High,1086.4,0,741.77,80.24733109826406,16.21525900795944
2021-03-21,1843,3735.57,3381.07,0.19,2803.2,normal,670.0,0.31,621.03,341.57,7,1541.24,70,0,437.4,1657.14,Salary,1286.53,Investments,Positive,32.6,High,623.62,0,354.5,90.51014972280001,16.6247721231298
2021-04-20,1189,4472.3,5204.49,0.32,2483.32,recession,567.0,0.15,929.23,98.37,9,1452.67,43,0,498.59,3726.45,Salary,979.45,Utilities,Positive,44.6,Low,2882.58,1,-732.1899999999996,116.37166558594012,20.777452317599447
2021-05-20,1164,2888.28,3354.83,0.39,2773.58,normal,632.0,0.19,686.65,791.5,2,854.66,92,0,356.08,1933.95,Salary,1064.8,Entertainment,Neutral,27.6,Low,0.0,0,-466.5499999999997,116.153212292437,23.773664603154817
2021-06-19,1607,4780.73,4367.73,0.31,3268.53,normal,708.0,0.55,773.02,554.79,7,1056.31,62,0,303.86,2900.41,Salary,1163.46,Groceries,Positive,99.5,Low,2309.46,0,413.0,91.36115195796458,16.1694971270078
2021-07-19,1962,5559.19,3585.0699999999997,0.35,2564.72,recession,683.0,0.54,580.96,0.0,5,962.83,83,0,757.95,1693.81,Salary,1133.31,Dining Out,Positive,60.9,High,2358.92,0,1974.12,64.48907124958852,10.450443319980069
2021-08-18,1209,4766.46,3308.64,0.34,3431.69,inflation,597.0,0.55,475.76,162.42,9,1077.63,74,0,409.07,2551.6,Salary,347.97,Rent,Negative,55.0,Low,2606.49,0,1457.8200000000002,69.41503757505569,9.981411781489827
2021-09-17,1518,3072.79,3661.22,0.36,2147.31,inflation,630.0,0.51,433.6,250.3,1,1069.37,93,0,163.86,2568.99,Salary,928.37,Healthcare,Positive,10.6,High,11.26,0,-588.4299999999998,119.14969783161231,14.110954539685434
2021-10-17,1288,3815.91,2918.6800000000003,0.31,3238.16,recession,740.0,0.15,466.0,67.97,1,1045.23,31,0,748.46,1773.15,Freelance,397.07,Insurance,Positive,45.0,High,1695.88,0,897.2299999999996,76.4871288893082,12.212028061458472
2021-11-16,1689,6976.51,3249.2500000000005,0.4,3042.72,normal,712.0,0.57,484.4,54.57,5,866.95,99,0,419.32,1611.65,Salary,1218.28,Rent,Positive,43.2,Medium,3680.23,1,3727.2599999999998,46.57414667218997,6.943299730094273
2021-12-16,1817,4674.79,3330.59,0.16,2409.76,inflation,691.0,0.28,436.77,417.71,9,314.81,57,0,850.33,1914.88,Salary,565.38,Dining Out,Positive,21.3,High,400.85,0,1344.1999999999998,71.2457671895422,9.343093486552338
2022-01-15,1268,4559.96,4118.59,0.35,2380.08,inflation,662.0,0.54,176.77,352.88,7,828.16,20,0,375.28,2766.02,Mixed,977.29,Insurance,Negative,99.0,Medium,1512.71,0,441.3699999999999,90.32074842761779,3.87656909271134
2022-02-14,1607,3471.52,5126.51,0.22,2915.97,normal,706.0,0.39,565.95,307.02,4,1370.02,53,0,380.02,3168.79,Freelance,1577.7,Utilities,Positive,24.3,High,2890.38,0,-1654.9900000000002,147.67335345900358,16.302657049361663
2022-03-16,1424,2653.08,3214.2999999999997,0.12,2898.49,normal,687.0,0.27,163.16,0.0,5,0.0,42,0,676.93,1413.37,Salary,1124.0,Investments,Negative,96.7,Low,0.0,0,-561.2199999999998,121.15352722119196,6.1498334011790075
2022-04-15,1807,3857.46,4739.49,0.15,3866.06,inflation,645.0,0.6,154.16,528.52,5,197.4,21,0,354.15,3080.48,Freelance,1304.86,Entertainment,Positive,46.2,High,1464.39,0,-882.0299999999997,122.86556438692817,3.996412146853111
2022-05-15,1453,3443.27,4824.67,0.19,3225.82,inflation,719.0,0.32,629.74,241.87,9,688.1,88,0,578.68,3056.18,Salary,1189.81,Utilities,Positive,41.5,Low,737.51,0,-1381.4,140.11884052078403,18.289010156043528
2022-06-14,1303,3434.44,2381.56,0.16,3125.6,normal,706.0,0.23,584.24,130.48,9,430.07,98,0,277.06,1804.5,Salary,300.0,Utilities,Positive,90.0,Medium,734.3,0,1052.88,69.34347375409091,17.011215802285086
2022-07-14,1177,4176.62,3994.8599999999997,0.21,2350.36,inflation,792.0,0.56,473.08,0.0,9,1132.63,29,1,412.53,2369.3,Salary,1213.03,Utilities,Positive,98.1,High,960.65,0,181.76000000000022,95.648155685698,11.326862391120091
2022-08-13,1560,4082.93,4227.349999999999,0.16,2727.08,inflation,676.0,0.54,620.24,687.19,8,1156.6,49,0,415.21,2571.39,Salary,1240.75,Transportation,Positive,88.6,High,644.32,0,-144.41999999999962,103.53716571187847,15.19105152427301
2022-09-12,1150,4149.05,3204.8199999999997,0.16,2799.44,normal,656.0,0.2,973.69,409.42,5,1510.46,23,0,686.7,1860.2,Freelance,657.92,Insurance,Positive,82.4,Low,3269.11,1,944.2300000000005,77.24226027644882,23.467781781371638
2022-10-12,1649,3474.62,5309.57,0.15,2315.22,inflation,812.0,0.19,736.69,727.95,3,88.84,65,0,671.23,2511.43,Freelance,2126.91,Insurance,Positive,19.3,Low,0.0,0,-1834.9499999999998,152.81009146323913,21.202030725662087
2022-11-11,1595,5707.28,3923.49,0.39,2923.4,recession,664.0,0.3,263.12,0.0,7,1205.13,61,0,314.47,2034.51,Salary,1574.51,Education,Neutral,59.6,High,3468.17,1,1783.79,68.74535680744593,4.61025216915939
2022-12-11,1267,4901.55,3311.1600000000003,0.14,2718.06,normal,678.0,0.41,391.75,822.76,7,1212.51,88,0,382.55,2243.09,Salary,685.52,Dining Out,Positive,2.4,High,1633.39,0,1590.3899999999999,67.55332496863238,7.9923697605859365
2023-01-10,1751,4544.82,4691.75,0.3,2503.12,normal,709.0,0.29,427.59,161.0,6,863.8,82,0,521.71,2642.95,Salary,1527.09,Insurance,Negative,69.5,Low,2417.47,0,-146.9300000000003,103.2329113144195,9.408293397758328
2023-02-09,1637,3612.34,2573.48,0.18,2382.27,inflation,770.0,0.32,430.79,610.12,5,705.17,69,0,508.0,1471.98,Freelance,593.5,Healthcare,Negative,72.4,Low,0.0,0,1038.8600000000001,71.24135601853646,11.925510887679454
2023-03-11,1208,4442.69,4620.5599999999995,0.26,1738.87,normal,642.0,0.22,727.5,864.53,2,779.22,53,0,231.65,2839.27,Salary,1549.64,Rent,Positive,13.0,Low,2011.27,1,-177.8699999999999,104.00365544298612,16.375214115772202
2023-04-10,1793,2943.37,3746.91,0.07,2459.96,normal,679.0,0.47,553.71,730.82,5,455.0,63,0,480.6,2645.2,Salary,621.11,Dining Out,Negative,11.6,Low,414.38,0,-803.54,127.29999966025338,18.812109928415392
2023-05-10,1161,4547.95,4267.8,0.3,2629.86,recession,695.0,0.44,420.01,0.0,7,542.98,81,1,847.38,2394.54,Salary,1025.88,Rent,Negative,22.3,Low,2248.6,0,280.14999999999964,93.8400817950945,9.235149902703416
2023-06-09,1304,2774.17,3622.9300000000003,0.34,2875.4,normal,638.0,0.43,645.61,809.62,5,1270.61,84,0,554.37,2406.78,Salary,661.78,Healthcare,Positive,0.5,Low,0.0,0,-848.7600000000002,130.59509691186915,23.272185915066487
2023-07-09,1591,3730.02,3528.9799999999996,0.31,2924.68,recession,726.0,0.45,428.84,347.77,5,1355.17,52,0,469.43,2242.68,Mixed,816.87,Utilities,Neutral,6.3,Medium,0.0,0,201.04000000000042,94.61021656720338,11.496989292282613
2023-08-08,1120,3620.67,3693.2,0.16,2898.03,recession,639.0,0.29,611.0,322.29,2,943.0,34,0,479.69,2088.64,Salary,1124.87,Transportation,Negative,57.1,Medium,587.31,0,-72.52999999999975,102.00322039843455,16.875329704170774
2023-09-07,1146,3717.41,3832.68,0.2,3481.11,recession,717.0,0.49,356.72,301.37,6,1397.1,74,0,915.12,2033.97,Mixed,883.59,Transportation,Positive,67.4,Low,0.0,0,-115.26999999999998,103.10081481461555,9.595928347962696
2023-10-07,1194,2527.45,4043.35,0.08,2687.78,normal,744.0,0.22,652.43,349.25,4,1800.38,57,0,704.94,1917.09,Salary,1421.32,Insurance,Negative,57.9,Medium,341.01,0,-1515.9,159.97744762507665,25.813764861817244
2023-11-06,1371,3751.63,3689.9500000000003,0.18,2508.1,normal,591.0,0.47,807.68,313.76,7,425.34,70,0,764.69,2006.19,Salary,919.07,Rent,Positive,67.5,Medium,0.0,0,61.679999999999836,98.35591462910789,21.5287754922527
2019-01-01,1620,2530.03,4538.27,0.08,2791.76,inflation,679.0,0.32,301.92,483.91,8,511.17,66,0,727.22,2539.15,Salary,1271.9,Rent,Positive,44.4,Low,100.88,0,-2008.2400000000002,179.3761338798354,11.933455334521724
2019-01-31,1227,3209.62,2100.35,0.3,3255.29,normal,677.0,0.45,598.17,0.0,9,299.11,47,0,456.84,1170.54,Salary,472.97,Education,Negative,14.8,Medium,0.0,0,1109.27,65.4392108723151,18.636785663100305
2019-03-02,1773,4523.31,4872.33,0.4,2626.34,normal,686.0,0.5,224.37,308.4,2,895.96,83,0,560.83,2474.42,Salary,1837.08,Rent,Positive,29.4,Medium,2270.13,0,-349.0199999999995,107.71603095962912,4.960305616904435
2019-04-01,1675,3071.93,2471.96,0.08,2520.47,normal,634.0,0.42,342.68,456.0,6,1430.27,58,0,316.27,1250.25,Salary,905.44,Transportation,Neutral,36.9,Low,524.54,0,599.9699999999998,80.46928152659729,11.155202104214615
2019-05-01,1579,3655.22,4389.5,0.36,3762.18,normal,704.0,0.4,578.86,0.0,2,1292.24,29,0,374.67,3015.8,Salary,999.03,Groceries,Positive,59.9,Medium,509.0,0,-734.2800000000002,120.08853092289931,15.83652967536838
2019-05-31,1954,3393.87,4868.27,0.25,1835.81,inflation,557.0,0.56,388.77,454.03,1,1012.83,79,0,736.27,2560.57,Salary,1571.43,Utilities,Positive,63.2,Low,1597.89,0,-1474.4000000000005,143.44303111197542,11.455064572302415
2019-06-30,1017,2088.09,4895.110000000001,0.35,3916.17,normal,680.0,0.19,607.85,787.56,1,903.35,32,0,401.47,2910.03,Salary,1583.61,Groceries,Positive,72.2,Low,199.05,0,-2807.0200000000004,234.4300293569722,29.110335282483035
2019-07-30,1551,2370.31,4415.13,0.12,2504.04,normal,739.0,0.44,803.12,878.93,7,1154.28,73,0,704.41,2360.9,Freelance,1349.82,Utilities,Negative,58.1,Medium,0.0,0,-2044.8200000000002,186.2680408891664,33.882487944614844
2019-08-29,1829,2925.98,4222.2300000000005,0.08,3612.55,recession,812.0,0.55,452.95,363.97,1,464.0,80,0,488.6,2102.23,Salary,1631.4,Rent,Negative,7.4,Low,0.0,0,-1296.2500000000005,144.30139645520478,15.480283528937314
2019-09-28,1192,3884.71,3497.9700000000003,0.08,2196.84,inflation,752.0,0.5,281.29,369.17,7,1081.9,93,0,556.0,1051.5,Salary,1890.47,Insurance,Positive,56.4,Medium,2241.79,1,386.7399999999998,90.04455931073363,7.240952349081399
2019-10-28,1812,3822.42,3069.98,0.28,1993.38,normal,755.0,0.28,726.3,26.02,9,1257.03,70,0,338.15,1387.28,Salary,1344.55,Healthcare,Positive,15.7,Medium,49.59,0,752.44,80.31508834717273,19.001051689767216
2019-11-27,1522,5263.61,3399.87,0.18,2626.09,normal,660.0,0.28,417.03,615.24,8,903.41,57,0,485.23,1683.85,Freelance,1230.79,Transportation,Negative,19.8,Low,4137.06,1,1863.7399999999998,64.59198154878496,7.922889423798496
2019-12-27,1164,4562.57,4089.6800000000003,0.11,2093.61,normal,679.0,0.31,270.53,592.38,3,948.69,20,0,441.47,2432.27,Freelance,1215.94,Insurance,Neutral,10.3,Medium,2823.69,1,472.8899999999994,89.63544668903711,5.929333686935214
2020-01-26,1036,5227.74,2763.1099999999997,0.07,3143.79,normal,694.0,0.12,660.31,461.61,2,742.12,78,0,186.08,1094.29,Salary,1482.74,Utilities,Neutral,65.8,Medium,3230.77,1,2464.63,52.85477089526257,12.630888299724162
2020-02-25,1104,3372.16,2900.7200000000003,0.07,3037.42,normal,789.0,0.56,488.08,997.72,4,741.1,73,0,497.05,1127.81,Freelance,1275.86,Transportation,Negative,71.6,High,661.62,0,471.4399999999996,86.0196431960524,14.473809071930157
2020-03-26,1669,3119.24,2712.85,0.38,2459.62,normal,615.0,0.38,354.25,1171.69,7,641.3,58,1,362.6,1815.86,Salary,534.39,Healthcare,Positive,59.0,Low,133.53,0,406.3899999999999,86.97150587963735,11.35693309908824
2020-04-25,1087,3672.17,4088.82,0.33,2655.87,normal,653.0,0.13,577.11,568.87,3,947.03,69,0,391.13,2511.88,Salary,1185.81,Insurance,Neutral,75.8,Medium,747.99,0,-416.6500000000001,111.3461522750853,15.71577568576618
2020-05-25,1337,1940.34,3803.09,0.38,2491.45,normal,633.0,0.59,831.11,371.32,7,1540.28,91,0,325.17,2237.63,Salary,1240.29,Insurance,Neutral,4.6,Medium,0.0,0,-1862.7500000000002,196.00121628168262,42.83321479740664
2020-06-24,1801,5216.2,3923.43,0.32,2570.2,normal,651.0,0.14,439.95,322.63,9,0.0,88,0,226.42,2596.43,Salary,1100.58,Transportation,Neutral,38.3,Low,3056.1,1,1292.77,75.21624937694106,8.434300832023311
2020-07-24,1859,3910.61,2897.67,0.39,2853.33,normal,704.0,0.21,441.82,66.77,2,1193.46,27,0,222.51,2211.43,Salary,463.73,Healthcare,Positive,48.8,Low,457.51,0,1012.94,74.09764717013458,11.297981644807331
2020-08-23,1695,3533.21,5086.27,0.26,3156.5,recession,731.0,0.53,387.66,519.38,5,1731.88,62,0,486.83,2470.12,Salary,2129.32,Education,Positive,86.3,Low,893.47,0,-1553.0600000000004,143.95606261728005,10.971892415112604
2020-09-22,1295,5057.29,3164.87,0.37,2770.46,normal,690.0,0.11,0.0,436.45,8,934.99,50,0,361.84,1533.41,Salary,1269.62,Rent,Neutral,18.7,High,1507.38,0,1892.42,62.580354300425725,0.0
2020-10-22,1218,5178.3,3263.92,0.25,2578.88,normal,592.0,0.44,444.85,358.61,7,1614.76,38,0,50.53,2444.37,Freelance,769.02,Utilities,Negative,61.3,Medium,1561.36,0,1914.38,63.03072436900141,8.590657165479017
2020-11-21,1610,3575.88,4339.35,0.11,2632.21,inflation,718.0,0.58,636.39,217.53,2,1220.4,76,0,644.43,2526.53,Mixed,1168.39,Groceries,Positive,5.0,Low,637.39,0,-763.4700000000003,121.35054867613009,17.796738145575354
2020-12-21,1943,2406.72,3623.54,0.32,2786.92,inflation,591.0,0.37,588.35,464.21,6,985.78,31,0,405.85,1989.75,Salary,1227.94,Rent,Neutral,0.2,Low,0.0,0,-1216.8200000000002,150.5592673846563,24.446134157691798
2021-01-20,1764,4401.14,4175.34,0.08,2268.12,recession,696.0,0.55,562.2,581.28,9,747.9,84,0,458.8,2676.1,Salary,1040.44,Groceries,Positive,65.8,Low,264.75,0,225.80000000000018,94.86951108121985,12.773963109557979
2021-02-19,1789,4017.66,3394.1000000000004,0.25,2651.87,normal,653.0,0.47,587.24,697.94,5,0.0,46,0,490.3,1582.47,Freelance,1321.33,Entertainment,Neutral,22.7,High,1498.43,0,623.5599999999995,84.4795229063684,14.616468292488664
2021-03-21,1104,1566.74,3362.0299999999997,0.07,3533.57,normal,727.0,0.22,358.7,652.28,3,1901.75,53,0,465.49,1871.63,Salary,1024.91,Utilities,Positive,45.7,Low,0.0,0,-1795.2899999999997,214.58761504780622,22.894673015305667
2021-04-20,1124,4716.63,4543.38,0.15,2632.95,inflation,722.0,0.57,637.74,602.56,6,787.82,48,0,458.0,2415.08,Freelance,1670.3,Investments,Negative,61.7,Medium,1474.04,0,173.25,96.32682656896979,13.521094510275343
2021-05-20,1988,2569.01,3749.11,0.33,3074.57,recession,633.0,0.34,544.4,179.75,4,1045.05,56,0,201.06,2195.44,Salary,1352.61,Dining Out,Positive,65.5,High,0.0,0,-1180.1,145.93598312190298,21.191042463828477
2021-06-19,1318,3174.77,3305.5000000000005,0.38,2685.02,normal,639.0,0.41,50.65,548.88,4,394.28,90,0,304.19,2050.05,Salary,951.26,Transportation,Neutral,34.6,Medium,121.72,0,-130.73000000000047,104.117778610734,1.5953911621944268
2021-07-19,1376,5232.44,4484.86,0.19,3542.76,normal,643.0,0.59,405.37,514.61,8,147.91,85,0,843.53,2852.1,Salary,789.23,Investments,Negative,18.0,Medium,2606.0,0,747.5799999999999,85.7125929776548,7.747246026710293
2021-08-18,1635,4738.71,3748.7799999999997,0.19,3029.09,normal,654.0,0.38,444.23,537.72,9,535.8,61,0,998.72,1191.26,Salary,1558.8,Groceries,Positive,14.0,Medium,1261.95,0,989.9300000000003,79.1097155132937,9.374492214125786
2021-09-17,1346,3888.45,4283.95,0.22,2399.63,normal,677.0,0.3,230.28,406.68,1,458.03,98,0,669.41,2302.28,Freelance,1312.26,Transportation,Positive,8.6,Medium,2980.36,1,-395.5,110.17114788669006,5.922154071673804
2021-10-17,1440,4530.31,3259.38,0.12,2272.88,recession,682.0,0.15,434.77,0.0,3,801.18,35,0,406.72,1691.77,Salary,1160.89,Dining Out,Positive,63.3,Low,731.75,0,1270.9300000000003,71.94606991574528,9.596915001401669
2021-11-16,1003,3465.95,3652.87,0.09,3266.59,recession,680.0,0.27,580.76,171.01,7,904.01,92,0,621.01,1646.25,Freelance,1385.61,Utilities,Positive,12.9,Low,0.0,0,-186.92000000000007,105.39303798381397,16.756156320777855
2021-12-16,1893,4150.37,4358.98,0.1,3145.24,inflation,567.0,0.51,396.46,401.01,9,1752.97,96,0,561.57,2699.14,Salary,1098.27,Transportation,Neutral,45.9,Low,0.0,0,-208.60999999999967,105.02629886010162,9.552401352168602
2022-01-15,1903,5708.64,2600.23,0.36,3827.28,normal,658.0,0.51,761.11,608.42,4,33.89,74,0,359.77,1108.42,Freelance,1132.04,Transportation,Positive,61.9,Low,2620.58,0,3108.4100000000003,45.54902743910984,13.332597606435156
2022-02-14,1572,5251.15,3111.8399999999997,0.24,2918.64,normal,702.0,0.44,553.0,607.88,9,986.26,72,0,189.89,2117.24,Salary,804.71,Transportation,Negative,36.6,High,2104.37,0,2139.31,59.260162059739294,10.531026537044267
2022-03-16,1491,4405.94,2852.87,0.39,2223.09,recession,694.0,0.18,662.79,510.18,9,541.48,70,0,39.76,1649.31,Salary,1163.8,Groceries,Positive,45.3,Low,1161.19,0,1553.0699999999997,64.75054131467974,15.043100904687762
2022-04-15,1929,2950.32,5549.13,0.13,2430.62,normal,650.0,0.17,276.26,235.36,9,1287.4,46,0,508.28,3055.92,Salary,1984.93,Dining Out,Positive,1.8,Medium,0.0,0,-2598.81,188.0856991783942,9.363730036063883
2022-05-15,1755,4559.29,3929.15,0.37,2271.52,inflation,638.0,0.21,522.48,585.75,8,712.07,67,0,677.31,1955.0,Salary,1296.84,Groceries,Neutral,74.9,High,76.82,0,630.1399999999999,86.17898839512293,11.459679028971617
2022-06-14,1180,3659.5,3254.02,0.06,3616.31,recession,673.0,0.51,200.84,494.03,7,1742.31,87,0,541.14,1660.11,Salary,1052.77,Investments,Positive,70.8,Low,315.4,0,405.48,88.91979778658286,5.488181445552671
2022-07-14,1325,5191.64,3901.23,0.37,3237.67,normal,661.0,0.22,600.42,0.0,6,1124.84,36,0,470.56,2666.06,Salary,764.61,Education,Neutral,25.9,High,1799.55,0,1290.4100000000003,75.14446302131888,11.565131634705024
2022-08-13,1615,4252.39,3566.8200000000006,0.05,2815.98,normal,632.0,0.29,499.31,423.77,7,986.2,41,1,217.59,2445.76,Salary,903.47,Investments,Positive,32.7,Medium,0.0,0,685.5699999999997,83.87800742641198,11.741867514503609
2022-09-12,1947,3170.92,5829.4800000000005,0.06,3367.66,normal,716.0,0.32,296.1,186.74,9,0.0,89,0,512.26,3578.13,Salary,1739.09,Insurance,Negative,6.7,Medium,0.0,0,-2658.5600000000004,183.84191338791268,9.337983928954372
2022-10-12,1740,1147.83,3151.14,0.22,3110.87,normal,663.0,0.41,891.92,12.52,8,1451.49,66,0,672.85,2003.59,Freelance,474.7,Entertainment,Positive,32.9,Low,0.0,0,-2003.31,274.5302004652257,77.70488661212897
2022-11-11,1044,2721.83,3824.2,0.22,3346.71,normal,668.0,0.41,655.49,746.71,1,403.28,26,0,650.63,1748.83,Freelance,1424.74,Groceries,Positive,22.1,Low,424.84,0,-1102.37,140.50105994863748,24.08269436371853
2022-12-11,1173,2994.04,4576.469999999999,0.13,2499.65,recession,648.0,0.12,465.18,283.97,3,2025.24,37,0,467.5,2854.72,Salary,1254.25,Insurance,Positive,2.1,Low,1198.83,0,-1582.4299999999994,152.85266729903407,15.53686657492886
2023-01-10,1886,3558.81,4106.21,0.23,2868.84,recession,666.0,0.21,751.13,563.36,4,1006.25,34,0,321.25,2834.57,Salary,950.39,Transportation,Positive,52.9,Low,0.0,0,-547.4000000000001,115.38154607860494,21.106212469898647
2023-02-09,1824,4633.24,3976.95,0.19,3173.0,normal,686.0,0.45,500.51,392.36,8,214.48,25,0,292.74,2400.22,Salary,1283.99,Healthcare,Positive,20.7,Low,1164.28,0,656.29,85.83518229144185,10.802591706883305
2023-03-11,1753,5429.93,4352.11,0.19,2998.79,normal,672.0,0.39,440.22,463.15,9,1278.85,69,0,712.93,2358.33,Salary,1280.85,Investments,Positive,23.8,Low,2576.92,0,1077.8200000000006,80.15038867904374,8.107286834268582
2023-04-10,1661,4410.87,4541.8,0.34,3034.19,normal,580.0,0.3,261.98,0.0,8,324.28,29,0,716.17,3150.67,Salary,674.96,Dining Out,Positive,51.0,Medium,1444.57,0,-130.9300000000003,102.96834864777244,5.939417847272761
2023-05-10,1478,3870.58,3815.8300000000004,0.09,2357.92,recession,702.0,0.53,675.74,261.88,7,911.0,82,0,739.19,1991.7,Salary,1084.94,Healthcare,Positive,5.9,Low,1178.49,0,54.749999999999545,98.58548331257849,17.45836541293553
2023-06-09,1259,5208.09,3859.9799999999996,0.16,2931.37,inflation,754.0,0.41,550.98,448.71,1,1748.03,92,0,579.3,2205.41,Salary,1075.27,Transportation,Neutral,47.6,Medium,2614.41,0,1348.1100000000006,74.11507865647482,10.579310265375598
2023-07-09,1708,4772.57,4206.87,0.35,2110.13,normal,796.0,0.11,388.87,508.79,8,1169.34,83,0,581.25,2752.12,Salary,873.5,Utilities,Neutral,64.3,Low,1173.51,0,565.6999999999998,88.14684750564162,8.148020877640349
2023-08-08,1941,4170.43,4260.82,0.14,3802.89,recession,669.0,0.2,510.04,790.35,6,500.54,24,0,494.61,2817.76,Salary,948.45,Groceries,Positive,0.2,Low,1551.8,0,-90.38999999999942,102.16740240215036,12.229913941727832
2023-09-07,1739,5841.63,5080.43,0.07,2666.34,normal,670.0,0.29,469.46,117.53,2,1027.7,73,0,755.59,1929.26,Salary,2395.58,Insurance,Positive,45.8,Low,2344.74,0,761.1999999999998,86.96939039274997,8.036455578323173
2023-10-07,1028,2202.11,3496.41,0.35,2166.9,inflation,707.0,0.27,614.86,277.25,2,1634.6,30,0,224.33,2760.52,Salary,511.56,Utilities,Positive,74.0,Medium,285.12,0,-1294.2999999999997,158.77544718474553,27.921402654726602
2023-11-06,1979,4675.23,3118.5499999999997,0.22,2877.53,normal,716.0,0.22,335.96,194.28,2,1091.1,51,0,616.83,1514.07,Salary,987.65,Dining Out,Positive,84.8,Low,989.3,0,1556.6799999999998,66.70367019376587,7.185956626732802
2019-01-01,1465,4784.64,4187.01,0.07,2847.63,inflation,629.0,0.49,741.76,616.82,7,1483.28,82,0,710.58,2170.36,Freelance,1306.07,Groceries,Neutral,9.8,Medium,1911.02,0,597.6300000000001,87.50940509630819,15.50294275013376
2019-01-31,1125,5246.93,4453.36,0.4,2918.52,inflation,674.0,0.2,502.34,519.55,3,627.22,93,0,467.73,3083.49,Salary,902.14,Entertainment,Positive,61.6,Low,1648.67,0,793.5700000000006,84.87553674243796,9.573979450840776
2019-03-02,1649,2951.86,4332.58,0.08,2399.68,normal,681.0,0.52,595.52,292.49,1,782.87,32,0,706.91,2205.78,Mixed,1419.89,Investments,Positive,39.5,Low,105.88,0,-1380.7199999999998,146.77457603002853,20.174398514834714
2019-04-01,1109,3809.75,4759.259999999999,0.37,2716.9,normal,640.0,0.56,498.18,235.04,8,1222.64,40,0,328.19,3212.63,Salary,1218.44,Utilities,Positive,38.3,Medium,929.97,0,-949.5099999999993,124.92315768751227,13.076448585865213
2019-05-01,1054,4581.38,3800.5499999999997,0.21,2684.65,normal,733.0,0.6,398.27,1047.18,3,828.45,60,0,510.7,2073.95,Mixed,1215.9,Utilities,Positive,19.7,Low,911.02,0,780.8300000000004,82.9564454378375,8.693232170219453
2019-05-31,1635,4744.85,3197.0899999999997,0.38,2529.99,normal,600.0,0.13,527.18,542.16,2,1279.96,31,0,102.14,1980.02,Salary,1114.93,Investments,Neutral,27.0,Medium,1615.38,0,1547.7600000000007,67.3802122301021,11.110572515464133
2019-06-30,1741,2668.89,2632.13,0.12,2528.76,normal,634.0,0.47,575.49,241.57,1,751.94,99,0,672.9,1000.0,Salary,959.23,Rent,Negative,34.7,High,0.0,0,36.75999999999976,98.62264836692408,21.562896934680712
2019-07-30,1921,4455.12,3735.4799999999996,0.19,3281.61,inflation,702.0,0.17,613.52,472.72,8,1095.61,36,0,342.72,2072.72,Salary,1320.04,Utilities,Neutral,38.9,Low,1785.16,0,719.6400000000003,83.84689974680816,13.771121765519222
2019-08-29,1823,3139.62,3727.03,0.3,2431.98,inflation,694.0,0.52,359.36,581.41,5,1378.33,88,0,246.46,2463.05,Mixed,1017.52,Utilities,Negative,16.5,Low,0.0,0,-587.4100000000003,118.70958905854849,11.44597116848536
2019-09-28,1200,4569.58,4705.27,0.21,2778.01,normal,625.0,0.27,669.93,561.14,8,1267.48,66,0,660.7,3072.73,Salary,971.84,Dining Out,Negative,5.1,Low,999.87,0,-135.6900000000005,102.96941950901397,14.660647149190954
2019-10-28,1165,2297.31,4206.799999999999,0.15,2473.32,normal,729.0,0.11,628.01,596.07,8,426.45,30,0,310.65,2618.74,Salary,1277.41,Healthcare,Neutral,17.1,Low,0.0,0,-1909.4899999999993,183.11851687408313,27.336754726179752
2019-11-27,1827,3606.54,3723.71,0.24,2511.99,normal,615.0,0.25,446.64,348.41,1,714.95,95,0,558.79,2390.47,Freelance,774.45,Rent,Negative,33.1,Low,0.0,0,-117.17000000000007,103.24882019886097,12.384168760085844
2019-12-27,1804,3901.15,3104.21,0.3,1855.69,normal,622.0,0.38,767.81,486.09,2,1199.7,73,0,710.38,1652.88,Salary,740.95,Entertainment,Neutral,21.5,Medium,1184.15,0,796.94,79.57166476551785,19.681632339182034
2020-01-26,1326,4061.33,3732.7400000000002,0.08,2469.49,recession,680.0,0.57,746.5,0.0,9,1638.43,55,0,773.07,1735.03,Salary,1224.64,Entertainment,Neutral,19.6,Medium,958.63,0,328.5899999999997,91.90930064781735,18.380678250720823
2020-02-25,1621,4200.39,3002.38,0.14,3651.54,normal,658.0,0.36,737.39,813.94,4,0.0,39,0,666.01,1000.0,Salary,1336.37,Entertainment,Positive,44.8,High,1467.03,0,1198.0100000000002,71.4786007965927,17.555274629260616
2020-03-26,1543,5502.02,3850.0299999999997,0.19,3166.58,normal,650.0,0.16,314.64,360.5,4,1339.67,89,0,502.01,1629.73,Salary,1718.29,Rent,Positive,72.0,Medium,1629.54,0,1651.9900000000007,69.97484560216066,5.718626977001174
2020-04-25,1153,4987.93,4197.49,0.19,2370.91,recession,744.0,0.13,411.87,595.71,8,623.64,93,0,560.05,1912.31,Salary,1725.13,Investments,Neutral,0.9,Low,2157.45,0,790.4400000000005,84.1529452097363,8.257333202350473
2020-05-25,1585,2416.54,4066.14,0.31,2950.47,recession,813.0,0.14,622.13,664.18,9,1144.8,62,0,688.91,1880.83,Salary,1496.4,Groceries,Positive,67.0,High,0.0,0,-1649.6,168.26288826172956,25.744659720095676
2020-06-24,1137,4089.74,4320.21,0.36,3078.5,inflation,642.0,0.34,472.13,860.3,5,1605.97,52,0,605.68,2660.39,Mixed,1054.14,Groceries,Negative,63.2,Medium,624.03,0,-230.47000000000025,105.63532156078381,11.544254646994675
2020-07-24,1655,4286.02,2115.16,0.33,2035.48,normal,620.0,0.47,598.8,628.88,3,1215.85,57,0,414.96,1269.64,Salary,430.56,Entertainment,Positive,22.1,High,1527.18,0,2170.8600000000006,49.35021301813803,13.97100340175734
2020-08-23,1897,2583.09,3162.5,0.38,3668.7,recession,687.0,0.55,300.9,368.93,9,1476.93,62,0,268.33,1299.22,Mixed,1594.95,Education,Negative,31.0,Medium,0.0,0,-579.4099999999999,122.430887038392,11.648839180980916
2020-09-22,1501,6066.1,4266.299999999999,0.36,3087.54,normal,670.0,0.12,690.67,522.01,3,638.92,51,0,748.75,2416.99,Salary,1100.56,Entertainment,Positive,42.3,Medium,1494.34,0,1799.800000000001,70.33019567761822,11.385733832281037
2020-10-22,1389,2684.49,4322.79,0.05,3266.41,normal,674.0,0.41,551.49,174.38,4,563.36,38,0,384.87,3327.86,Mixed,610.06,Utilities,Negative,82.7,Medium,0.0,0,-1638.3000000000002,161.02835175396447,20.543566934501527
2020-11-21,1325,3618.4,4083.24,0.19,2797.97,inflation,722.0,0.23,289.77,736.52,4,1050.57,20,0,514.12,2178.65,Salary,1390.47,Healthcare,Neutral,55.2,Medium,0.0,0,-464.8399999999997,112.8465620163608,8.008235684280345
2020-12-21,1994,3279.4,4009.8399999999992,0.15,2515.25,inflation,604.0,0.57,764.85,217.82,5,501.35,25,0,514.99,2447.74,Freelance,1047.11,Insurance,Positive,7.7,High,0.0,0,-730.4399999999991,122.2735866317009,23.32286393852534
2021-01-20,1688,5099.01,5100.360000000001,0.2,3217.43,normal,650.0,0.29,378.61,462.98,4,797.52,98,0,513.27,2994.56,Salary,1592.53,Utilities,Neutral,23.4,Medium,3679.1,1,-1.3500000000003638,100.02647572764126,7.425166846113266
2021-02-19,1198,5254.63,3715.1899999999996,0.09,2301.19,normal,624.0,0.24,525.88,0.0,8,1115.73,77,0,402.0,2631.39,Salary,681.8,Insurance,Negative,87.5,Medium,1564.27,0,1539.4400000000005,70.7031703469131,10.00793585847148
2021-03-21,1800,1649.18,5725.65,0.13,2418.8,normal,675.0,0.23,445.31,277.49,3,1734.84,60,0,516.31,3777.13,Salary,1432.21,Rent,Positive,81.7,Low,0.0,0,-4076.4699999999993,347.18162965837564,27.001903976521664
2021-04-20,1419,3788.48,2380.6,0.32,3528.79,normal,651.0,0.57,403.45,314.11,3,740.87,44,0,76.83,1083.46,Salary,1220.31,Education,Positive,5.3,Low,655.73,0,1407.88,62.83786637384914,10.649389728862236
2021-05-20,1885,4534.09,3073.64,0.09,3354.12,normal,716.0,0.46,278.32,597.13,3,837.61,62,0,452.87,1969.49,Freelance,651.28,Groceries,Positive,84.0,Low,2015.71,0,1460.4500000000003,67.789567476605,6.138387195666605
2021-06-19,1824,3824.28,4172.530000000001,0.06,3002.98,normal,614.0,0.24,703.35,362.14,6,1182.16,73,0,695.69,1849.14,Salary,1627.7,Transportation,Positive,30.7,Low,1590.33,0,-348.25000000000045,109.10628928844123,18.39169726066083
2021-07-19,1523,4430.53,3601.08,0.06,3221.31,normal,702.0,0.59,471.15,709.62,8,1357.61,69,0,334.26,2069.55,Salary,1197.27,Investments,Positive,70.4,Low,1376.4,0,829.4499999999998,81.27876348879253,10.634167921219358
2021-08-18,1098,4609.38,3579.35,0.13,3223.98,recession,637.0,0.49,405.86,154.06,3,1005.17,68,0,731.86,1918.98,Mixed,928.51,Transportation,Negative,51.4,High,2315.54,0,1030.0300000000002,77.65361068082909,8.80508875380203
2021-09-17,1989,5329.29,4089.17,0.14,2394.66,normal,703.0,0.51,375.64,0.0,1,987.64,26,0,552.32,2568.68,Freelance,968.17,Healthcare,Negative,69.4,Medium,3188.63,1,1240.12,76.73010851351681,7.048593715110268
2021-10-17,1305,4009.96,3940.3199999999997,0.28,2252.4,inflation,678.0,0.48,334.99,874.2,5,1429.82,89,0,727.99,1629.61,Salary,1582.72,Rent,Positive,86.4,High,761.4,0,69.64000000000033,98.26332432243713,8.353948667817136
2021-11-16,1109,3898.66,4213.92,0.08,2377.03,inflation,608.0,0.5,497.64,567.28,6,1236.2,68,0,288.32,3025.97,Salary,899.63,Dining Out,Positive,85.4,Low,401.01,0,-315.2600000000002,108.08636813674441,12.76438571201387
2021-12-16,1982,2677.14,4891.32,0.21,2126.29,inflation,743.0,0.51,452.15,884.72,2,1257.92,27,0,555.0,3182.03,Mixed,1154.29,Transportation,Positive,1.5,Low,783.58,0,-2214.18,182.7069185772877,16.889292304474175
2022-01-15,1266,3127.78,3681.6299999999997,0.14,3779.13,normal,710.0,0.47,459.15,250.32,8,1655.27,34,0,783.68,1779.7,Salary,1118.25,Entertainment,Positive,29.8,High,196.31,0,-553.8499999999995,117.70744745474424,14.67974090249314
2022-02-14,1200,4064.16,2455.7,0.28,3720.47,normal,542.0,0.29,265.23,455.75,8,1138.64,91,0,442.76,1616.87,Salary,396.07,Entertainment,Positive,79.1,Medium,1355.43,0,1608.46,60.423310105901336,6.526071808196527
2022-03-16,1931,2309.58,3160.1900000000005,0.2,2261.35,normal,663.0,0.41,306.97,897.12,7,681.62,55,0,243.34,2065.36,Salary,851.49,Entertainment,Negative,24.8,Low,0.0,0,-850.6100000000006,136.8296400211294,13.291161163501592
2022-04-15,1128,4805.37,3525.47,0.21,2579.08,normal,696.0,0.34,817.56,592.76,4,1086.82,59,0,368.48,1954.77,Freelance,1202.22,Healthcare,Positive,34.7,Medium,2569.56,0,1279.9,73.36521433313148,17.01346618470586
2022-05-15,1946,2357.92,3595.32,0.18,2843.81,normal,714.0,0.27,543.27,222.36,5,732.22,96,1,516.19,1524.27,Salary,1554.86,Entertainment,Negative,89.2,Medium,0.0,0,-1237.4,152.47845558797584,23.040221890479742
2022-06-14,1855,4655.62,4966.13,0.08,2272.65,normal,706.0,0.56,659.7,282.68,8,2071.49,34,0,519.47,2762.89,Freelance,1683.77,Transportation,Positive,18.7,Low,745.13,0,-310.5100000000002,106.66957354766929,14.169970916870364
2022-07-14,1498,4990.51,3848.0800000000004,0.22,2862.51,normal,746.0,0.44,721.56,370.61,6,1200.48,51,0,461.23,2265.71,Freelance,1121.14,Groceries,Positive,9.9,Medium,3504.74,1,1142.4299999999998,77.10795089079072,14.458642503471586
2022-08-13,1927,6737.39,2658.5699999999997,0.33,2706.73,inflation,633.0,0.2,997.38,362.73,3,966.75,42,0,529.83,1313.8,Mixed,814.94,Entertainment,Negative,76.8,High,4216.51,1,4078.8200000000006,39.459939234629424,14.803655421461425
2022-09-12,1753,4427.19,4348.27,0.18,3372.03,normal,700.0,0.34,546.58,251.78,3,822.3,99,0,512.35,2092.76,Salary,1743.16,Education,Positive,19.7,Low,1695.24,0,78.91999999999916,98.2173794212582,12.345980181559863
2022-10-12,1272,5710.41,3986.7900000000004,0.31,3079.28,inflation,663.0,0.41,424.15,582.81,9,1713.24,70,0,921.32,1525.48,Salary,1539.99,Entertainment,Positive,59.5,Medium,2093.58,0,1723.6199999999994,69.8161778226082,7.427662812302444
2022-11-11,1406,4150.82,4398.34,0.14,3025.26,normal,603.0,0.25,664.43,338.87,8,1379.04,73,0,804.24,1913.24,Salary,1680.86,Healthcare,Positive,92.1,High,1415.07,0,-247.52000000000044,105.96315908663831,16.007198577630444
2022-12-11,1486,3266.72,4902.1,0.21,3100.91,normal,669.0,0.31,709.76,512.31,9,1056.49,26,0,606.47,2557.35,Salary,1738.28,Education,Neutral,39.0,Low,0.0,0,-1635.3800000000006,150.06183572513103,21.726992212372043
2023-01-10,1737,2651.03,3834.4699999999993,0.37,3017.2,normal,702.0,0.13,612.44,380.8,2,739.54,67,0,953.53,1631.6,Salary,1249.34,Healthcare,Positive,15.3,High,0.0,0,-1183.4399999999991,144.64076226975925,23.101964142239055
2023-02-09,1754,4400.66,3460.85,0.12,2831.23,normal,631.0,0.41,343.2,297.95,7,1448.24,63,0,217.4,2504.75,Salary,738.7,Insurance,Positive,46.3,Low,1015.99,0,939.81,78.64388523539651,7.798830175473678
2023-03-11,1789,5861.05,4265.15,0.21,3218.28,normal,737.0,0.29,547.81,69.82,5,1455.41,93,0,318.73,2038.63,Freelance,1907.79,Dining Out,Negative,33.6,Medium,2189.68,0,1595.9000000000005,72.77109050426117,9.346618779911447
2023-04-10,1175,5085.65,3924.61,0.38,2802.58,normal,643.0,0.18,482.27,34.58,7,641.21,48,0,407.59,2053.56,Salary,1463.46,Rent,Negative,35.4,Low,1884.58,0,1161.0399999999995,77.17027321974577,9.482956947489505
2023-05-10,1236,3926.44,3358.46,0.34,3052.81,recession,618.0,0.47,221.04,499.32,7,385.63,32,0,403.51,2459.95,Mixed,495.0,Groceries,Positive,50.3,Low,1586.53,0,567.98,85.53447907009912,5.629527001558664
2023-06-09,1919,3439.29,3287.79,0.18,2635.15,normal,593.0,0.18,650.92,365.01,4,1765.09,83,0,432.86,1938.33,Salary,916.6,Utilities,Positive,32.7,Low,0.0,0,151.5,95.59502106539432,18.92599926147548
2023-07-09,1368,2715.23,3581.5499999999997,0.31,2803.53,normal,749.0,0.54,276.48,422.8,2,0.0,43,1,474.65,1844.53,Salary,1262.37,Entertainment,Positive,62.3,Low,738.89,0,-866.3199999999997,131.9059527185542,10.182562803151114
2023-08-08,1597,5583.22,3112.9,0.12,2848.01,normal,620.0,0.42,151.38,224.26,9,653.18,75,0,391.85,1603.89,Mixed,1117.16,Dining Out,Positive,95.2,Low,1965.26,0,2470.32,55.754564570265906,2.7113386182167276
2023-09-07,1178,5030.67,3477.37,0.14,2764.69,normal,638.0,0.14,529.14,59.89,4,1147.87,85,0,447.49,1736.85,Salary,1293.03,Insurance,Positive,59.8,High,2227.25,0,1553.3000000000002,69.12339708229719,10.518280865173029
2023-10-07,1075,3005.0,4746.19,0.16,2947.88,inflation,691.0,0.46,325.1,403.75,9,778.46,95,0,762.79,2293.56,Mixed,1689.84,Healthcare,Positive,45.1,High,0.0,0,-1741.1899999999996,157.9430948419301,10.818635607321132
2023-11-06,1502,4444.28,4716.83,0.16,3158.17,inflation,658.0,0.43,243.02,0.0,6,573.8,62,0,634.53,2430.87,Salary,1651.43,Utilities,Neutral,92.2,High,857.3,0,-272.5500000000002,106.13260190627054,5.468152321635901
2019-01-01,1048,5026.76,3540.48,0.32,3216.36,normal,657.0,0.38,750.73,529.29,4,2373.34,69,0,576.9,2100.32,Mixed,863.26,Groceries,Positive,65.0,Low,1390.03,0,1486.2800000000002,70.43264448670715,14.93466964804367
2019-01-31,1696,2656.73,4581.55,0.15,2749.16,inflation,701.0,0.41,474.8,763.89,7,1180.23,72,0,357.14,2505.23,Salary,1719.18,Rent,Positive,82.4,Low,331.59,0,-1924.8200000000002,172.4507194935127,17.87159402724402
2019-03-02,1565,2801.61,4315.29,0.26,2077.18,normal,691.0,0.4,618.37,467.35,4,827.78,87,0,380.34,2691.71,Mixed,1243.24,Investments,Positive,47.9,Medium,131.2,0,-1513.6799999999998,154.0289333633161,22.07195148503896
2019-04-01,1675,4721.14,4276.25,0.39,1748.6,inflation,681.0,0.26,612.85,296.92,2,1124.6,87,0,444.9,2682.73,Salary,1148.62,Dining Out,Negative,14.6,Medium,2185.13,1,444.8900000000003,90.57664038770297,12.980974934020173
2019-05-01,1799,4025.6,3497.03,0.33,2593.2,normal,657.0,0.57,403.76,190.2,7,866.26,23,0,260.9,1625.73,Freelance,1610.4,Entertainment,Positive,15.7,Low,122.19,0,528.5699999999997,86.86978338632751,10.029809220985692
2019-05-31,1196,3306.65,3434.01,0.08,2810.29,normal,675.0,0.28,572.86,505.5,8,381.89,61,0,842.97,1299.08,Salary,1291.96,Rent,Neutral,2.3,Medium,344.84,0,-127.36000000000013,103.85163231669515,17.324482482270575
2019-06-30,1211,3866.63,5281.21,0.17,2956.73,recession,631.0,0.5,964.74,323.48,2,78.75,28,1,648.08,2652.75,Salary,1980.38,Entertainment,Positive,5.4,Low,0.0,0,-1414.58,136.58431243744553,24.950409012499257
2019-07-30,1475,5160.89,3927.51,0.36,2139.14,inflation,649.0,0.32,322.98,440.18,7,1096.7,35,0,922.25,1982.05,Mixed,1023.21,Utilities,Positive,99.9,Low,2647.27,1,1233.38,76.10140886552513,6.258222903413946
2019-08-29,1649,4543.47,3360.0,0.09,2771.86,normal,698.0,0.3,399.66,80.53,7,1582.48,37,0,439.06,2190.55,Salary,730.39,Groceries,Positive,70.8,Low,2356.21,0,1183.4700000000003,73.95228756875252,8.796360490990367
2019-09-28,1464,4184.43,4585.53,0.21,2728.62,normal,636.0,0.51,353.45,0.0,7,1000.13,67,0,333.29,3286.93,Freelance,965.31,Insurance,Positive,66.8,Medium,1993.65,0,-401.09999999999945,109.58553494741219,8.446789646379555
2019-10-28,1458,4122.43,4320.67,0.13,3054.99,normal,607.0,0.24,149.65,300.76,5,1595.21,85,0,613.17,2148.82,Freelance,1558.68,Groceries,Positive,79.5,Low,0.0,0,-198.23999999999978,104.80881421879813,3.6301404753992186
2019-11-27,1053,2551.57,3432.6600000000003,0.22,3572.97,normal,685.0,0.31,503.07,423.98,2,1166.07,86,0,379.32,2753.34,Freelance,300.0,Dining Out,Positive,95.9,Medium,257.63,0,-881.0900000000001,134.5312885791885,19.716096364199295
2019-12-27,1048,4910.32,4469.47,0.05,2359.45,normal,693.0,0.2,794.2,558.22,5,716.03,86,0,422.18,2973.95,Salary,1073.34,Entertainment,Positive,71.3,Low,2523.46,1,440.84999999999945,91.02197005490478,16.174098633082977
2020-01-26,1284,3324.79,3562.64,0.33,3072.31,recession,670.0,0.51,873.74,194.67,6,1396.84,23,0,646.94,1553.7,Salary,1362.0,Utilities,Positive,96.1,High,0.0,0,-237.8499999999999,107.15383527982219,26.279554498178832
2020-02-25,1408,2571.25,4927.62,0.25,2439.37,normal,637.0,0.39,486.3,342.51,3,507.87,60,0,452.25,2924.52,Salary,1550.85,Transportation,Positive,28.8,Low,1115.71,0,-2356.37,191.64297520661157,18.912980068060282
2020-03-26,1437,4687.22,4641.5,0.36,2952.45,recession,687.0,0.22,143.67,560.85,4,1074.57,25,0,493.52,2635.11,Salary,1512.87,Utilities,Neutral,90.0,Low,1916.67,0,45.720000000000255,99.02458173501564,3.0651430912139817
2020-04-25,1076,5454.76,4543.93,0.24,2266.39,normal,710.0,0.5,637.62,641.61,4,677.57,21,0,489.71,2510.36,Freelance,1543.86,Transportation,Negative,81.4,Medium,3300.29,1,910.8299999999999,83.30210678379983,11.689240223217887
2020-05-25,1343,5347.98,4706.87,0.38,2091.29,normal,686.0,0.48,830.49,121.27,2,994.79,68,0,545.33,3026.19,Salary,1135.35,Entertainment,Positive,81.8,Medium,2220.86,1,641.1099999999997,88.01210924498596,15.529040871506627
2020-06-24,1747,1876.64,3713.59,0.23,1681.78,normal,716.0,0.43,899.33,313.01,6,1077.59,35,0,670.36,1882.99,Salary,1160.24,Rent,Positive,55.9,Medium,0.0,0,-1836.95,197.88504987637478,47.92235058402251
2020-07-24,1851,3742.1,3915.78,0.33,2886.5,normal,720.0,0.59,427.68,872.32,5,1118.76,75,0,278.09,2981.98,Salary,655.71,Insurance,Neutral,97.0,Medium,658.23,0,-173.6800000000003,104.64124422115925,11.42887683386334
2020-08-23,1408,3402.84,2508.2900000000004,0.06,3036.05,normal,689.0,0.46,461.02,667.32,3,1516.96,39,0,420.19,1302.91,Mixed,785.19,Utilities,Positive,65.3,Low,307.45,0,894.5499999999997,73.7116643744637,13.548095120546366
2020-09-22,1896,3623.36,3997.3700000000003,0.38,2213.47,normal,668.0,0.24,393.33,579.28,3,1738.23,34,0,645.86,2373.8,Freelance,977.71,Education,Positive,32.8,Low,95.32,0,-374.0100000000002,110.322187141217,10.855393888545438
2020-10-22,1215,4266.3,3109.55,0.1,3616.63,inflation,634.0,0.41,140.33,94.32,7,1396.4,81,0,565.3,1501.63,Salary,1042.62,Investments,Positive,53.5,Medium,1229.67,0,1156.75,72.88634179499802,3.289267046386799
2020-11-21,1127,3837.87,4388.26,0.15,3960.25,normal,672.0,0.21,545.39,472.29,4,1085.05,98,0,349.88,2865.26,Salary,1173.12,Transportation,Positive,70.5,Medium,799.19,0,-550.3900000000003,114.34102770547206,14.210747107119314
2020-12-21,1489,3219.47,3635.55,0.28,3235.17,normal,674.0,0.47,568.4,643.96,7,1165.88,89,0,610.53,1898.94,Salary,1126.08,Investments,Neutral,94.7,Low,809.88,0,-416.0800000000004,112.92386635067264,17.65507987339531
2021-01-20,1637,3748.07,4446.09,0.24,2634.2,normal,684.0,0.43,678.38,502.43,9,939.24,36,0,751.18,1903.07,Salary,1791.84,Utilities,Positive,69.0,High,188.99,0,-698.02,118.62345153639073,18.099448516169655
2021-02-19,1940,4358.13,3390.6600000000003,0.24,3825.04,normal,755.0,0.31,726.38,95.86,5,925.21,29,0,412.07,1931.73,Salary,1046.86,Groceries,Positive,0.8,Low,832.22,0,967.4699999999998,77.80079988435408,16.66724030719598
2021-03-21,1659,2564.52,3269.21,0.37,3710.16,normal,634.0,0.46,446.14,144.37,8,632.62,27,0,454.74,1996.53,Freelance,817.94,Dining Out,Positive,78.9,Low,2036.09,0,-704.69,127.4784365105361,17.396627828989438
2021-04-20,1668,2482.43,4533.22,0.11,2947.33,normal,744.0,0.24,840.11,294.95,1,569.85,76,0,780.3,2376.93,Salary,1375.99,Transportation,Positive,89.4,High,0.0,0,-2050.7900000000004,182.61219853127784,33.84224328581269
2021-05-20,1623,4348.67,2700.47,0.29,1793.65,normal,628.0,0.36,309.35,519.73,3,517.86,41,0,324.08,1977.47,Salary,398.92,Rent,Positive,13.6,Low,2029.12,1,1648.2000000000003,62.09875663133785,7.113669236801138
2021-06-19,1804,4558.71,4792.959999999999,0.12,3720.03,normal,685.0,0.11,427.88,474.65,8,0.0,44,0,589.98,3002.99,Freelance,1199.99,Insurance,Positive,34.1,Low,665.31,0,-234.2499999999991,105.13851506237508,9.385988580102705
2021-07-19,1528,2696.33,4473.4800000000005,0.16,2334.44,normal,781.0,0.16,541.94,155.02,9,819.03,73,0,286.13,2805.28,Freelance,1382.07,Utilities,Positive,79.2,Low,0.0,0,-1777.1500000000005,165.90995909254434,20.099171837275115
2021-08-18,1512,3032.06,4274.17,0.08,2491.6,recession,626.0,0.31,905.02,441.33,4,1566.03,92,0,811.21,2401.58,Salary,1061.38,Rent,Positive,33.3,Low,499.23,0,-1242.1100000000001,140.96587798394492,29.848353924394637
2021-09-17,1992,2586.75,4078.8900000000003,0.29,2541.13,inflation,729.0,0.13,755.51,146.2,5,822.22,58,0,634.8,2620.12,Mixed,823.97,Investments,Positive,0.8,Medium,599.76,0,-1492.1400000000003,157.6839663670629,29.206919880158498
2021-10-17,1272,3466.72,5283.24,0.21,3563.86,inflation,657.0,0.39,608.43,0.0,9,714.29,78,0,761.25,2750.12,Salary,1771.87,Rent,Positive,0.7,Low,220.02,0,-1816.52,152.3988092490885,17.550595375455764
2021-11-16,1155,3634.99,3470.37,0.35,3024.86,recession,590.0,0.6,291.01,305.78,1,556.13,86,0,433.19,1887.85,Salary,1149.33,Insurance,Negative,78.5,High,0.0,0,164.6199999999999,95.4712392606307,8.005799190644266
2021-12-16,1213,3878.21,4096.07,0.13,3011.93,normal,737.0,0.25,445.08,612.36,9,1199.01,37,0,489.46,3072.24,Salary,534.37,Transportation,Positive,56.4,Low,0.0,0,-217.85999999999967,105.61754005069348,11.476428558536025
2022-01-15,1098,3381.49,3294.99,0.15,3827.6,recession,631.0,0.32,548.03,255.31,2,0.0,77,0,370.14,1862.06,Salary,1062.79,Utilities,Negative,74.4,Low,870.18,0,86.5,97.44195606078976,16.206760924917717
2022-02-14,1367,3721.78,3795.9400000000005,0.18,2525.57,inflation,688.0,0.36,617.54,415.47,2,520.93,55,0,366.05,2204.38,Salary,1225.51,Rent,Positive,92.9,Low,247.14,0,-74.16000000000031,101.99259494113033,16.592598165393976
2022-03-16,1975,4103.18,3349.08,0.14,3061.88,normal,578.0,0.48,838.61,218.39,6,1314.01,62,0,538.49,1622.35,Freelance,1188.24,Rent,Positive,42.2,Medium,2674.04,0,754.1000000000004,81.62157156156931,20.438050487670537
2022-04-15,1037,3663.05,4616.9800000000005,0.2,2415.92,normal,667.0,0.53,749.44,94.87,7,1186.39,29,0,724.99,2725.55,Salary,1166.44,Investments,Positive,24.5,High,479.07,0,-953.9300000000003,126.04195956921144,20.459453187917173
2022-05-15,1773,3431.03,4470.83,0.09,2327.69,recession,655.0,0.26,733.69,125.29,1,1546.97,50,0,475.35,2420.72,Salary,1574.76,Education,Positive,69.9,High,757.02,0,-1039.7999999999997,130.30576823869217,21.383957587080264
2022-06-14,1359,4564.72,5480.05,0.13,2096.04,inflation,771.0,0.26,307.19,440.57,6,878.29,86,0,475.14,2673.79,Salary,2331.12,Utilities,Negative,92.9,Low,741.81,0,-915.3299999999999,120.05227045689549,6.729657021679314
2022-07-14,1703,4530.16,3254.5,0.08,3093.13,normal,758.0,0.38,799.1,570.77,3,1041.48,70,0,772.5,1455.77,Freelance,1026.23,Utilities,Neutral,50.2,Low,1941.29,0,1275.6599999999999,71.84072968725167,17.639553569851838
2022-08-13,1514,3337.61,3174.04,0.27,2247.47,normal,590.0,0.4,542.22,288.37,8,941.54,37,0,550.48,1924.02,Mixed,699.54,Groceries,Neutral,38.5,Low,0.0,0,163.57000000000016,95.09918774212684,16.245756694161393
2022-09-12,1499,4950.53,5157.49,0.1,2722.77,recession,697.0,0.13,355.31,626.49,6,1294.31,23,0,191.95,2894.7,Mixed,2070.84,Entertainment,Neutral,76.5,Low,2290.3,0,-206.96000000000004,104.18056248522885,7.177211328888018
2022-10-12,1074,3604.93,3565.3500000000004,0.31,2924.95,normal,723.0,0.33,899.1,37.24,4,620.93,23,0,463.33,2238.26,Salary,863.76,Groceries,Neutral,88.3,Low,0.0,0,39.57999999999947,98.90205912458772,24.94084489851398
2022-11-11,1695,3333.42,4312.97,0.28,3242.65,recession,656.0,0.45,764.27,0.0,4,1440.17,54,0,463.89,2456.95,Salary,1392.13,Healthcare,Positive,83.5,Low,467.41,0,-979.5500000000002,129.38573597086474,22.927503884898993
2022-12-11,1252,4000.02,3410.29,0.15,2220.19,recession,649.0,0.27,847.92,437.01,4,595.56,81,0,1056.87,1689.55,Salary,663.87,Dining Out,Positive,73.4,Low,1671.44,0,589.73,85.25682371588142,21.197894010529946
2023-01-10,1224,2223.4,4306.889999999999,0.24,1666.71,normal,748.0,0.23,302.07,125.3,7,0.0,27,0,462.78,2958.2,Freelance,885.91,Utilities,Positive,49.7,Low,0.0,0,-2083.4899999999993,193.70738508590443,13.5859494467932
2023-02-09,1525,3317.96,2928.93,0.16,2676.84,normal,676.0,0.29,564.75,240.94,9,616.13,87,0,771.54,1482.21,Salary,675.18,Transportation,Positive,17.5,High,1073.0,0,389.0300000000002,88.27502441259087,17.02100085594763
2023-03-11,1803,4567.36,4887.87,0.2,2890.83,normal,691.0,0.55,746.58,567.41,2,1021.65,86,0,394.38,2986.7,Salary,1506.79,Utilities,Positive,87.4,High,2807.58,0,-320.5100000000002,107.01740173754641,16.345985427030058
2023-04-10,1153,4736.23,2152.49,0.06,2196.61,normal,662.0,0.4,289.77,322.29,3,469.2,94,0,589.69,1045.09,Freelance,517.71,Healthcare,Positive,25.3,Low,2578.75,1,2583.74,45.44732836032034,6.118157268544813
2023-05-10,1807,4482.65,5026.469999999999,0.33,2849.01,normal,733.0,0.11,542.56,0.0,8,1256.63,34,0,405.33,3889.18,Salary,731.96,Education,Negative,8.9,Medium,1703.67,0,-543.8199999999997,112.13166319030037,12.103554816905179
2023-06-09,1628,4505.88,4118.85,0.29,2157.48,recession,759.0,0.27,135.89,917.85,3,957.09,79,0,1053.6,2116.95,Salary,948.3,Groceries,Negative,0.2,Low,1342.32,0,387.02999999999975,91.41055687235347,3.015837083988033
2023-07-09,1256,3700.6,3516.0299999999997,0.12,2798.97,normal,795.0,0.11,230.12,380.85,1,839.0,35,0,367.45,2202.35,Salary,946.23,Utilities,Positive,95.0,Low,0.0,0,184.57000000000016,95.01243041668918,6.218451061989947
2023-08-08,1737,2410.85,4042.82,0.14,3478.9,inflation,757.0,0.34,430.99,454.46,7,1216.32,29,0,500.57,2090.47,Salary,1451.78,Groceries,Positive,42.6,Low,0.0,0,-1631.9700000000003,167.6927224837713,17.877097289337787
2023-09-07,1339,3004.32,3280.2000000000003,0.32,3205.82,recession,668.0,0.42,682.86,374.24,7,701.97,79,0,214.6,1658.69,Freelance,1406.91,Rent,Positive,9.3,Medium,365.74,0,-275.8800000000001,109.18277680140598,22.729269851413964
2023-10-07,1821,3771.84,4432.89,0.08,2780.08,recession,667.0,0.39,421.53,557.29,8,794.06,41,0,479.25,2849.38,Salary,1104.26,Insurance,Neutral,8.5,Low,526.88,0,-661.0500000000002,117.52592898956478,11.175712649529142
2023-11-06,1582,4735.73,4741.62,0.18,2826.4,inflation,671.0,0.49,428.61,748.8,5,874.75,68,0,150.96,3448.23,Salary,1142.43,Rent,Neutral,96.6,Medium,3343.37,1,-5.890000000000327,100.12437364461235,9.050558203275948
2019-01-01,1780,3664.19,4079.48,0.2,2326.2,normal,598.0,0.23,169.87,674.51,7,796.65,29,0,395.86,2541.82,Salary,1141.8,Utilities,Negative,36.5,High,2202.16,0,-415.28999999999996,111.333746339573,4.635949555017616
2019-01-31,1374,3885.63,3431.05,0.09,2441.69,inflation,737.0,0.49,619.97,286.25,4,1245.93,76,0,738.47,1101.12,Freelance,1591.46,Entertainment,Negative,3.5,Low,1033.08,0,454.5799999999999,88.3009962348448,15.9554563867378
2019-03-02,1419,4597.8,4632.39,0.39,3096.4,normal,655.0,0.21,392.62,188.99,7,754.26,68,0,666.97,2620.23,Salary,1345.19,Entertainment,Positive,53.0,Low,2740.4,0,-34.590000000000146,100.752316325199,8.539301405019792
2019-04-01,1310,5201.93,4022.8499999999995,0.21,2392.96,normal,606.0,0.43,684.12,339.24,6,165.26,41,1,409.53,2547.73,Salary,1065.59,Groceries,Positive,91.9,Medium,1532.21,0,1179.0800000000008,77.33379726370788,13.15127270070916
2019-05-01,1544,5219.48,4163.84,0.39,2019.63,normal,719.0,0.52,426.94,129.94,4,1366.26,26,0,404.79,2027.88,Freelance,1731.17,Rent,Positive,43.3,Low,2378.73,1,1055.6399999999994,79.77499674297057,8.179742043268678
2019-05-31,1443,3451.76,4363.07,0.13,2080.15,normal,661.0,0.53,559.8,220.11,4,1191.36,81,0,652.8,2646.93,Salary,1063.34,Groceries,Positive,81.3,Low,2205.5,1,-911.3099999999995,126.401314112221,16.217813521218158
2019-06-30,1186,4478.78,2853.12,0.06,2752.43,normal,632.0,0.11,457.55,210.85,7,1130.73,37,0,159.04,2394.08,Salary,300.0,Healthcare,Positive,78.1,Low,1288.15,0,1625.6599999999999,63.70306199456102,10.215951665408884
2019-07-30,1315,2097.52,5498.14,0.37,3017.51,normal,658.0,0.28,610.22,28.99,9,938.7,57,0,601.95,3608.57,Salary,1287.62,Insurance,Positive,87.3,Medium,0.0,0,-3400.6200000000003,262.12574850299404,29.092452038597965
2019-08-29,1411,3605.42,4303.63,0.12,3775.75,normal,632.0,0.31,460.33,802.34,7,669.82,85,0,752.72,2787.72,Salary,763.19,Education,Positive,67.1,Low,1638.23,0,-698.21,119.36556628631338,12.767721929761302
2019-09-28,1227,3704.29,3322.8199999999997,0.33,2194.05,recession,632.0,0.58,569.28,140.81,3,540.88,69,0,464.49,1786.51,Freelance,1071.82,Dining Out,Negative,89.4,Medium,626.83,0,381.47000000000025,89.70194018286904,15.36812722546021
2019-10-28,1882,2369.32,4152.860000000001,0.16,2228.25,normal,679.0,0.32,608.52,88.08,6,349.43,96,0,698.75,2691.42,Freelance,762.69,Transportation,Positive,21.0,Low,0.0,0,-1783.5400000000004,175.27645062718418,25.68331842047507
2019-11-27,1605,1940.92,2290.3900000000003,0.19,2711.17,normal,639.0,0.25,663.6,79.0,9,1452.51,21,0,340.8,1193.92,Mixed,755.67,Insurance,Neutral,37.7,Low,0.0,0,-349.47000000000025,118.00537889248399,34.18997176596665
2019-12-27,1757,3568.93,2746.84,0.19,2343.12,normal,681.0,0.55,385.83,455.31,4,911.69,49,0,360.97,1357.68,Freelance,1028.19,Dining Out,Positive,36.7,High,947.11,0,822.0899999999997,76.96536496933255,10.810803237945267
2020-01-26,1909,3718.65,4606.599999999999,0.27,3746.79,normal,635.0,0.27,483.14,555.05,3,1282.18,34,0,600.24,3029.1,Freelance,977.26,Rent,Neutral,26.4,Medium,1132.45,0,-887.9499999999994,123.87828916407835,12.992349374100815
2020-02-25,1220,4237.7,3661.9300000000003,0.07,3161.0,recession,704.0,0.43,144.97,328.86,1,1301.13,37,0,828.46,1271.5,Salary,1561.97,Utilities,Positive,35.6,Low,1710.92,0,575.7699999999995,86.413148641952,3.4209594827382777
2020-03-26,1415,6326.95,3438.39,0.18,2110.99,normal,734.0,0.54,548.16,565.97,2,883.99,38,0,614.14,2175.37,Mixed,648.88,Entertainment,Positive,60.0,Low,2582.64,1,2888.56,54.34514260425639,8.663890184053928
2020-04-25,1631,3397.68,3407.17,0.25,3757.28,inflation,640.0,0.45,547.43,532.64,4,105.0,93,0,456.26,1885.64,Salary,1065.27,Investments,Neutral,59.5,Medium,986.2,0,-9.490000000000236,100.2793082338537,16.111876339149063
2020-05-25,1261,4122.67,4048.45,0.06,2857.97,inflation,685.0,0.52,720.77,480.23,4,541.69,58,0,688.68,2639.44,Salary,720.33,Groceries,Neutral,95.7,Low,0.0,0,74.22000000000025,98.19971038186416,17.48308741664989
2020-06-24,1418,4108.74,3154.81,0.33,2648.34,recession,684.0,0.1,576.5,222.34,3,1440.0,33,0,577.59,1243.61,Salary,1333.61,Groceries,Positive,26.6,Medium,1712.98,0,953.9299999999998,76.7829066818538,14.031065484795826
2020-07-24,1592,4239.48,4212.39,0.25,3893.65,normal,629.0,0.19,651.54,492.66,6,649.92,96,0,643.53,2241.09,Salary,1327.77,Entertainment,Negative,5.1,High,1544.5,0,27.089999999999236,99.36100653853777,15.36839423702907
2020-08-23,1937,5658.78,2677.87,0.21,2505.21,normal,753.0,0.11,692.79,602.16,8,1480.39,46,0,94.59,1825.62,Salary,757.66,Dining Out,Positive,45.5,High,3707.96,1,2980.91,47.32239104541968,12.242744902611518
2020-09-22,1237,4942.76,5329.77,0.25,3072.48,normal,718.0,0.55,381.53,575.14,6,1280.06,78,0,568.26,2819.31,Salary,1942.2,Entertainment,Positive,80.3,High,2817.48,0,-387.0100000000002,107.82983596209405,7.718966731138067
2020-10-22,1517,4701.15,3802.25,0.31,2446.83,recession,665.0,0.33,307.81,306.64,7,872.25,29,0,429.85,2213.05,Salary,1159.35,Investments,Positive,51.0,Low,2756.84,1,898.8999999999996,80.87914659179137,6.54754687682801
2020-11-21,1645,4189.92,3579.95,0.29,3687.77,recession,608.0,0.46,523.79,55.24,7,1319.76,30,0,437.55,1566.78,Freelance,1575.62,Entertainment,Neutral,2.5,Medium,248.9,0,609.9700000000003,85.44196547905449,12.501193340206973
2020-12-21,1849,3557.29,4596.09,0.25,3064.54,inflation,687.0,0.43,344.88,119.36,1,1286.41,33,0,615.96,2166.96,Salary,1813.17,Insurance,Positive,16.4,High,254.59,0,-1038.8000000000002,129.20200489698618,9.695020647740273
2021-01-20,1091,2927.02,4441.58,0.09,2553.59,inflation,744.0,0.53,497.76,613.9,3,1972.13,86,0,678.52,2991.42,Freelance,771.64,Healthcare,Positive,79.1,Low,434.89,0,-1514.56,151.74409467649693,17.00569179575131
2021-02-19,1346,2903.77,4336.070000000001,0.37,3195.68,normal,628.0,0.21,742.36,618.21,4,763.28,45,0,418.47,2379.46,Freelance,1538.14,Dining Out,Positive,22.3,Medium,1546.56,0,-1432.3000000000006,149.32553198083872,25.565385688260434
2021-03-21,1637,4327.77,4336.5199999999995,0.33,3359.46,normal,608.0,0.31,717.15,104.91,3,1091.82,23,0,443.4,2752.42,Salary,1140.7,Dining Out,Positive,37.5,Medium,1173.04,0,-8.74999999999909,100.20218264833849,16.57088985782516
2021-04-20,1047,4873.0,4407.57,0.24,3437.07,inflation,653.0,0.17,378.11,563.35,8,776.84,57,0,315.63,2119.93,Salary,1972.01,Investments,Positive,12.5,Medium,1395.18,0,465.4300000000003,90.44879950749025,7.759285860865997
2021-05-20,1667,4207.24,3537.75,0.27,3005.56,recession,658.0,0.2,298.73,610.19,1,1578.22,35,0,245.45,2125.75,Salary,1166.55,Insurance,Positive,92.5,High,797.99,0,669.4899999999998,84.08719255378824,7.100379346079616
2021-06-19,1557,4776.26,3289.53,0.07,2743.44,recession,766.0,0.32,582.46,849.42,4,1349.01,34,0,479.1,2033.45,Salary,776.98,Entertainment,Positive,19.8,Low,656.59,0,1486.73,68.87250694057694,12.194897262711828
2021-07-19,1487,3454.82,4462.31,0.09,2978.65,normal,634.0,0.43,796.94,600.71,2,1533.13,77,0,717.01,2480.63,Salary,1264.67,Education,Positive,59.7,Low,429.9,0,-1007.4900000000002,129.1618666095484,23.067482531651432
2021-08-18,1584,4519.37,3999.5,0.06,2875.26,normal,630.0,0.29,481.41,629.43,8,629.74,88,0,827.1,2341.3,Salary,831.1,Utilities,Positive,62.6,High,562.67,0,519.8699999999999,88.49684801200168,10.652148418916797
2021-09-17,1664,2254.1,2747.95,0.06,2962.08,normal,627.0,0.37,310.87,111.81,5,1673.62,90,1,71.5,2176.83,Freelance,499.62,Investments,Positive,40.8,Low,0.0,0,-493.8499999999999,121.90896588438844,13.79131360631738
2021-10-17,1882,5347.9,4229.26,0.37,2773.39,inflation,639.0,0.59,383.98,371.72,7,2412.13,92,0,449.53,2115.78,Salary,1663.95,Rent,Positive,93.6,Medium,1587.18,0,1118.6399999999994,79.08263056526862,7.180014585164271
2021-11-16,1228,3473.49,2846.66,0.34,3218.67,normal,640.0,0.23,956.45,409.35,6,359.86,83,0,365.85,1498.27,Salary,982.54,Dining Out,Negative,33.7,Medium,219.26,0,626.8299999999999,81.9538849975097,27.535706162965777
2021-12-16,1756,2288.96,3702.8999999999996,0.3,3148.11,normal,656.0,0.47,563.98,317.43,1,897.06,33,0,535.46,2352.47,Freelance,814.97,Dining Out,Negative,75.1,Medium,0.0,0,-1413.9399999999996,161.77215853488045,24.639137424856706
2022-01-15,1509,4723.72,3534.2799999999997,0.35,2942.07,normal,648.0,0.33,134.92,259.89,1,935.92,62,0,389.75,2121.33,Salary,1023.2,Healthcare,Neutral,92.0,High,3057.59,1,1189.4400000000005,74.81984537610188,2.8562234848805597
2022-02-14,1769,3548.63,2710.72,0.3,3203.3,inflation,702.0,0.59,407.48,244.93,4,1070.11,83,0,432.16,1646.46,Salary,632.1,Dining Out,Positive,60.4,Medium,602.42,0,837.9100000000003,76.3877890904377,11.482741226896014
2022-03-16,1750,4056.64,3989.4999999999995,0.17,2822.13,inflation,649.0,0.25,542.19,359.37,5,1258.19,63,0,309.1,2440.89,Salary,1239.51,Insurance,Neutral,1.4,Low,1292.15,0,67.14000000000033,98.34493571034156,13.365494596513372
2022-04-15,1565,4879.61,3280.2200000000003,0.17,3469.88,normal,657.0,0.18,438.02,269.52,9,1667.98,40,0,709.07,1495.18,Freelance,1075.97,Dining Out,Positive,51.3,Low,1551.54,0,1599.3899999999994,67.22299528036054,8.976537059314166
2022-05-15,1494,2506.27,3483.41,0.15,3988.36,normal,700.0,0.36,803.75,217.53,2,1690.67,77,0,928.48,1711.83,Freelance,843.1,Education,Negative,54.6,Low,368.1,0,-977.1399999999999,138.9878185510739,32.06956951964473
2022-06-14,1589,2791.96,3070.61,0.05,3029.16,inflation,661.0,0.15,177.3,50.42,1,499.52,59,0,578.31,1469.67,Salary,1022.63,Education,Neutral,82.3,Low,0.0,0,-278.6500000000001,109.98044384590038,6.350377512571814
2022-07-14,1678,2367.41,2865.57,0.27,2532.28,normal,668.0,0.22,669.72,485.37,7,196.47,55,1,412.89,1121.21,Salary,1331.47,Healthcare,Positive,80.1,Low,0.47,0,-498.1600000000003,121.04240499110843,28.28914298748422
2022-08-13,1079,3674.29,4080.0,0.07,2325.51,normal,812.0,0.49,337.69,317.35,7,992.21,84,0,428.84,2250.66,Salary,1400.5,Education,Positive,48.3,Medium,1382.66,0,-405.71000000000004,111.0418611486845,9.190619140024332
2022-09-12,1998,4997.92,4251.95,0.16,2001.26,inflation,772.0,0.45,252.7,237.12,1,0.0,23,0,892.63,2629.39,Freelance,729.93,Transportation,Neutral,32.4,Low,305.43,0,745.9700000000003,85.0743909466338,5.056103338989018
2022-10-12,1813,5782.05,3294.77,0.37,3226.92,inflation,696.0,0.24,395.89,298.8,3,849.83,94,0,0.0,2276.15,Salary,1018.62,Groceries,Positive,42.2,Medium,2107.51,0,2487.28,56.98273103829956,6.846879566935601
2022-11-11,1212,5144.22,3586.41,0.4,2116.16,inflation,752.0,0.26,394.54,680.59,2,1278.67,26,0,165.74,1999.85,Salary,1420.82,Investments,Positive,32.1,Low,3981.9,1,1557.8100000000004,69.71727492214562,7.669578672762829
2022-12-11,1578,3968.41,2455.72,0.07,3064.73,normal,748.0,0.24,442.87,449.18,3,882.17,93,0,177.64,1439.32,Freelance,838.76,Transportation,Neutral,75.7,High,0.0,0,1512.69,61.88171081113091,11.1598851933142
2023-01-10,1221,3299.78,5210.25,0.27,3246.7,inflation,693.0,0.3,428.05,0.0,1,1253.87,28,0,530.65,2714.9,Salary,1964.7,Rent,Positive,95.2,Low,0.0,0,-1910.4699999999998,157.89689009570333,12.972076926340542
2023-02-09,1297,4091.62,3666.5700000000006,0.06,2451.36,recession,681.0,0.41,390.24,17.75,2,904.48,30,0,533.97,2025.72,Freelance,1106.88,Dining Out,Negative,35.2,High,726.37,0,425.0499999999993,89.61169414559515,9.537542587043763
2023-03-11,1642,4814.81,4308.13,0.34,2271.95,normal,769.0,0.43,516.65,654.73,8,1460.49,20,0,662.24,2501.98,Freelance,1143.91,Groceries,Neutral,29.3,Low,2019.61,0,506.6800000000003,89.47663563048178,10.730433807356883
2023-04-10,1684,4546.78,4514.38,0.12,2110.77,normal,583.0,0.26,363.02,436.14,2,1332.17,77,0,305.12,2884.28,Freelance,1324.98,Utilities,Positive,50.3,Medium,1713.77,0,32.399999999999636,99.28740779188789,7.9841118329895
2023-05-10,1346,4001.4,3456.8700000000003,0.14,3651.38,recession,606.0,0.3,497.99,357.93,6,1259.23,24,0,526.9,1804.4,Freelance,1125.57,Healthcare,Positive,27.0,Low,16.46,0,544.5299999999997,86.39151297046035,12.445394112060779
2023-06-09,1367,5792.43,3645.43,0.4,2173.03,normal,682.0,0.16,424.06,213.55,3,1345.83,36,0,721.06,2176.12,Salary,748.25,Groceries,Positive,80.9,High,1996.35,0,2147.0000000000005,62.934381598051246,7.320934391956397
2023-07-09,1304,3837.97,3461.33,0.18,2712.58,inflation,716.0,0.41,356.25,352.43,2,1395.87,38,0,547.1,1500.55,Mixed,1413.68,Dining Out,Positive,65.9,Low,757.24,0,376.6399999999999,90.18647878956844,9.282250773195205
2023-08-08,1076,3718.44,5044.650000000001,0.19,2358.98,normal,680.0,0.59,365.27,0.0,6,1793.79,37,0,406.21,2921.71,Salary,1716.73,Insurance,Positive,69.6,Medium,784.58,0,-1326.2100000000005,135.66576306192923,9.823205430234182
2023-09-07,1537,5138.61,4818.13,0.29,2728.63,normal,713.0,0.18,766.02,313.06,9,932.81,43,0,980.04,2559.91,Salary,1278.18,Education,Positive,62.6,Low,2853.25,1,320.47999999999956,93.7632939647103,14.907144149877109
2023-10-07,1933,6079.53,4139.799999999999,0.22,2864.57,normal,685.0,0.51,447.13,664.0,1,1045.78,20,0,439.98,2437.29,Mixed,1262.53,Investments,Neutral,74.1,High,1546.27,0,1939.7300000000005,68.09407964102488,7.354680378252924
2023-11-06,1241,3771.22,3520.11,0.32,2979.76,recession,727.0,0.46,459.2,541.03,6,1602.49,73,0,270.15,1849.38,Salary,1400.58,Healthcare,Positive,39.1,Low,0.0,0,251.10999999999967,93.34141206293985,12.176430969288452
2019-01-01,1017,3589.97,4316.76,0.05,3083.59,inflation,608.0,0.25,257.02,312.7,1,855.49,80,0,547.19,2914.13,Salary,855.44,Education,Negative,83.6,Medium,863.6,0,-726.7900000000004,120.24501597506388,7.159391304105606
2019-01-31,1121,3762.45,4480.17,0.2,3338.04,normal,762.0,0.46,442.66,701.87,1,1271.44,68,0,592.1,2585.21,Salary,1302.86,Transportation,Positive,48.9,Medium,2049.98,0,-717.7200000000003,119.07586811784876,11.765206182141956
2019-03-02,1436,5412.31,3596.02,0.16,3514.24,normal,761.0,0.47,381.71,371.93,8,1012.52,87,0,485.92,2238.0,Salary,872.1,Dining Out,Neutral,42.9,Medium,3812.22,1,1816.2900000000004,66.44150094876309,7.052626327760235
2019-04-01,1570,3034.42,4076.2799999999997,0.28,3043.21,normal,668.0,0.28,714.36,292.83,1,1274.66,21,0,551.7,2484.35,Freelance,1040.23,Groceries,Neutral,31.1,Low,0.0,0,-1041.8599999999997,134.33473283197446,23.541895980121406
2019-05-01,1023,4906.9,4562.99,0.14,2855.85,normal,645.0,0.31,521.18,41.58,2,999.27,38,0,464.28,2756.06,Salary,1342.65,Entertainment,Negative,27.8,Low,2353.19,0,343.90999999999985,92.99129796816727,10.62136990768102
2019-05-31,1103,4449.16,3396.79,0.1,3124.74,inflation,709.0,0.37,685.28,624.06,6,0.0,93,0,768.56,1516.18,Salary,1112.05,Healthcare,Positive,59.1,Low,1516.32,0,1052.37,76.34677107588848,15.402457992070412
2019-06-30,1668,6392.56,4123.3,0.15,2516.95,normal,736.0,0.5,594.2,550.83,6,1647.33,25,0,577.06,2319.01,Mixed,1227.23,Transportation,Positive,65.5,Low,3360.77,1,2269.26,64.50154554669804,9.295180647502722
2019-07-30,1200,2963.42,4308.43,0.14,3342.9,normal,716.0,0.4,531.41,494.25,8,1829.8,26,0,281.63,2672.15,Salary,1354.65,Rent,Positive,89.3,High,0.0,0,-1345.0100000000002,145.3870865419009,17.93232143941797
2019-08-29,1607,1988.41,3620.44,0.18,2064.93,normal,685.0,0.15,173.49,0.0,7,1106.14,39,0,372.8,2435.91,Freelance,811.73,Investments,Positive,35.2,Medium,0.0,0,-1632.03,182.07713700896696,8.725061732741235
2019-09-28,1087,4045.07,3362.22,0.24,2691.5,normal,652.0,0.21,678.91,340.77,6,1266.38,99,0,557.61,1893.1,Salary,911.51,Dining Out,Positive,55.1,High,1026.91,0,682.8500000000004,83.11895715030889,16.783640332552956
2019-10-28,1860,3105.32,4120.469999999999,0.29,3082.91,normal,655.0,0.34,355.22,547.17,8,1116.9,89,0,686.77,2002.55,Freelance,1431.15,Transportation,Positive,97.7,High,553.96,0,-1015.1499999999992,132.690672780905,11.43907874228743
2019-11-27,1570,3873.08,4637.49,0.24,2344.84,inflation,715.0,0.42,456.39,542.11,9,332.7,37,0,776.79,1890.7,Salary,1970.0,Healthcare,Positive,37.0,Low,466.03,0,-764.4099999999999,119.73648878928398,11.783645057680193
2019-12-27,1642,3306.56,4237.860000000001,0.28,2816.23,normal,668.0,0.13,270.83,818.92,7,1064.48,56,1,222.52,2888.05,Salary,1127.29,Transportation,Neutral,20.8,Medium,0.0,0,-931.3000000000006,128.165223071712,8.190687602825896
2020-01-26,1603,4408.77,4779.27,0.11,2672.12,normal,728.0,0.45,646.13,289.43,8,1194.49,96,0,546.06,2838.96,Mixed,1394.25,Insurance,Positive,59.3,Low,2921.95,1,-370.5,108.40370443457019,14.655561528498875
2020-02-25,1755,2333.97,3861.8500000000004,0.29,2591.53,normal,649.0,0.57,895.03,493.96,3,1245.38,87,0,292.21,2806.17,Freelance,763.47,Education,Positive,74.4,Medium,0.0,0,-1527.8800000000006,165.4627094607043,38.34796505524921
2020-03-26,1938,1634.88,5108.700000000001,0.14,2389.2,normal,622.0,0.12,280.81,544.65,8,1196.04,31,0,527.18,3060.86,Freelance,1520.66,Utilities,Negative,36.8,High,612.29,0,-3473.8200000000006,312.48165002935997,17.17618418477197
2020-04-25,1529,3001.94,4243.84,0.13,3014.23,recession,667.0,0.13,859.22,110.94,5,158.97,64,0,766.06,1421.02,Salary,2056.76,Insurance,Negative,41.0,High,0.0,0,-1241.9,141.36991412220098,28.622157671372513
2020-05-25,1619,3910.25,5260.38,0.31,2256.79,recession,710.0,0.54,592.73,324.49,8,1198.11,91,0,417.42,3314.53,Salary,1528.43,Dining Out,Positive,76.4,Medium,1597.3,0,-1350.13,134.5279713573301,15.158365833386615
2020-06-24,1827,2171.37,3445.01,0.15,3247.58,inflation,685.0,0.13,478.95,513.26,2,0.0,20,0,633.72,1665.56,Salary,1145.73,Dining Out,Positive,90.5,Medium,309.41,0,-1273.6400000000003,158.65605585413817,22.057502866853646
2020-07-24,1001,3542.3,3617.7,0.16,2765.1,normal,755.0,0.19,722.67,156.73,9,1793.11,74,0,424.14,1312.69,Freelance,1880.87,Investments,Positive,72.3,Low,1422.83,0,-75.39999999999964,102.12856053976229,20.401151794032124
2020-08-23,1825,3677.49,5096.8,0.19,2571.56,recession,745.0,0.45,494.19,476.24,6,871.03,70,0,357.31,3564.66,Freelance,1174.83,Healthcare,Neutral,85.9,Medium,1627.44,0,-1419.3100000000004,138.5945305085806,13.438241844301412
2020-09-22,1726,5189.83,3839.04,0.39,3373.01,recession,717.0,0.17,382.35,356.08,4,525.89,68,0,453.29,2092.46,Freelance,1293.29,Investments,Positive,23.9,Medium,1413.31,0,1350.79,73.9723651834453,7.367293341015024
2020-10-22,1061,5662.9,3999.42,0.29,3156.62,recession,757.0,0.33,560.17,335.75,5,1349.06,56,0,734.8,2726.2,Salary,538.42,Dining Out,Negative,70.9,Low,2005.95,0,1663.4799999999996,70.62494481626022,9.891928164014905
2020-11-21,1899,3567.25,3225.23,0.08,2229.95,normal,720.0,0.37,154.93,162.2,4,1479.92,57,0,682.87,2019.73,Salary,522.63,Insurance,Positive,19.1,Medium,2499.11,1,342.02,90.4122223000911,4.343121452098956
2020-12-21,1606,2765.03,4844.85,0.06,2516.77,normal,765.0,0.56,405.48,326.93,2,0.0,66,0,609.73,2477.11,Salary,1758.01,Entertainment,Positive,23.7,Low,0.0,0,-2079.82,175.21871372100847,14.664578684498903
2021-01-20,1442,2139.48,3356.03,0.25,2591.05,normal,688.0,0.29,601.04,495.66,9,1860.88,98,0,340.98,1580.57,Salary,1434.48,Groceries,Negative,77.5,Low,356.95,0,-1216.5500000000002,156.86194776300783,28.09280759810795
2021-02-19,1114,4703.74,4504.33,0.36,3028.03,inflation,734.0,0.46,469.28,257.73,5,626.0,51,0,337.08,2798.89,Salary,1368.36,Transportation,Neutral,94.4,High,2154.3,0,199.40999999999985,95.76060751657192,9.976741911755326
2021-03-21,1383,6719.71,4201.83,0.21,3402.32,recession,656.0,0.45,804.08,386.81,8,2035.45,41,0,303.37,2541.14,Salary,1357.32,Education,Neutral,47.2,Medium,3095.27,0,2517.88,62.52993060712442,11.965992580036938
2021-04-20,1422,3145.64,4040.59,0.05,3104.11,normal,630.0,0.4,524.76,566.24,1,270.5,23,0,702.69,2086.69,Salary,1251.21,Dining Out,Negative,73.2,Low,176.95,0,-894.9500000000003,128.45049020231178,16.68213781615188
2021-05-20,1126,3323.18,4054.28,0.34,2140.74,normal,632.0,0.33,309.13,728.45,1,967.05,63,0,347.36,1975.94,Mixed,1730.98,Rent,Positive,46.5,Low,487.96,0,-731.1000000000004,122.00001203666369,9.302234606611739
2021-06-19,1474,4397.68,3802.48,0.17,2385.19,normal,618.0,0.51,472.33,536.84,2,551.22,91,0,743.73,2144.9,Freelance,913.85,Insurance,Negative,82.9,High,1528.72,0,595.2000000000003,86.46559094795437,10.740435866183986
2021-07-19,1148,3715.31,3160.21,0.12,2880.33,normal,686.0,0.23,572.62,340.35,8,1369.7,66,0,347.39,1971.13,Salary,841.69,Investments,Neutral,41.2,Low,265.45,0,555.0999999999999,85.05912023491985,15.412442030409307
2021-08-18,1061,3151.25,3478.82,0.11,3473.51,recession,705.0,0.29,815.94,259.86,8,1515.69,25,0,604.6,1712.89,Salary,1161.33,Rent,Positive,26.0,Low,922.64,0,-327.57000000000016,110.39492264974217,25.892582308607697
2021-09-17,1830,5657.79,3777.37,0.39,3379.92,recession,699.0,0.13,335.67,0.0,1,707.36,74,0,305.22,2246.46,Salary,1225.69,Insurance,Positive,53.2,Medium,3206.44,0,1880.42,66.76405451598593,5.932881920325781
2021-10-17,1271,3917.35,4543.14,0.25,2024.55,inflation,633.0,0.11,661.66,147.98,4,749.62,67,0,892.8,1518.04,Salary,2132.3,Entertainment,Positive,24.0,High,1757.17,0,-625.7900000000004,115.97482992328997,16.890499955326945
2021-11-16,1255,5865.23,2777.15,0.38,4028.47,normal,708.0,0.45,385.4,331.27,9,920.44,79,0,137.84,1185.71,Salary,1453.6,Groceries,Positive,48.7,Low,2198.84,0,3088.0799999999995,47.34937930822833,6.570927312313413
2021-12-16,1005,4621.77,3537.6699999999996,0.05,2779.03,normal,767.0,0.3,612.69,405.21,6,149.31,35,0,711.91,2145.24,Mixed,680.52,Healthcare,Positive,46.1,Low,1332.52,0,1084.1000000000008,76.54361857037453,13.256609480783336
2022-01-15,1339,3236.56,4812.99,0.13,2793.95,recession,683.0,0.28,305.32,269.23,4,1482.47,21,0,822.59,2466.9,Mixed,1523.5,Rent,Neutral,64.3,Low,0.0,0,-1576.4299999999998,148.70696047655537,9.433472575821241
2022-02-14,1580,4942.42,3244.46,0.08,3312.92,normal,754.0,0.23,399.71,458.55,5,895.11,71,0,870.33,1015.29,Freelance,1358.84,Groceries,Positive,6.7,Low,2171.54,0,1697.96,65.6451697751304,8.087333735295664
2022-03-16,1171,4718.97,3260.6000000000004,0.28,3399.58,normal,713.0,0.37,552.89,817.77,5,1403.7,86,0,514.05,1995.95,Salary,750.6,Education,Positive,57.8,High,1370.85,0,1458.37,69.09558653689258,11.716327927492651
2022-04-15,1636,5361.83,2838.83,0.34,2857.59,inflation,677.0,0.58,710.04,629.21,4,849.56,86,0,465.22,1687.28,Salary,686.33,Transportation,Positive,9.8,Low,2804.08,0,2523.0,52.94516983940184,13.242493700844674
2022-05-15,1730,3988.94,4056.42,0.16,3685.66,inflation,626.0,0.17,741.49,495.19,1,631.24,70,0,285.31,2843.3,Salary,927.81,Groceries,Negative,25.3,Low,1945.8,0,-67.48000000000002,101.69167748825502,18.58864761064343
2022-06-14,1813,3149.46,4199.72,0.18,3175.2,normal,708.0,0.55,356.67,718.61,2,1600.42,99,0,614.59,1943.0,Mixed,1642.13,Groceries,Positive,66.5,Low,0.0,0,-1050.2600000000002,133.34730398227,11.32479853689204
2022-07-14,1704,3737.92,4040.91,0.33,4194.51,recession,773.0,0.58,300.87,0.0,3,653.67,63,0,635.26,2365.06,Salary,1040.59,Education,Neutral,38.8,Low,760.1,0,-302.9899999999998,108.10584496190394,8.049128927317867
2022-08-13,1519,5455.07,4271.03,0.2,2297.22,normal,754.0,0.14,233.27,532.26,5,1470.04,42,0,470.47,2678.14,Freelance,1122.42,Transportation,Negative,40.3,Low,2618.0,1,1184.04,78.29468732756867,4.276205438243689
2022-09-12,1553,5558.89,4117.61,0.16,3851.46,normal,593.0,0.57,224.51,166.73,1,1234.22,35,0,409.61,2376.26,Freelance,1331.74,Dining Out,Neutral,98.6,Medium,4097.11,1,1441.2800000000007,74.07252167249216,4.0387559386856005
2022-10-12,1050,5144.68,3908.15,0.19,2709.53,normal,646.0,0.32,827.5,545.92,4,1328.28,99,0,663.84,1903.01,Freelance,1341.3,Investments,Neutral,8.1,Low,2437.67,0,1236.5300000000002,75.96488022578663,16.084576688929143
2022-11-11,1497,4408.5,3075.14,0.1,2607.66,normal,761.0,0.31,548.67,1014.45,9,1825.57,77,0,165.53,2021.6,Salary,888.01,Entertainment,Negative,66.3,High,1224.93,0,1333.3600000000001,69.75479187932403,12.44572984008166
2022-12-11,1835,4595.71,4316.5,0.25,2779.17,normal,615.0,0.12,105.1,842.22,6,851.32,41,0,406.52,3019.44,Salary,890.54,Entertainment,Positive,62.5,Low,4436.5,1,279.21000000000004,93.92455137508676,2.2869154058894057
2023-01-10,1260,3710.47,2307.18,0.29,2221.05,inflation,676.0,0.4,458.11,461.35,5,998.14,31,0,668.39,1000.0,Salary,638.79,Rent,Positive,82.3,High,328.26,0,1403.29,62.18026287774864,12.346414335650202
2023-02-09,1783,4493.7,3511.42,0.23,3067.35,normal,688.0,0.13,468.64,424.69,9,1027.44,27,0,448.09,2408.5,Salary,654.83,Utilities,Positive,13.6,Low,952.15,0,982.2799999999997,78.140952889601,10.42882257382558
2023-03-11,1714,3425.53,3729.05,0.11,1821.19,normal,662.0,0.21,320.81,437.86,7,1549.53,44,0,133.05,2050.99,Salary,1545.01,Healthcare,Positive,13.6,Low,1105.97,0,-303.52,108.86052669221988,9.365266104807139
2023-04-10,1291,3534.28,4124.58,0.1,1296.24,normal,761.0,0.13,0.0,502.91,2,1105.44,56,0,417.22,2126.88,Mixed,1580.48,Utilities,Positive,78.2,Medium,0.0,0,-590.2999999999997,116.70212886358749,0.0
2023-05-10,1250,6059.3,4821.0,0.36,2913.89,recession,698.0,0.48,276.0,596.98,1,1499.32,83,0,686.98,2392.21,Freelance,1741.81,Entertainment,Negative,47.3,Low,2828.11,0,1238.3000000000002,79.5636459657056,4.554981598534484
2023-06-09,1525,4407.44,3915.55,0.13,2545.35,normal,625.0,0.44,442.04,547.04,4,209.57,45,0,349.12,2416.05,Salary,1150.38,Education,Positive,60.6,Low,1724.05,0,491.8899999999994,88.83955311927106,10.029404824569365
2023-07-09,1201,3883.83,3977.0499999999997,0.12,3322.87,normal,694.0,0.24,631.3,237.93,5,1983.97,93,0,302.36,2766.93,Freelance,907.76,Insurance,Positive,11.2,Low,842.34,0,-93.2199999999998,102.40020804206156,16.254573449404326
2023-08-08,1275,4335.66,4449.39,0.36,2935.92,recession,795.0,0.21,586.96,370.94,3,551.27,94,0,253.69,2878.82,Salary,1316.88,Rent,Positive,9.0,High,1328.79,0,-113.73000000000047,102.62313004248489,13.5379619250587
2023-09-07,1108,2005.99,2446.44,0.32,3636.33,recession,719.0,0.55,511.48,286.02,8,909.45,47,0,233.64,1374.61,Mixed,838.19,Entertainment,Positive,29.1,Low,0.0,0,-440.45000000000005,121.95673956500282,25.497634584419664
2023-10-07,1317,3198.63,4165.1,0.31,3126.13,normal,624.0,0.53,620.3,561.44,1,1007.28,99,0,648.54,2034.08,Salary,1482.48,Entertainment,Positive,89.0,Low,0.0,0,-966.4700000000003,130.2151233496841,19.392677490050424
2023-11-06,1579,4783.39,4162.42,0.39,1480.23,normal,609.0,0.28,480.78,664.2,4,2225.82,33,0,522.71,2563.09,Salary,1076.62,Investments,Neutral,77.5,Low,1133.38,0,620.9700000000003,87.01820257181622,10.051030754339495
2019-01-01,1889,3046.65,5186.47,0.33,2908.95,normal,621.0,0.4,523.53,598.52,3,748.87,73,0,792.46,2696.17,Salary,1697.84,Transportation,Positive,77.4,Low,0.0,0,-2139.82,170.23517634122726,17.183792033873267
2019-01-31,1140,3857.63,3879.23,0.31,2982.6,inflation,639.0,0.24,560.63,267.57,1,335.28,57,0,315.68,1696.92,Freelance,1866.63,Education,Positive,35.6,High,1787.66,0,-21.59999999999991,100.55992928300537,14.533016385708322
2019-03-02,1969,4108.86,5228.2699999999995,0.23,2751.24,normal,692.0,0.23,740.6,533.59,1,1005.95,25,0,442.75,3832.2,Freelance,953.32,Education,Positive,97.9,Low,1376.75,0,-1119.4099999999999,127.24380971851073,18.024464206616923
2019-04-01,1057,4975.91,3856.1900000000005,0.13,3828.46,inflation,660.0,0.14,294.49,40.18,1,100.09,21,0,502.3,1878.9,Salary,1474.99,Dining Out,Positive,95.1,Low,1783.12,0,1119.7199999999993,77.49718142008196,5.918314438966943
2019-05-01,1203,2774.04,2414.77,0.26,3025.18,recession,722.0,0.4,749.97,231.8,6,1264.35,28,0,0.0,2114.77,Freelance,300.0,Entertainment,Positive,38.1,High,0.0,0,359.27,87.04885293651137,27.035298697927935
2019-05-31,1574,3391.05,4162.900000000001,0.36,2795.75,inflation,685.0,0.47,165.18,924.16,6,636.17,91,0,528.43,2799.05,Salary,835.42,Dining Out,Positive,87.1,Medium,1502.02,0,-771.8500000000004,122.76138659117383,4.871057637015084
2019-06-30,1363,4148.98,2833.78,0.15,3015.78,recession,592.0,0.59,319.0,126.64,1,1957.93,22,0,405.67,1595.64,Mixed,832.47,Utilities,Positive,43.5,Low,774.81,0,1315.1999999999994,68.30064256757083,7.688636725171007
2019-07-30,1964,3119.97,4548.8099999999995,0.39,2903.96,normal,689.0,0.15,88.74,223.52,2,1310.95,72,0,278.75,2877.75,Salary,1392.31,Insurance,Positive,93.5,Low,252.58,0,-1428.8399999999997,145.79659419802113,2.8442581178665183
2019-08-29,1541,3658.24,2920.0200000000004,0.18,2489.24,normal,684.0,0.6,250.23,661.53,6,955.7,28,0,282.09,1412.52,Freelance,1225.41,Investments,Positive,22.9,Medium,648.31,0,738.2199999999993,79.82035076976909,6.840174510146955
2019-09-28,1975,3195.06,2239.55,0.09,3431.81,normal,738.0,0.11,610.43,343.98,9,349.47,74,0,517.17,1059.52,Salary,662.86,Utilities,Positive,53.6,Low,2052.09,0,955.5099999999998,70.09414533686379,19.105431509893396
2019-10-28,1622,3316.88,2309.3799999999997,0.16,3308.06,normal,657.0,0.52,450.56,237.51,9,1140.89,30,0,248.06,1144.77,Salary,916.55,Healthcare,Negative,28.4,Medium,0.0,0,1007.5000000000005,69.62506934227345,13.5838498830226
2019-11-27,1821,4505.99,4212.71,0.18,3326.8,normal,712.0,0.38,569.62,863.13,9,922.02,40,0,847.83,2191.06,Salary,1173.82,Utilities,Positive,22.8,Medium,1149.42,0,293.27999999999975,93.49133042905112,12.641395120717092
2019-12-27,1103,4147.44,5682.04,0.17,2864.82,recession,655.0,0.36,824.75,160.43,3,683.93,63,0,417.61,3503.29,Salary,1761.14,Transportation,Positive,15.5,Medium,1813.0,0,-1534.6000000000004,137.0011380514245,19.8857608548888
2020-01-26,1872,4136.71,3972.87,0.33,2719.09,recession,696.0,0.4,307.57,15.69,2,1111.57,20,1,296.46,2135.55,Freelance,1540.86,Healthcare,Positive,69.0,Medium,994.58,0,163.84000000000015,96.03936461584206,7.435135651278431
2020-02-25,1274,3844.43,5179.66,0.17,1990.63,normal,697.0,0.3,363.42,678.57,8,747.35,55,0,249.0,3586.9,Salary,1343.76,Entertainment,Positive,37.4,Medium,1333.63,0,-1335.23,134.73154667922162,9.453156904924787
2020-03-26,1719,2096.05,3565.83,0.24,2905.61,recession,675.0,0.23,471.65,385.39,8,1105.46,87,0,514.62,1826.23,Salary,1224.98,Utilities,Positive,38.2,Medium,0.0,0,-1469.7799999999997,170.12141885928293,22.501848715440946
2020-04-25,1472,3764.76,3728.79,0.31,2450.86,inflation,678.0,0.47,512.46,211.66,9,846.86,96,0,694.38,2051.12,Salary,983.29,Insurance,Negative,96.6,Low,419.18,0,35.970000000000255,99.04456060944123,13.612023077168267
2020-05-25,1352,4561.96,4298.89,0.09,3748.59,inflation,650.0,0.19,258.36,333.67,4,1112.19,84,0,727.74,2052.55,Freelance,1518.6,Investments,Neutral,95.2,Low,2179.45,0,263.0699999999997,94.23339967908532,5.663355224508764
2020-06-24,1395,4848.12,5389.24,0.32,2353.06,recession,683.0,0.46,794.75,168.95,3,417.83,99,0,526.53,3205.27,Salary,1657.44,Insurance,Positive,77.3,Low,2233.76,0,-541.1199999999999,111.16143989835234,16.392952319662054
2020-07-24,1409,4088.89,4029.58,0.39,3200.46,normal,711.0,0.34,284.75,402.34,7,172.62,42,0,375.04,2557.64,Freelance,1096.9,Education,Positive,2.7,Medium,2217.24,0,59.309999999999945,98.54948408981411,6.963992672828079
2020-08-23,1177,2288.93,4489.93,0.14,3378.39,normal,650.0,0.32,412.71,629.77,5,961.66,54,0,518.1,1930.25,Salary,2041.58,Utilities,Positive,94.3,Low,0.0,0,-2201.0000000000005,196.1584670566597,18.030695565176742
2020-09-22,1971,4527.09,3259.0800000000004,0.12,2571.35,recession,658.0,0.45,633.83,884.1,1,327.58,22,0,175.03,1838.21,Salary,1245.84,Entertainment,Positive,97.5,Low,1067.52,0,1268.0099999999998,71.9906164887378,14.000826137761784
2020-10-22,1200,4085.78,4583.25,0.32,2188.42,normal,712.0,0.25,490.75,285.65,2,1061.38,79,0,763.2,2569.37,Salary,1250.68,Entertainment,Negative,41.3,Medium,544.29,0,-497.4699999999998,112.17564332881358,12.011170449706054
2020-11-21,1793,3333.01,2483.84,0.3,2355.67,normal,640.0,0.44,507.6,447.63,9,608.74,80,0,459.76,1508.47,Salary,515.61,Education,Negative,54.2,Low,251.75,0,849.1700000000001,74.52242867558154,15.229477259294152
2020-12-21,1112,4616.28,4207.219999999999,0.31,2572.41,recession,682.0,0.5,738.24,687.53,9,528.83,62,0,591.36,2694.35,Mixed,921.51,Groceries,Positive,90.9,Low,2145.53,0,409.0600000000004,91.13875241536475,15.992097533078583
2021-01-20,1972,3254.1,4029.2000000000003,0.09,2932.3,inflation,614.0,0.14,341.82,152.04,3,939.15,49,1,654.42,2334.65,Salary,1040.13,Groceries,Negative,24.2,Medium,0.0,0,-775.1000000000004,123.81918195507207,10.504286899603576
2021-02-19,1845,2521.06,3886.4300000000003,0.38,2527.71,normal,723.0,0.57,520.34,414.0,3,1269.8,38,0,664.34,1979.96,Mixed,1242.13,Insurance,Neutral,32.5,Medium,0.0,0,-1365.3700000000003,154.15856822130377,20.639730906840775
2021-03-21,1140,4527.17,4726.33,0.27,2388.43,normal,661.0,0.28,728.01,657.83,8,1083.87,26,0,709.98,2444.32,Salary,1572.03,Education,Neutral,57.7,Low,1273.05,0,-199.15999999999985,104.39921628743785,16.08090705672639
2021-04-20,1972,3981.14,5282.75,0.15,3392.84,normal,659.0,0.6,325.47,802.38,4,29.48,40,0,117.47,3458.21,Salary,1707.07,Education,Positive,14.8,Low,1426.09,0,-1301.6100000000001,132.69440411540415,8.175296523106448
2021-05-20,1755,5234.77,2979.67,0.19,2344.17,normal,686.0,0.57,527.26,697.75,8,1408.05,54,0,43.36,1939.32,Salary,996.99,Dining Out,Neutral,22.4,Low,2444.88,1,2255.1000000000004,56.92074341375074,10.072266785360197
2021-06-19,1891,4200.93,3815.9900000000002,0.27,3061.44,normal,544.0,0.55,1021.44,44.1,3,1969.86,98,0,344.11,2701.03,Salary,770.85,Groceries,Negative,32.1,Low,1788.68,0,384.94000000000005,90.83679090106239,24.314616049303368
2021-07-19,1060,4745.85,3929.1,0.14,2402.46,inflation,768.0,0.58,332.26,333.84,2,250.1,40,0,409.04,2012.69,Freelance,1507.37,Groceries,Neutral,34.4,Low,720.82,0,816.7500000000005,82.79022725117734,7.001064087571246
2021-08-18,1927,5332.78,4768.05,0.38,2237.31,normal,604.0,0.38,517.24,553.71,6,449.66,92,0,684.91,3058.31,Salary,1024.83,Entertainment,Positive,22.2,Low,2006.19,0,564.7299999999996,89.41021380968276,9.6992562978409
2021-09-17,1440,4377.63,2938.88,0.39,3077.36,normal,692.0,0.29,266.4,736.35,8,82.81,43,0,429.96,1431.11,Salary,1077.81,Transportation,Negative,82.7,Low,1583.48,0,1438.75,67.1340428496698,6.085484611536378
2021-10-17,1380,4416.04,3804.25,0.39,2753.85,inflation,700.0,0.1,361.42,0.0,8,545.98,43,0,143.84,2082.64,Salary,1577.77,Utilities,Positive,46.0,High,1667.44,0,611.79,86.14618527006095,8.184255577395133
2021-11-16,1625,4898.97,4030.16,0.18,3391.34,normal,666.0,0.11,766.84,467.32,2,894.36,76,0,500.72,2054.1,Mixed,1475.34,Dining Out,Positive,14.0,Medium,1595.91,0,868.8100000000004,82.26545579989264,15.653086260989554
2021-12-16,1057,4668.63,3001.15,0.19,2274.37,recession,694.0,0.22,553.57,0.0,2,1169.19,23,0,361.98,1982.72,Salary,656.45,Education,Positive,63.2,Medium,1528.1,0,1667.48,64.28331223506682,11.857225781439096
2022-01-15,1223,4476.38,3761.59,0.4,1749.03,normal,634.0,0.57,672.52,367.22,6,954.26,99,0,526.51,2059.92,Salary,1175.16,Healthcare,Negative,31.8,Low,1253.56,0,714.79,84.03196332751017,15.023746866887977
2022-02-14,1518,4102.03,4731.39,0.27,2097.5,inflation,733.0,0.31,439.8,448.72,5,150.0,23,0,666.59,2983.82,Salary,1080.98,Investments,Negative,97.2,Low,1399.03,0,-629.3600000000006,115.34264742091112,10.72152080799019
2022-03-16,1613,4500.81,2753.73,0.13,2160.4,inflation,633.0,0.24,448.69,575.98,3,1454.65,27,0,389.36,1312.4,Salary,1051.97,Insurance,Positive,20.9,Low,1069.32,0,1747.0800000000004,61.18298706232878,9.969094451887548
2022-04-15,1475,4827.33,3913.64,0.24,2766.82,inflation,705.0,0.3,474.42,682.25,8,1443.89,24,0,486.31,2505.71,Salary,921.62,Entertainment,Positive,76.7,High,1853.46,0,913.69,81.07255977942258,9.827793003585834
2022-05-15,1992,4478.42,3224.13,0.08,3211.82,normal,720.0,0.43,705.09,200.03,3,134.96,45,0,768.95,1399.35,Salary,1055.83,Insurance,Positive,6.2,Low,1344.36,0,1254.29,71.99257773947062,15.74416870235485
2022-06-14,1980,2832.07,4721.25,0.19,1714.11,inflation,647.0,0.49,395.16,553.13,8,935.26,30,0,385.27,3419.11,Salary,916.87,Education,Positive,55.1,Low,1274.96,0,-1889.1799999999998,166.70668450991678,13.953044945922946
2022-07-14,1565,4891.76,4153.2,0.28,1825.61,recession,643.0,0.17,608.48,0.0,8,1564.69,99,0,355.87,2069.32,Salary,1728.01,Investments,Positive,33.7,Low,1681.37,0,738.5600000000004,84.90195757764076,12.438876805076292
2022-08-13,1265,1980.37,3252.39,0.2,2585.87,normal,615.0,0.41,549.93,370.39,1,1308.53,76,0,339.73,1931.89,Salary,980.77,Healthcare,Neutral,57.2,Medium,0.0,0,-1272.02,164.2314315001742,27.769053257724565
2022-09-12,1749,4545.67,4520.02,0.23,3041.63,normal,729.0,0.29,680.71,403.78,7,704.44,84,0,614.35,2331.66,Salary,1574.01,Entertainment,Positive,40.9,Medium,2159.19,0,25.649999999999636,99.43572674655222,14.974910189257029
2022-10-12,1932,4779.21,3502.82,0.05,3225.64,normal,688.0,0.18,499.08,462.01,3,1125.11,80,0,423.15,1623.55,Salary,1456.12,Insurance,Positive,11.1,Low,858.79,0,1276.3899999999999,73.29286639423671,10.442730074635765
2022-11-11,1763,4194.95,4046.63,0.32,3338.56,recession,682.0,0.58,125.12,220.85,1,1045.59,32,0,376.22,1945.68,Freelance,1724.73,Rent,Positive,29.3,Low,1324.96,0,148.3199999999997,96.4643201945196,2.9826338812143174
2022-12-11,1857,3849.63,2309.9900000000002,0.32,1451.79,normal,706.0,0.12,603.6,601.7,5,887.18,28,0,722.86,1000.0,Mixed,587.13,Dining Out,Negative,62.5,Low,276.74,0,1539.6399999999999,60.00550702275284,15.67942893213114
2023-01-10,1378,4781.64,4795.27,0.3,3117.82,normal,715.0,0.11,435.78,81.4,7,690.1,59,0,668.84,2504.07,Salary,1622.36,Healthcare,Neutral,19.5,High,0.0,0,-13.63000000000011,100.28504864439816,9.113609556553817
2023-02-09,1303,1794.54,5214.84,0.29,2882.37,normal,731.0,0.55,773.54,79.93,9,1547.32,86,0,612.85,2219.94,Salary,2382.05,Utilities,Negative,2.5,Medium,0.0,0,-3420.3,290.5948042395266,43.10519687496517
2023-03-11,1114,4230.4,2806.69,0.11,3329.11,normal,663.0,0.34,625.97,296.01,3,1024.14,81,0,353.98,2086.6,Mixed,366.11,Healthcare,Positive,93.2,Medium,1680.46,0,1423.7099999999996,66.34573562783662,14.79694591527988
2023-04-10,1918,4701.5,5310.62,0.1,2556.09,normal,679.0,0.5,461.47,619.9,7,206.58,97,0,319.16,3140.73,Salary,1850.73,Transportation,Positive,66.6,High,1875.04,0,-609.1199999999999,112.9558651494204,9.815378070828459
2023-05-10,1152,4634.02,3663.3799999999997,0.39,2527.64,inflation,672.0,0.12,787.72,0.0,9,932.07,47,1,323.31,2075.98,Salary,1264.09,Transportation,Positive,45.0,High,1744.71,0,970.6400000000008,79.05403947328668,16.998631857436955
2023-06-09,1137,5069.41,4237.84,0.35,2332.08,recession,636.0,0.59,895.85,0.0,9,934.81,81,0,370.07,2682.15,Salary,1185.62,Transportation,Positive,31.0,Low,1905.86,0,831.5699999999997,83.59631594209188,17.671681714440144
2023-07-09,1137,4923.67,3715.4500000000003,0.07,3242.19,normal,689.0,0.59,227.65,431.04,1,722.28,87,0,575.84,1953.72,Salary,1185.89,Rent,Neutral,90.0,Medium,2111.11,0,1208.2199999999998,75.46098743417005,4.623583627659855
2023-08-08,1292,4335.15,4154.63,0.28,2305.0,normal,792.0,0.33,706.76,5.8,2,1044.93,44,0,351.12,2410.97,Salary,1392.54,Utilities,Negative,33.1,Low,1609.95,0,180.51999999999953,95.8358995651823,16.303011429823652
2023-09-07,1651,3756.91,4363.82,0.24,2982.2,normal,632.0,0.38,459.71,230.33,5,485.76,88,0,196.84,3119.97,Salary,1047.01,Entertainment,Negative,41.2,Low,883.3,0,-606.9099999999999,116.15449930927278,12.236385753185463
2023-10-07,1265,3703.98,4994.97,0.15,3138.36,inflation,627.0,0.12,133.25,524.12,6,794.85,59,0,1029.84,2069.51,Mixed,1895.62,Healthcare,Positive,18.1,Medium,715.46,0,-1290.9900000000002,134.8541298819108,3.5974816278705606
2023-11-06,1027,3598.08,3543.0899999999997,0.21,3437.93,recession,640.0,0.32,591.18,779.54,5,686.19,48,0,611.64,1729.19,Salary,1202.26,Transportation,Positive,44.3,High,1020.88,0,54.99000000000024,98.4716848986126,16.430429562433297
2019-01-01,1080,4545.36,4474.58,0.34,2466.77,recession,763.0,0.34,457.27,420.3,3,1138.46,60,0,423.1,2366.2,Freelance,1685.28,Groceries,Positive,33.6,Low,2012.59,0,70.77999999999975,98.44280761039829,10.060149251104423
2019-01-31,1581,2892.75,3504.01,0.26,2904.2,normal,687.0,0.35,416.21,728.46,3,701.69,83,0,105.01,2285.0,Freelance,1114.0,Dining Out,Neutral,37.1,Low,107.2,0,-611.2600000000002,121.13075792930603,14.388039063175178
2019-03-02,1015,4794.07,4474.99,0.39,2463.0,recession,640.0,0.29,353.47,0.0,6,1127.83,44,0,495.9,2294.82,Freelance,1684.27,Dining Out,Positive,81.4,Low,2406.35,0,319.0799999999999,93.34427740938284,7.373067143366701
2019-04-01,1354,4100.14,3901.37,0.24,3013.49,normal,744.0,0.43,575.77,595.97,4,1053.51,85,0,358.0,1937.24,Mixed,1606.13,Rent,Neutral,13.0,Low,2048.82,0,198.77000000000044,95.15211675698878,14.042691225177675
2019-05-01,1799,3614.14,2842.7000000000003,0.27,3259.97,recession,648.0,0.2,503.12,797.97,9,967.62,91,0,738.36,1151.84,Salary,952.5,Insurance,Neutral,89.4,Medium,0.0,0,771.4399999999996,78.65494972524584,13.920877442489775
2019-05-31,1414,5293.31,4304.2,0.13,3132.23,inflation,650.0,0.15,563.19,0.0,9,1397.58,61,0,330.68,2161.19,Salary,1812.33,Insurance,Positive,47.6,Low,2451.47,0,989.1100000000006,81.31396045196672,10.639656472037345
2019-06-30,1572,3331.15,4067.3999999999996,0.2,2919.34,normal,667.0,0.19,193.92,455.14,2,742.87,85,0,686.7,2517.08,Salary,863.62,Investments,Positive,53.7,Low,1212.64,0,-736.2499999999995,122.10197679480058,5.821413025531723
2019-07-30,1422,5941.25,3894.26,0.07,2811.88,normal,686.0,0.35,375.36,175.61,1,941.36,30,0,651.86,2515.65,Salary,726.75,Education,Positive,35.5,High,3180.71,1,2046.9899999999998,65.54613928045445,6.317862402693036
2019-08-29,1171,4373.5,4219.52,0.15,2364.9,normal,681.0,0.57,280.56,614.43,2,1583.72,71,0,390.81,2605.64,Salary,1223.07,Entertainment,Positive,83.8,High,1294.98,0,153.97999999999956,96.47925002858125,6.414999428375443
2019-09-28,1825,3270.53,5443.9800000000005,0.31,2727.97,recession,620.0,0.18,604.15,778.78,4,995.67,50,0,564.55,3401.18,Salary,1478.25,Insurance,Neutral,41.9,High,0.0,0,-2173.4500000000003,166.4555897667962,18.47254114776504
2019-10-28,1825,4569.73,3857.7599999999998,0.17,2844.53,inflation,703.0,0.58,542.89,708.07,2,519.0,34,0,488.43,2242.08,Salary,1127.25,Dining Out,Negative,82.6,Medium,1571.54,0,711.9699999999998,84.41986725692765,11.880132961903659
2019-11-27,1502,4074.98,5418.389999999999,0.37,2054.54,inflation,654.0,0.25,305.42,692.32,1,1243.48,48,0,717.86,3050.1,Freelance,1650.43,Healthcare,Positive,95.4,Medium,272.63,0,-1343.4099999999994,132.96727836701038,7.495006110459439
2019-12-27,1584,4819.38,5438.49,0.08,3172.58,normal,604.0,0.45,563.5,465.6,3,966.55,72,0,793.26,3060.69,Salary,1584.54,Investments,Positive,54.2,High,2689.31,0,-619.1099999999997,112.84625823238675,11.692375367785896
2020-01-26,1668,3497.41,4719.2,0.1,2507.54,inflation,650.0,0.21,980.37,531.63,2,1686.95,69,0,745.91,3182.4,Salary,790.89,Insurance,Positive,47.3,Low,0.0,0,-1221.79,134.93413697564768,28.03131460137645
2020-02-25,1901,2733.95,3258.6,0.18,3020.08,inflation,677.0,0.58,365.7,725.23,6,657.65,89,0,495.89,1856.22,Freelance,906.49,Groceries,Positive,86.1,Low,80.33,0,-524.6500000000001,119.19018270268293,13.376250480074617
2020-03-26,1788,5235.56,5035.070000000001,0.11,2463.44,inflation,706.0,0.42,826.13,471.72,2,981.71,75,0,455.22,2786.8,Salary,1793.05,Healthcare,Positive,98.7,Medium,1286.98,0,200.48999999999978,96.1706102117061,15.779209864847314
2020-04-25,1167,2108.86,4137.0199999999995,0.39,2092.26,recession,660.0,0.38,380.34,255.41,5,659.84,40,0,392.67,2158.27,Freelance,1586.08,Entertainment,Positive,86.7,Low,0.0,0,-2028.1599999999994,196.17328793755863,18.035336627372132
2020-05-25,1532,3578.14,4084.05,0.09,2344.06,recession,591.0,0.56,406.31,0.0,4,622.39,74,0,552.3,2086.62,Salary,1445.13,Dining Out,Positive,76.1,Medium,809.14,0,-505.9100000000003,114.13891016002728,11.355341043111784
2020-06-24,1688,3398.49,4280.26,0.2,3833.5,inflation,698.0,0.37,828.35,126.98,8,1115.66,52,0,378.85,2450.75,Salary,1450.66,Groceries,Negative,19.6,Low,202.33,0,-881.7700000000004,125.94593481222545,24.374060244402663
2020-07-24,1446,4757.04,3057.0699999999997,0.24,2490.21,inflation,601.0,0.53,376.17,90.01,3,977.01,92,0,404.84,1431.37,Salary,1220.86,Rent,Positive,83.4,Medium,734.96,0,1699.9700000000003,64.26412222726738,7.90764845366026
2020-08-23,1532,3330.29,4646.570000000001,0.4,3624.04,normal,685.0,0.53,511.23,171.1,3,1175.1,44,0,568.51,2385.59,Freelance,1692.47,Dining Out,Positive,28.8,Medium,200.98,0,-1316.2800000000007,139.52448585558616,15.350915385747188
2020-09-22,1384,5436.27,4435.700000000001,0.36,1934.64,normal,661.0,0.45,438.7,409.32,1,1264.36,93,0,601.31,2246.11,Salary,1588.28,Healthcare,Neutral,83.1,Medium,2451.13,1,1000.5699999999997,81.59454920377391,8.069871437584961
2020-10-22,1737,3664.43,3977.9300000000003,0.23,3302.16,normal,661.0,0.27,1176.88,0.0,4,9.65,77,0,428.05,2168.28,Salary,1381.6,Insurance,Negative,64.1,High,0.0,0,-313.50000000000045,108.55521868339689,32.11631822684565
2020-11-21,1118,3863.43,3266.4300000000003,0.3,2313.28,normal,589.0,0.22,277.83,249.34,8,1011.75,39,0,381.46,2232.63,Salary,652.34,Education,Positive,46.2,Low,236.66,0,596.9999999999995,84.5474099440135,7.191278216507094
2020-12-21,1946,2254.13,5446.67,0.13,2391.37,recession,735.0,0.25,642.43,308.36,2,598.24,63,0,428.13,3063.51,Salary,1955.03,Rent,Positive,75.3,High,426.15,0,-3192.54,241.63069565641732,28.500130870890317
2021-01-20,1689,4273.24,3694.4900000000002,0.34,1659.19,inflation,700.0,0.3,163.0,521.28,8,480.48,83,0,618.15,1555.72,Salary,1520.62,Investments,Neutral,94.9,Low,1984.58,1,578.7499999999995,86.45641246454682,3.814435884715111
2021-02-19,1363,4823.73,5250.549999999999,0.11,2673.76,normal,698.0,0.25,326.84,378.41,1,1665.82,51,0,418.02,3054.5,Salary,1778.03,Dining Out,Neutral,86.4,Low,2346.23,0,-426.8199999999997,108.84833935564386,6.77566945081918
2021-03-21,1443,4861.04,3888.61,0.24,2800.26,normal,578.0,0.17,471.2,645.87,7,1675.17,61,0,977.44,1453.88,Salary,1457.29,Education,Positive,30.4,Medium,776.85,0,972.4299999999998,79.99543307604957,9.693398943435973
2021-04-20,1010,5648.44,4019.92,0.34,3674.57,normal,641.0,0.47,121.07,262.16,2,1290.21,60,0,499.09,1602.6,Salary,1918.23,Investments,Positive,33.6,High,3314.63,0,1628.5199999999995,71.16867666116663,2.1434236709604777
2021-05-20,1134,3965.94,3265.3300000000004,0.24,2727.19,normal,811.0,0.19,551.28,614.36,9,748.35,24,0,500.59,2381.94,Freelance,382.8,Dining Out,Positive,90.9,High,236.39,0,700.6099999999997,82.33432679263933,13.900361578843853
2021-06-19,1340,3678.87,3849.1600000000003,0.13,3457.13,recession,712.0,0.31,1008.01,407.02,3,904.63,68,0,716.07,2044.41,Salary,1088.68,Groceries,Positive,81.5,Medium,0.0,0,-170.29000000000042,104.62886701623053,27.399989670741288
2021-07-19,1156,4750.44,4717.55,0.4,2444.19,normal,781.0,0.52,40.45,388.44,6,1143.81,41,0,497.51,2500.25,Salary,1719.79,Transportation,Positive,62.1,Low,1437.51,0,32.88999999999942,99.307643081483,0.8515000715723177
2021-08-18,1495,3791.23,4514.84,0.1,2468.39,normal,620.0,0.4,407.04,331.81,6,263.94,82,0,810.9,2354.17,Freelance,1349.77,Healthcare,Positive,87.9,Medium,1608.79,0,-723.6100000000001,119.08641786438703,10.736357329943052
2021-09-17,1863,4481.62,3939.8599999999997,0.18,3410.0,normal,718.0,0.18,253.33,226.09,3,270.58,63,0,706.62,2023.32,Mixed,1209.92,Insurance,Positive,47.4,Medium,223.75,0,541.7600000000002,87.91151413997616,5.652643463747484
2021-10-17,1026,5545.12,4587.84,0.24,3874.76,normal,722.0,0.15,502.38,476.52,9,1544.95,91,0,265.47,3119.43,Salary,1202.94,Groceries,Positive,86.1,Medium,2839.64,0,957.2799999999997,82.7365323022766,9.059858037337335
2021-11-16,1552,4110.99,2451.0099999999998,0.15,2782.81,recession,724.0,0.23,617.89,535.01,5,1655.32,80,0,199.98,1375.04,Freelance,875.99,Utilities,Positive,34.9,Medium,1996.61,0,1659.98,59.62091856219548,15.030199538310724
2021-12-16,1003,4757.29,5269.76,0.22,2479.19,normal,703.0,0.45,505.99,474.38,4,1480.14,69,0,667.41,2888.12,Salary,1714.23,Transportation,Neutral,76.4,Medium,1535.29,0,-512.4700000000003,110.77230944508322,10.636097442031073
2022-01-15,1393,3988.51,3650.3199999999997,0.18,3015.69,recession,759.0,0.47,449.98,83.17,3,445.1,31,0,309.24,2575.14,Salary,765.94,Insurance,Neutral,7.8,High,1076.66,0,338.1900000000005,91.52089376734669,11.281907278657945
2022-02-14,1859,5569.24,4177.09,0.3,1420.07,normal,711.0,0.45,383.95,261.48,7,1218.68,56,0,704.9,2117.77,Salary,1354.42,Groceries,Negative,1.0,Medium,1341.91,0,1392.1499999999996,75.00287292341505,6.89411840753855
2022-03-16,1370,4280.45,5066.99,0.23,3033.93,normal,621.0,0.24,257.52,748.77,3,1326.04,86,0,109.94,3438.13,Salary,1518.92,Insurance,Neutral,31.2,High,668.97,0,-786.54,118.37517083484212,6.0161898865773455
2022-04-15,1017,4381.37,2983.98,0.08,2397.67,normal,619.0,0.59,492.76,570.7,8,829.1,53,0,319.05,1804.62,Salary,860.31,Education,Positive,67.8,Medium,538.72,0,1397.3899999999999,68.10609466901906,11.246710503792192
2022-05-15,1737,685.28,2955.83,0.39,1872.0,inflation,647.0,0.34,581.47,603.27,1,1113.07,22,0,283.97,1198.89,Salary,1472.97,Education,Negative,97.0,High,0.0,0,-2270.55,431.33171842166706,84.85144758346954
2022-06-14,1422,3784.62,4243.39,0.31,2850.61,inflation,762.0,0.33,768.76,291.93,8,1328.51,25,0,721.39,2739.56,Freelance,782.44,Utilities,Negative,88.3,Low,1547.66,0,-458.77000000000044,112.12195676184136,20.312739456008792
2022-07-14,1047,3530.64,2375.52,0.39,3044.65,recession,706.0,0.17,278.87,154.1,8,1476.66,30,0,557.45,1014.29,Salary,803.78,Entertainment,Positive,10.8,Medium,1138.86,0,1155.12,67.28298552103868,7.898567965014842
2022-08-13,1505,4102.74,4294.6,0.27,2763.23,recession,655.0,0.54,354.77,124.01,2,901.13,84,0,891.01,2263.92,Salary,1139.67,Entertainment,Positive,30.3,Medium,1562.9,0,-191.86000000000058,104.67638699990741,8.647148003529349
2022-09-12,1065,3443.28,4424.43,0.26,2628.64,recession,718.0,0.49,235.5,424.02,1,1179.87,46,0,545.94,2720.59,Salary,1157.9,Investments,Neutral,31.6,Low,0.0,0,-981.1500000000001,128.49463302432565,6.839408935665993
2022-10-12,1421,4415.51,4287.85,0.22,3232.88,inflation,685.0,0.55,468.13,0.0,5,1482.55,33,0,531.76,2225.26,Salary,1530.83,Utilities,Positive,17.4,Medium,1594.46,0,127.65999999999985,97.1088277458323,10.601946321036527
2022-11-11,1744,4106.89,3874.4,0.31,2805.5,normal,639.0,0.26,554.53,712.04,7,628.71,36,0,298.07,2327.02,Salary,1249.31,Transportation,Negative,18.9,Medium,1571.66,0,232.49000000000024,94.3390253939112,13.502431280117069
2022-12-11,1030,4067.94,3988.53,0.34,2963.75,inflation,679.0,0.36,709.64,43.22,8,1087.31,78,0,65.61,2868.43,Freelance,1054.49,Groceries,Negative,38.9,Low,246.58,0,79.40999999999985,98.04790631130254,17.4447017409303
2023-01-10,1044,4501.42,3634.59,0.29,2276.92,recession,716.0,0.25,707.37,221.72,6,1765.13,67,0,525.57,2174.65,Mixed,934.37,Utilities,Negative,11.9,Medium,1832.71,0,866.8299999999999,80.74318770521303,15.714374575134068
2023-02-09,1046,5713.73,3215.86,0.1,2445.77,inflation,571.0,0.43,425.91,537.91,7,899.39,44,0,178.65,1000.0,Salary,2037.21,Investments,Positive,89.0,Medium,2776.43,1,2497.8699999999994,56.28302352403772,7.4541499160793405
2023-03-11,1113,3595.8,3865.59,0.15,2894.59,inflation,649.0,0.47,453.89,487.09,7,1012.64,45,0,483.73,1739.46,Salary,1642.4,Utilities,Positive,28.9,Low,0.0,0,-269.78999999999996,107.50292007341899,12.62278213471272
2023-04-10,1273,4235.87,4789.150000000001,0.26,3360.81,normal,652.0,0.5,928.93,503.43,9,1438.58,32,1,795.01,2898.36,Salary,1095.78,Groceries,Neutral,53.5,Low,2350.77,0,-553.2800000000007,113.06177951636856,21.93008756170515
2023-05-10,1949,4199.27,3860.9000000000005,0.32,2548.16,inflation,765.0,0.34,681.69,0.0,6,1189.41,53,0,909.8,1946.65,Salary,1004.45,Education,Negative,51.2,Low,2570.27,1,338.3699999999999,91.94217090113283,16.233535828846442
2023-06-09,1967,4158.12,2540.58,0.13,2856.85,normal,722.0,0.55,412.76,383.22,3,1623.24,20,0,576.14,1125.19,Salary,839.25,Healthcare,Positive,9.6,Low,0.0,0,1617.54,61.09924677498485,9.926601444883746
2023-07-09,1822,3254.55,4576.539999999999,0.17,2675.77,normal,704.0,0.3,285.16,597.74,9,466.11,81,0,408.23,2088.32,Mixed,2079.99,Healthcare,Positive,43.2,Low,0.0,0,-1321.9899999999989,140.61974773778246,8.76188720406815
2023-08-08,1907,2752.78,3446.07,0.26,2682.99,recession,697.0,0.12,417.06,587.44,7,807.86,21,0,167.78,2445.34,Salary,832.95,Entertainment,Neutral,46.0,Low,0.0,0,-693.29,125.1850856225343,15.150502401208959
2023-09-07,1464,3691.1,4297.7699999999995,0.12,3893.53,normal,626.0,0.12,621.01,286.47,6,780.17,34,0,275.53,3231.56,Salary,790.68,Utilities,Neutral,40.7,Medium,463.05,0,-606.6699999999996,116.43602178212456,16.824523854677466
2023-10-07,1346,3133.24,3582.81,0.08,2854.72,inflation,628.0,0.42,650.23,966.6,2,712.12,92,0,373.85,2305.14,Salary,903.82,Utilities,Positive,57.1,Low,0.0,0,-449.57000000000016,114.34840612273558,20.752639440323755
2023-11-06,1140,4090.06,4153.969999999999,0.23,2365.61,normal,655.0,0.46,117.15,0.0,5,902.69,78,0,695.36,3142.37,Salary,316.24,Entertainment,Positive,54.8,Low,543.23,0,-63.9099999999994,101.56256876427238,2.8642611599829833
